--
-- PostgreSQL database dump
--

-- Dumped from database version 15.6
-- Dumped by pg_dump version 16.2 (Ubuntu 16.2-1.pgdg22.04+1)

SET statement_timeout = 0;
SET lock_timeout = 0;
SET idle_in_transaction_session_timeout = 0;
SET client_encoding = 'UTF8';
SET standard_conforming_strings = on;
SELECT pg_catalog.set_config('search_path', '', false);
SET check_function_bodies = false;
SET xmloption = content;
SET client_min_messages = warning;
SET row_security = off;

SET default_tablespace = '';

SET default_table_access_method = heap;

--
-- Name: auth_group; Type: TABLE; Schema: public; Owner: avnadmin
--

CREATE TABLE public.auth_group (
    id integer NOT NULL,
    name character varying(150) NOT NULL
);


ALTER TABLE public.auth_group OWNER TO avnadmin;

--
-- Name: auth_group_id_seq; Type: SEQUENCE; Schema: public; Owner: avnadmin
--

ALTER TABLE public.auth_group ALTER COLUMN id ADD GENERATED BY DEFAULT AS IDENTITY (
    SEQUENCE NAME public.auth_group_id_seq
    START WITH 1
    INCREMENT BY 1
    NO MINVALUE
    NO MAXVALUE
    CACHE 1
);


--
-- Name: auth_group_permissions; Type: TABLE; Schema: public; Owner: avnadmin
--

CREATE TABLE public.auth_group_permissions (
    id bigint NOT NULL,
    group_id integer NOT NULL,
    permission_id integer NOT NULL
);


ALTER TABLE public.auth_group_permissions OWNER TO avnadmin;

--
-- Name: auth_group_permissions_id_seq; Type: SEQUENCE; Schema: public; Owner: avnadmin
--

ALTER TABLE public.auth_group_permissions ALTER COLUMN id ADD GENERATED BY DEFAULT AS IDENTITY (
    SEQUENCE NAME public.auth_group_permissions_id_seq
    START WITH 1
    INCREMENT BY 1
    NO MINVALUE
    NO MAXVALUE
    CACHE 1
);


--
-- Name: auth_permission; Type: TABLE; Schema: public; Owner: avnadmin
--

CREATE TABLE public.auth_permission (
    id integer NOT NULL,
    name character varying(255) NOT NULL,
    content_type_id integer NOT NULL,
    codename character varying(100) NOT NULL
);


ALTER TABLE public.auth_permission OWNER TO avnadmin;

--
-- Name: auth_permission_id_seq; Type: SEQUENCE; Schema: public; Owner: avnadmin
--

ALTER TABLE public.auth_permission ALTER COLUMN id ADD GENERATED BY DEFAULT AS IDENTITY (
    SEQUENCE NAME public.auth_permission_id_seq
    START WITH 1
    INCREMENT BY 1
    NO MINVALUE
    NO MAXVALUE
    CACHE 1
);


--
-- Name: auth_user; Type: TABLE; Schema: public; Owner: avnadmin
--

CREATE TABLE public.auth_user (
    id integer NOT NULL,
    password character varying(128) NOT NULL,
    last_login timestamp with time zone,
    is_superuser boolean NOT NULL,
    username character varying(150) NOT NULL,
    first_name character varying(150) NOT NULL,
    last_name character varying(150) NOT NULL,
    email character varying(254) NOT NULL,
    is_staff boolean NOT NULL,
    is_active boolean NOT NULL,
    date_joined timestamp with time zone NOT NULL
);


ALTER TABLE public.auth_user OWNER TO avnadmin;

--
-- Name: auth_user_groups; Type: TABLE; Schema: public; Owner: avnadmin
--

CREATE TABLE public.auth_user_groups (
    id bigint NOT NULL,
    user_id integer NOT NULL,
    group_id integer NOT NULL
);


ALTER TABLE public.auth_user_groups OWNER TO avnadmin;

--
-- Name: auth_user_groups_id_seq; Type: SEQUENCE; Schema: public; Owner: avnadmin
--

ALTER TABLE public.auth_user_groups ALTER COLUMN id ADD GENERATED BY DEFAULT AS IDENTITY (
    SEQUENCE NAME public.auth_user_groups_id_seq
    START WITH 1
    INCREMENT BY 1
    NO MINVALUE
    NO MAXVALUE
    CACHE 1
);


--
-- Name: auth_user_id_seq; Type: SEQUENCE; Schema: public; Owner: avnadmin
--

ALTER TABLE public.auth_user ALTER COLUMN id ADD GENERATED BY DEFAULT AS IDENTITY (
    SEQUENCE NAME public.auth_user_id_seq
    START WITH 1
    INCREMENT BY 1
    NO MINVALUE
    NO MAXVALUE
    CACHE 1
);


--
-- Name: auth_user_user_permissions; Type: TABLE; Schema: public; Owner: avnadmin
--

CREATE TABLE public.auth_user_user_permissions (
    id bigint NOT NULL,
    user_id integer NOT NULL,
    permission_id integer NOT NULL
);


ALTER TABLE public.auth_user_user_permissions OWNER TO avnadmin;

--
-- Name: auth_user_user_permissions_id_seq; Type: SEQUENCE; Schema: public; Owner: avnadmin
--

ALTER TABLE public.auth_user_user_permissions ALTER COLUMN id ADD GENERATED BY DEFAULT AS IDENTITY (
    SEQUENCE NAME public.auth_user_user_permissions_id_seq
    START WITH 1
    INCREMENT BY 1
    NO MINVALUE
    NO MAXVALUE
    CACHE 1
);


--
-- Name: django_admin_log; Type: TABLE; Schema: public; Owner: avnadmin
--

CREATE TABLE public.django_admin_log (
    id integer NOT NULL,
    action_time timestamp with time zone NOT NULL,
    object_id text,
    object_repr character varying(200) NOT NULL,
    action_flag smallint NOT NULL,
    change_message text NOT NULL,
    content_type_id integer,
    user_id integer NOT NULL,
    CONSTRAINT django_admin_log_action_flag_check CHECK ((action_flag >= 0))
);


ALTER TABLE public.django_admin_log OWNER TO avnadmin;

--
-- Name: django_admin_log_id_seq; Type: SEQUENCE; Schema: public; Owner: avnadmin
--

ALTER TABLE public.django_admin_log ALTER COLUMN id ADD GENERATED BY DEFAULT AS IDENTITY (
    SEQUENCE NAME public.django_admin_log_id_seq
    START WITH 1
    INCREMENT BY 1
    NO MINVALUE
    NO MAXVALUE
    CACHE 1
);


--
-- Name: django_content_type; Type: TABLE; Schema: public; Owner: avnadmin
--

CREATE TABLE public.django_content_type (
    id integer NOT NULL,
    app_label character varying(100) NOT NULL,
    model character varying(100) NOT NULL
);


ALTER TABLE public.django_content_type OWNER TO avnadmin;

--
-- Name: django_content_type_id_seq; Type: SEQUENCE; Schema: public; Owner: avnadmin
--

ALTER TABLE public.django_content_type ALTER COLUMN id ADD GENERATED BY DEFAULT AS IDENTITY (
    SEQUENCE NAME public.django_content_type_id_seq
    START WITH 1
    INCREMENT BY 1
    NO MINVALUE
    NO MAXVALUE
    CACHE 1
);


--
-- Name: django_migrations; Type: TABLE; Schema: public; Owner: avnadmin
--

CREATE TABLE public.django_migrations (
    id bigint NOT NULL,
    app character varying(255) NOT NULL,
    name character varying(255) NOT NULL,
    applied timestamp with time zone NOT NULL
);


ALTER TABLE public.django_migrations OWNER TO avnadmin;

--
-- Name: django_migrations_id_seq; Type: SEQUENCE; Schema: public; Owner: avnadmin
--

ALTER TABLE public.django_migrations ALTER COLUMN id ADD GENERATED BY DEFAULT AS IDENTITY (
    SEQUENCE NAME public.django_migrations_id_seq
    START WITH 1
    INCREMENT BY 1
    NO MINVALUE
    NO MAXVALUE
    CACHE 1
);


--
-- Name: django_session; Type: TABLE; Schema: public; Owner: avnadmin
--

CREATE TABLE public.django_session (
    session_key character varying(40) NOT NULL,
    session_data text NOT NULL,
    expire_date timestamp with time zone NOT NULL
);


ALTER TABLE public.django_session OWNER TO avnadmin;

--
-- Name: ticket_customer; Type: TABLE; Schema: public; Owner: avnadmin
--

CREATE TABLE public.ticket_customer (
    id bigint NOT NULL,
    name character varying(255) NOT NULL,
    opening_balance numeric(10,2) NOT NULL,
    user_id integer NOT NULL
);


ALTER TABLE public.ticket_customer OWNER TO avnadmin;

--
-- Name: ticket_customer_id_seq; Type: SEQUENCE; Schema: public; Owner: avnadmin
--

ALTER TABLE public.ticket_customer ALTER COLUMN id ADD GENERATED BY DEFAULT AS IDENTITY (
    SEQUENCE NAME public.ticket_customer_id_seq
    START WITH 1
    INCREMENT BY 1
    NO MINVALUE
    NO MAXVALUE
    CACHE 1
);


--
-- Name: ticket_hotel; Type: TABLE; Schema: public; Owner: avnadmin
--

CREATE TABLE public.ticket_hotel (
    id bigint NOT NULL,
    hotel_name character varying(255),
    area character varying(255),
    distance integer NOT NULL,
    city smallint,
    user_id integer NOT NULL,
    active boolean NOT NULL,
    CONSTRAINT ticket_hotel_distance_check CHECK ((distance >= 0))
);


ALTER TABLE public.ticket_hotel OWNER TO avnadmin;

--
-- Name: ticket_hotel_id_seq; Type: SEQUENCE; Schema: public; Owner: avnadmin
--

ALTER TABLE public.ticket_hotel ALTER COLUMN id ADD GENERATED BY DEFAULT AS IDENTITY (
    SEQUENCE NAME public.ticket_hotel_id_seq
    START WITH 1
    INCREMENT BY 1
    NO MINVALUE
    NO MAXVALUE
    CACHE 1
);


--
-- Name: ticket_hotelbooking; Type: TABLE; Schema: public; Owner: avnadmin
--

CREATE TABLE public.ticket_hotelbooking (
    id bigint NOT NULL,
    check_in date NOT NULL,
    check_out date NOT NULL,
    nights integer NOT NULL,
    hotel_id bigint NOT NULL,
    room_id bigint NOT NULL,
    voucher_id bigint NOT NULL,
    CONSTRAINT ticket_hotelbooking_nights_check CHECK ((nights >= 0))
);


ALTER TABLE public.ticket_hotelbooking OWNER TO avnadmin;

--
-- Name: ticket_hotelbooking_id_seq; Type: SEQUENCE; Schema: public; Owner: avnadmin
--

ALTER TABLE public.ticket_hotelbooking ALTER COLUMN id ADD GENERATED BY DEFAULT AS IDENTITY (
    SEQUENCE NAME public.ticket_hotelbooking_id_seq
    START WITH 1
    INCREMENT BY 1
    NO MINVALUE
    NO MAXVALUE
    CACHE 1
);


--
-- Name: ticket_issued; Type: TABLE; Schema: public; Owner: avnadmin
--

CREATE TABLE public.ticket_issued (
    id bigint NOT NULL,
    issued_by character varying(255),
    user_id integer NOT NULL
);


ALTER TABLE public.ticket_issued OWNER TO avnadmin;

--
-- Name: ticket_issued_id_seq; Type: SEQUENCE; Schema: public; Owner: avnadmin
--

ALTER TABLE public.ticket_issued ALTER COLUMN id ADD GENERATED BY DEFAULT AS IDENTITY (
    SEQUENCE NAME public.ticket_issued_id_seq
    START WITH 1
    INCREMENT BY 1
    NO MINVALUE
    NO MAXVALUE
    CACHE 1
);


--
-- Name: ticket_ledger; Type: TABLE; Schema: public; Owner: avnadmin
--

CREATE TABLE public.ticket_ledger (
    id bigint NOT NULL,
    payment numeric(10,2) NOT NULL,
    payment_date timestamp with time zone NOT NULL,
    description text,
    customer_id bigint,
    user_id integer NOT NULL,
    supplier_id bigint,
    status smallint
);


ALTER TABLE public.ticket_ledger OWNER TO avnadmin;

--
-- Name: ticket_ledger_id_seq; Type: SEQUENCE; Schema: public; Owner: avnadmin
--

ALTER TABLE public.ticket_ledger ALTER COLUMN id ADD GENERATED BY DEFAULT AS IDENTITY (
    SEQUENCE NAME public.ticket_ledger_id_seq
    START WITH 1
    INCREMENT BY 1
    NO MINVALUE
    NO MAXVALUE
    CACHE 1
);


--
-- Name: ticket_riyalprice; Type: TABLE; Schema: public; Owner: avnadmin
--

CREATE TABLE public.ticket_riyalprice (
    id bigint NOT NULL,
    created_at timestamp with time zone NOT NULL,
    price numeric(10,2) NOT NULL,
    user_id integer NOT NULL
);


ALTER TABLE public.ticket_riyalprice OWNER TO avnadmin;

--
-- Name: ticket_riyalprice_id_seq; Type: SEQUENCE; Schema: public; Owner: avnadmin
--

ALTER TABLE public.ticket_riyalprice ALTER COLUMN id ADD GENERATED BY DEFAULT AS IDENTITY (
    SEQUENCE NAME public.ticket_riyalprice_id_seq
    START WITH 1
    INCREMENT BY 1
    NO MINVALUE
    NO MAXVALUE
    CACHE 1
);


--
-- Name: ticket_roomrate; Type: TABLE; Schema: public; Owner: avnadmin
--

CREATE TABLE public.ticket_roomrate (
    id bigint NOT NULL,
    room_type smallint NOT NULL,
    date_from date,
    date_to date,
    riyal_price numeric(10,2) NOT NULL,
    riyal_rate numeric(10,2) NOT NULL,
    pkr_price numeric(10,2) NOT NULL,
    hotel_id bigint NOT NULL,
    user_id integer NOT NULL
);


ALTER TABLE public.ticket_roomrate OWNER TO avnadmin;

--
-- Name: ticket_roomrate_id_seq; Type: SEQUENCE; Schema: public; Owner: avnadmin
--

ALTER TABLE public.ticket_roomrate ALTER COLUMN id ADD GENERATED BY DEFAULT AS IDENTITY (
    SEQUENCE NAME public.ticket_roomrate_id_seq
    START WITH 1
    INCREMENT BY 1
    NO MINVALUE
    NO MAXVALUE
    CACHE 1
);


--
-- Name: ticket_supplier; Type: TABLE; Schema: public; Owner: avnadmin
--

CREATE TABLE public.ticket_supplier (
    id bigint NOT NULL,
    name character varying(255) NOT NULL,
    opening_balance numeric(10,2) NOT NULL,
    user_id integer NOT NULL
);


ALTER TABLE public.ticket_supplier OWNER TO avnadmin;

--
-- Name: ticket_supplier_id_seq; Type: SEQUENCE; Schema: public; Owner: avnadmin
--

ALTER TABLE public.ticket_supplier ALTER COLUMN id ADD GENERATED BY DEFAULT AS IDENTITY (
    SEQUENCE NAME public.ticket_supplier_id_seq
    START WITH 1
    INCREMENT BY 1
    NO MINVALUE
    NO MAXVALUE
    CACHE 1
);


--
-- Name: ticket_ticket; Type: TABLE; Schema: public; Owner: avnadmin
--

CREATE TABLE public.ticket_ticket (
    id bigint NOT NULL,
    created_at timestamp with time zone NOT NULL,
    pnr character varying(100) NOT NULL,
    sector character varying(255),
    passenger character varying(255),
    travel_date timestamp with time zone,
    return_date timestamp with time zone,
    airline character varying(255),
    sale numeric(10,2) NOT NULL,
    purchase numeric(10,2) NOT NULL,
    ticket_type character varying(2) NOT NULL,
    narration text,
    customer_id bigint NOT NULL,
    supplier_id bigint NOT NULL,
    user_id integer NOT NULL,
    excel_id integer,
    issued_by_id bigint,
    CONSTRAINT ticket_ticket_excel_id_check CHECK ((excel_id >= 0))
);


ALTER TABLE public.ticket_ticket OWNER TO avnadmin;

--
-- Name: ticket_ticket_id_seq; Type: SEQUENCE; Schema: public; Owner: avnadmin
--

ALTER TABLE public.ticket_ticket ALTER COLUMN id ADD GENERATED BY DEFAULT AS IDENTITY (
    SEQUENCE NAME public.ticket_ticket_id_seq
    START WITH 1
    INCREMENT BY 1
    NO MINVALUE
    NO MAXVALUE
    CACHE 1
);


--
-- Name: ticket_trip; Type: TABLE; Schema: public; Owner: avnadmin
--

CREATE TABLE public.ticket_trip (
    id bigint NOT NULL,
    flight character varying(10) NOT NULL,
    sector character varying(50) NOT NULL,
    departure date,
    arrival date
);


ALTER TABLE public.ticket_trip OWNER TO avnadmin;

--
-- Name: ticket_trip_id_seq; Type: SEQUENCE; Schema: public; Owner: avnadmin
--

ALTER TABLE public.ticket_trip ALTER COLUMN id ADD GENERATED BY DEFAULT AS IDENTITY (
    SEQUENCE NAME public.ticket_trip_id_seq
    START WITH 1
    INCREMENT BY 1
    NO MINVALUE
    NO MAXVALUE
    CACHE 1
);


--
-- Name: ticket_visa; Type: TABLE; Schema: public; Owner: avnadmin
--

CREATE TABLE public.ticket_visa (
    id bigint NOT NULL,
    riyal_rate numeric(10,2) NOT NULL,
    sale numeric(10,2) NOT NULL,
    sale_pkr numeric(10,2) NOT NULL,
    purchase numeric(10,2) NOT NULL,
    purchase_pkr numeric(10,2) NOT NULL,
    visa_type character varying(2) NOT NULL,
    duration character varying(2) NOT NULL,
    created_at timestamp with time zone NOT NULL,
    customer_id bigint,
    supplier_id bigint,
    user_id integer NOT NULL,
    pass_name character varying(255),
    pass_num character varying(10)
);


ALTER TABLE public.ticket_visa OWNER TO avnadmin;

--
-- Name: ticket_visa_id_seq; Type: SEQUENCE; Schema: public; Owner: avnadmin
--

ALTER TABLE public.ticket_visa ALTER COLUMN id ADD GENERATED BY DEFAULT AS IDENTITY (
    SEQUENCE NAME public.ticket_visa_id_seq
    START WITH 1
    INCREMENT BY 1
    NO MINVALUE
    NO MAXVALUE
    CACHE 1
);


--
-- Name: ticket_voucher; Type: TABLE; Schema: public; Owner: avnadmin
--

CREATE TABLE public.ticket_voucher (
    id bigint NOT NULL,
    created_at timestamp with time zone NOT NULL,
    updated_at timestamp with time zone NOT NULL,
    user_id integer NOT NULL,
    transport boolean NOT NULL
);


ALTER TABLE public.ticket_voucher OWNER TO avnadmin;

--
-- Name: ticket_voucher_id_seq; Type: SEQUENCE; Schema: public; Owner: avnadmin
--

ALTER TABLE public.ticket_voucher ALTER COLUMN id ADD GENERATED BY DEFAULT AS IDENTITY (
    SEQUENCE NAME public.ticket_voucher_id_seq
    START WITH 1
    INCREMENT BY 1
    NO MINVALUE
    NO MAXVALUE
    CACHE 1
);


--
-- Name: ticket_voucher_trip; Type: TABLE; Schema: public; Owner: avnadmin
--

CREATE TABLE public.ticket_voucher_trip (
    id bigint NOT NULL,
    voucher_id bigint NOT NULL,
    trip_id bigint NOT NULL
);


ALTER TABLE public.ticket_voucher_trip OWNER TO avnadmin;

--
-- Name: ticket_voucher_trip_id_seq; Type: SEQUENCE; Schema: public; Owner: avnadmin
--

ALTER TABLE public.ticket_voucher_trip ALTER COLUMN id ADD GENERATED BY DEFAULT AS IDENTITY (
    SEQUENCE NAME public.ticket_voucher_trip_id_seq
    START WITH 1
    INCREMENT BY 1
    NO MINVALUE
    NO MAXVALUE
    CACHE 1
);


--
-- Name: ticket_voucher_visas; Type: TABLE; Schema: public; Owner: avnadmin
--

CREATE TABLE public.ticket_voucher_visas (
    id bigint NOT NULL,
    voucher_id bigint NOT NULL,
    visa_id bigint NOT NULL
);


ALTER TABLE public.ticket_voucher_visas OWNER TO avnadmin;

--
-- Name: ticket_voucher_visas_id_seq; Type: SEQUENCE; Schema: public; Owner: avnadmin
--

ALTER TABLE public.ticket_voucher_visas ALTER COLUMN id ADD GENERATED BY DEFAULT AS IDENTITY (
    SEQUENCE NAME public.ticket_voucher_visas_id_seq
    START WITH 1
    INCREMENT BY 1
    NO MINVALUE
    NO MAXVALUE
    CACHE 1
);


--
-- Data for Name: auth_group; Type: TABLE DATA; Schema: public; Owner: avnadmin
--

COPY public.auth_group (id, name) FROM stdin;
1	Agent
\.


--
-- Data for Name: auth_group_permissions; Type: TABLE DATA; Schema: public; Owner: avnadmin
--

COPY public.auth_group_permissions (id, group_id, permission_id) FROM stdin;
\.


--
-- Data for Name: auth_permission; Type: TABLE DATA; Schema: public; Owner: avnadmin
--

COPY public.auth_permission (id, name, content_type_id, codename) FROM stdin;
1	Can add log entry	1	add_logentry
2	Can change log entry	1	change_logentry
3	Can delete log entry	1	delete_logentry
4	Can view log entry	1	view_logentry
5	Can add permission	2	add_permission
6	Can change permission	2	change_permission
7	Can delete permission	2	delete_permission
8	Can view permission	2	view_permission
9	Can add group	3	add_group
10	Can change group	3	change_group
11	Can delete group	3	delete_group
12	Can view group	3	view_group
13	Can add user	4	add_user
14	Can change user	4	change_user
15	Can delete user	4	delete_user
16	Can view user	4	view_user
17	Can add content type	5	add_contenttype
18	Can change content type	5	change_contenttype
19	Can delete content type	5	delete_contenttype
20	Can view content type	5	view_contenttype
21	Can add session	6	add_session
22	Can change session	6	change_session
23	Can delete session	6	delete_session
24	Can view session	6	view_session
25	Can add customer	7	add_customer
26	Can change customer	7	change_customer
27	Can delete customer	7	delete_customer
28	Can view customer	7	view_customer
29	Can add hotel	8	add_hotel
30	Can change hotel	8	change_hotel
31	Can delete hotel	8	delete_hotel
32	Can view hotel	8	view_hotel
33	Can add riyal price	9	add_riyalprice
34	Can change riyal price	9	change_riyalprice
35	Can delete riyal price	9	delete_riyalprice
36	Can view riyal price	9	view_riyalprice
37	Can add room rate	10	add_roomrate
38	Can change room rate	10	change_roomrate
39	Can delete room rate	10	delete_roomrate
40	Can view room rate	10	view_roomrate
41	Can add supplier	11	add_supplier
42	Can change supplier	11	change_supplier
43	Can delete supplier	11	delete_supplier
44	Can view supplier	11	view_supplier
45	Can add ledger	12	add_ledger
46	Can change ledger	12	change_ledger
47	Can delete ledger	12	delete_ledger
48	Can view ledger	12	view_ledger
49	Can add ticket	13	add_ticket
50	Can change ticket	13	change_ticket
51	Can delete ticket	13	delete_ticket
52	Can view ticket	13	view_ticket
53	Can add visa	14	add_visa
54	Can change visa	14	change_visa
55	Can delete visa	14	delete_visa
56	Can view visa	14	view_visa
85	Can add issued	21	add_issued
86	Can change issued	21	change_issued
87	Can delete issued	21	delete_issued
88	Can view issued	21	view_issued
89	Can add voucher	22	add_voucher
90	Can change voucher	22	change_voucher
91	Can delete voucher	22	delete_voucher
92	Can view voucher	22	view_voucher
93	Can add trip	23	add_trip
94	Can change trip	23	change_trip
95	Can delete trip	23	delete_trip
96	Can view trip	23	view_trip
97	Can add hotel booking	24	add_hotelbooking
98	Can change hotel booking	24	change_hotelbooking
99	Can delete hotel booking	24	delete_hotelbooking
100	Can view hotel booking	24	view_hotelbooking
\.


--
-- Data for Name: auth_user; Type: TABLE DATA; Schema: public; Owner: avnadmin
--

COPY public.auth_user (id, password, last_login, is_superuser, username, first_name, last_name, email, is_staff, is_active, date_joined) FROM stdin;
4	pbkdf2_sha256$720000$lPAVeFed53zaq75922tl8z$IUXyq0vF0I5M1fyEpX6kk4lmFLFpo9qJc8WTm6bBz/0=	\N	f	testuser			ziakhanalone100@gmail.com	t	t	2024-03-30 10:29:06+00
2	pbkdf2_sha256$720000$1NOnAVS2hb3NgD7qIvM1jJ$Adeo5VFItPYdmJTsbTPR3ajlGMOXBPZWSyg/N44AjCI=	2024-04-25 06:20:58.162766+00	f	hasnaintravel	Hasnain Travel And Tours		hasnaintravelandtours@gmail.com	f	t	2024-02-29 19:27:47+00
3	pbkdf2_sha256$720000$TFMTsk0KQ47JeIZAhClD2P$IbURDF5jpc0JaLzoEX65SQjf6Taao+jDir3M/tKGg44=	2024-04-29 05:37:24.822694+00	f	karwanehassan	Karwan E Hassan Private Limited			f	t	2024-02-29 19:50:15+00
1	pbkdf2_sha256$720000$QORN0QFua4N1bOhDZXqjtX$r/O/PwBtKOYsuF9RiR6b9DB+kWUUTPFQJBtadleQMBI=	2024-04-06 11:06:43.307043+00	t	admin			admin@gmail.com	t	t	2024-02-29 19:25:08.479697+00
\.


--
-- Data for Name: auth_user_groups; Type: TABLE DATA; Schema: public; Owner: avnadmin
--

COPY public.auth_user_groups (id, user_id, group_id) FROM stdin;
\.


--
-- Data for Name: auth_user_user_permissions; Type: TABLE DATA; Schema: public; Owner: avnadmin
--

COPY public.auth_user_user_permissions (id, user_id, permission_id) FROM stdin;
\.


--
-- Data for Name: django_admin_log; Type: TABLE DATA; Schema: public; Owner: avnadmin
--

COPY public.django_admin_log (id, action_time, object_id, object_repr, action_flag, change_message, content_type_id, user_id) FROM stdin;
1	2024-02-29 19:27:48.892399+00	2	hasnaintravel	1	[{"added": {}}]	4	1
2	2024-02-29 19:50:16.86455+00	3	karwanehassan	1	[{"added": {}}]	4	1
3	2024-03-01 07:29:54.975988+00	2	hasnaintravel	2	[{"changed": {"fields": ["First name", "Email address"]}}]	4	1
4	2024-03-01 07:33:41.583188+00	3	Muhammad Abubaker	1	[{"added": {}}]	7	1
5	2024-03-01 07:33:55.984134+00	4	Fort Munroo	1	[{"added": {}}]	7	1
6	2024-03-01 07:35:03.092952+00	5	Wazeer Khan Dera Ghazi Khan	1	[{"added": {}}]	7	1
7	2024-03-01 07:35:40.743234+00	6	Khak E Batha	1	[{"added": {}}]	7	1
8	2024-03-01 07:36:30.350121+00	7	IS International	1	[{"added": {}}]	7	1
9	2024-03-01 07:36:58.19899+00	8	Hafiz Abdullah	1	[{"added": {}}]	7	1
10	2024-03-01 07:38:40.512949+00	9	KHT	1	[{"added": {}}]	7	1
11	2024-03-01 07:39:27.947137+00	10	Arif Khan Langah	1	[{"added": {}}]	7	1
12	2024-03-01 07:39:50.362447+00	11	Ahmad Shakargarh	1	[{"added": {}}]	7	1
13	2024-03-01 07:40:26.026078+00	12	Anas Tayyab	1	[{"added": {}}]	7	1
14	2024-03-01 07:40:53.895189+00	13	Sayyed Sabbar Bukhari	1	[{"added": {}}]	7	1
15	2024-03-01 07:41:21.836612+00	14	Mudassir Sb	1	[{"added": {}}]	7	1
16	2024-03-01 07:41:41.473321+00	14	Kashi Rajpoot	2	[{"changed": {"fields": ["Name", "Opening balance"]}}]	7	1
17	2024-03-01 07:41:58.948258+00	14	JJ	2	[{"changed": {"fields": ["Name", "Opening balance"]}}]	7	1
18	2024-03-01 07:42:56.726964+00	14	KK	2	[{"changed": {"fields": ["Name", "Opening balance"]}}]	7	1
19	2024-03-01 07:43:11.96739+00	14	Talha Jaffar	2	[{"changed": {"fields": ["Name", "Opening balance"]}}]	7	1
20	2024-03-01 07:43:30.622297+00	14	Rauf	2	[{"changed": {"fields": ["Name", "Opening balance"]}}]	7	1
21	2024-03-01 07:44:26.890294+00	15	Hafiz Rizwan	1	[{"added": {}}]	7	1
22	2024-03-01 07:45:19.045216+00	15	Hafiz Shafeeq KabeerWala	2	[{"changed": {"fields": ["Name", "Opening balance"]}}]	7	1
23	2024-03-01 07:45:48.10383+00	15	Qari Saeed Ahmad	2	[{"changed": {"fields": ["Name", "Opening balance"]}}]	7	1
24	2024-03-01 07:46:10.872333+00	15	Mujeeb	2	[{"changed": {"fields": ["Name", "Opening balance"]}}]	7	1
25	2024-03-01 07:46:37.007989+00	15	Muhammad Tayyad	2	[{"changed": {"fields": ["Name", "Opening balance"]}}]	7	1
26	2024-03-01 07:47:24.361782+00	15	Hasnain Ahmad	2	[{"changed": {"fields": ["Name", "Opening balance"]}}]	7	1
27	2024-03-01 07:47:43.539637+00	15	Muzamil Mux	2	[{"changed": {"fields": ["Name", "Opening balance"]}}]	7	1
28	2024-03-01 07:48:14.005808+00	15	Abdul Nabi	2	[{"changed": {"fields": ["Name", "Opening balance"]}}]	7	1
29	2024-03-01 07:48:28.450068+00	15	Zia	2	[{"changed": {"fields": ["Name", "Opening balance"]}}]	7	1
30	2024-03-01 07:48:48.324839+00	15	Salman Chacho	2	[{"changed": {"fields": ["Name", "Opening balance"]}}]	7	1
31	2024-03-01 07:49:10.759918+00	15	Rizwan Malaysia	2	[{"changed": {"fields": ["Name", "Opening balance"]}}]	7	1
32	2024-03-01 07:49:53.078238+00	15	Quest Travel	2	[{"changed": {"fields": ["Name", "Opening balance"]}}]	7	1
33	2024-03-01 07:50:18.873435+00	15	GHazanfar Abbas	2	[{"changed": {"fields": ["Name", "Opening balance"]}}]	7	1
34	2024-03-01 07:51:11.22698+00	15	Manan Khan	2	[{"changed": {"fields": ["Name", "Opening balance"]}}]	7	1
35	2024-03-01 07:55:12.019998+00	2	NCT	1	[{"added": {}}]	8	1
36	2024-03-01 08:52:35.428348+00	2	Travel Point	2	[{"changed": {"fields": ["Name", "Opening balance"]}}]	8	1
37	2024-03-01 08:54:03.427392+00	2	NCT	2	[{"changed": {"fields": ["Name", "Opening balance"]}}]	8	1
38	2024-03-01 08:54:50.265798+00	2	Travel Point	2	[{"changed": {"fields": ["Name", "Opening balance"]}}]	8	1
39	2024-03-01 08:55:12.593565+00	2	Travel Point	2	[]	8	1
40	2024-03-01 08:55:44.409396+00	3	NCT	1	[{"added": {}}]	8	1
41	2024-03-01 09:53:58.536354+00	4	FZ	1	[{"added": {}}]	8	1
42	2024-03-01 09:56:44.58765+00	4	G9	2	[{"changed": {"fields": ["Name", "Opening balance"]}}]	8	1
43	2024-03-01 09:57:33.076242+00	4	PA	2	[{"changed": {"fields": ["Name", "Opening balance"]}}]	8	1
44	2024-03-01 09:57:54.167138+00	4	PA	2	[]	8	1
45	2024-03-01 09:58:16.004596+00	5	FZ	1	[{"added": {}}]	8	1
46	2024-03-01 09:58:28.380027+00	5	FZ	2	[]	8	1
47	2024-03-01 09:58:43.860939+00	6	G9	1	[{"added": {}}]	8	1
48	2024-03-01 09:59:10.815032+00	7	OV	1	[{"added": {}}]	8	1
49	2024-03-01 10:00:32.937407+00	8	PF	1	[{"added": {}}]	8	1
50	2024-03-01 10:07:11.86293+00	1	Ledger object (1)	1	[{"added": {}}]	10	1
51	2024-03-01 10:10:02.479645+00	16	JJ	1	[{"added": {}}]	7	1
52	2024-03-01 10:10:38.45148+00	17	Mudassir Sb	1	[{"added": {}}]	7	1
53	2024-03-01 10:11:06.54658+00	18	Kashi Rajpoot	1	[{"added": {}}]	7	1
54	2024-03-01 10:12:13.163553+00	19	Arif Khan Langah	1	[{"added": {}}]	7	1
55	2024-03-01 10:12:38.012056+00	20	Ahmad Shakargarh	1	[{"added": {}}]	7	1
56	2024-03-01 10:12:58.772218+00	21	KK	1	[{"added": {}}]	7	1
57	2024-03-01 10:13:22.375025+00	22	Talha Jaffar	1	[{"added": {}}]	7	1
58	2024-03-01 10:15:26.694813+00	24	Hafiz Shafeeq Kabeerwala	1	[{"added": {}}]	7	1
59	2024-03-01 10:15:59.762917+00	25	Qari Saeed Ahmad	1	[{"added": {}}]	7	1
60	2024-03-01 10:16:16.707636+00	26	Mujeeb	1	[{"added": {}}]	7	1
61	2024-03-01 10:16:43.734688+00	27	Muhammad tayyab	1	[{"added": {}}]	7	1
62	2024-03-01 10:46:50.167286+00	28	Ali	1	[{"added": {}}]	7	1
63	2024-03-02 07:33:23.441805+00	10	Arif Khan Langah	3		7	1
64	2024-03-02 07:50:31.092847+00	3	karwanehassan	2	[{"changed": {"fields": ["First name"]}}]	4	1
65	2024-03-30 10:29:07.147724+00	4	testuser	1	[{"added": {}}]	4	1
66	2024-03-30 10:29:48.19921+00	4	testuser	2	[{"changed": {"fields": ["Email address"]}}]	4	1
67	2024-03-31 19:39:51.260221+00	4	testuser	2	[{"changed": {"fields": ["Staff status"]}}]	4	1
68	2024-03-31 19:41:39.880216+00	1	Agent	1	[{"added": {}}]	3	1
\.


--
-- Data for Name: django_content_type; Type: TABLE DATA; Schema: public; Owner: avnadmin
--

COPY public.django_content_type (id, app_label, model) FROM stdin;
1	admin	logentry
2	auth	permission
3	auth	group
4	auth	user
5	contenttypes	contenttype
6	sessions	session
7	ticket	customer
8	ticket	hotel
9	ticket	riyalprice
10	ticket	roomrate
11	ticket	supplier
12	ticket	ledger
13	ticket	ticket
14	ticket	visa
21	ticket	issued
22	ticket	voucher
23	ticket	trip
24	ticket	hotelbooking
\.


--
-- Data for Name: django_migrations; Type: TABLE DATA; Schema: public; Owner: avnadmin
--

COPY public.django_migrations (id, app, name, applied) FROM stdin;
1	contenttypes	0001_initial	2024-04-03 18:59:43.910531+00
2	auth	0001_initial	2024-04-03 18:59:49.69314+00
3	admin	0001_initial	2024-04-03 18:59:51.127296+00
4	admin	0002_logentry_remove_auto_add	2024-04-03 18:59:51.337886+00
5	admin	0003_logentry_add_action_flag_choices	2024-04-03 18:59:51.796645+00
6	contenttypes	0002_remove_content_type_name	2024-04-03 18:59:52.947604+00
7	auth	0002_alter_permission_name_max_length	2024-04-03 18:59:53.669036+00
8	auth	0003_alter_user_email_max_length	2024-04-03 18:59:54.300262+00
9	auth	0004_alter_user_username_opts	2024-04-03 18:59:54.580656+00
10	auth	0005_alter_user_last_login_null	2024-04-03 18:59:55.272634+00
11	auth	0006_require_contenttypes_0002	2024-04-03 18:59:55.544291+00
12	auth	0007_alter_validators_add_error_messages	2024-04-03 18:59:56.015147+00
13	auth	0008_alter_user_username_max_length	2024-04-03 18:59:56.845953+00
14	auth	0009_alter_user_last_name_max_length	2024-04-03 18:59:57.496467+00
15	auth	0010_alter_group_name_max_length	2024-04-03 18:59:58.192589+00
16	auth	0011_update_proxy_permissions	2024-04-03 18:59:58.618496+00
17	auth	0012_alter_user_first_name_max_length	2024-04-03 18:59:59.558451+00
18	sessions	0001_initial	2024-04-03 19:00:00.856948+00
19	ticket	0001_initial	2024-04-03 19:00:07.854953+00
69	ticket	0002_issued_ticket_issued_by	2024-04-05 19:55:37.718437+00
70	ticket	0003_hotel_active_ledger_status_alter_roomrate_room_type	2024-04-06 09:11:24.345216+00
71	ticket	0004_visa_pass_name_visa_pass_num	2024-04-15 09:39:25.803474+00
74	ticket	0004_trip_visa_pass_name_visa_pass_num_hotelbooking_and_more	2024-04-16 10:27:25.077049+00
75	ticket	0005_visa_pass_name_visa_pass_num	2024-04-17 08:19:13.161887+00
76	ticket	0006_voucher_transport	2024-04-17 08:19:36.418604+00
\.


--
-- Data for Name: django_session; Type: TABLE DATA; Schema: public; Owner: avnadmin
--

COPY public.django_session (session_key, session_data, expire_date) FROM stdin;
k7sg8a3qbvu9plp460x52zb0km4si0dv	.eJxVjMsOwiAQRf-FtSG8BZfu_QYywIxUDSSlXRn_3TbpQrfnnHvfLMK61LgOnONU2IVJdvplCfIT2y7KA9q989zbMk-J7wk_7OC3XvB1Pdq_gwqjbmuyyjkyMgGIVDJQtg41oQw-6HMQQEGaQEpQ1tZbt2FVPGZ01gRpC_t8AfdXN_U:1rogwh:xZR0ZplnobFdlSISMvGQxPmhVc28Z1nlQDDKrqW6GDg	2024-04-08 09:48:47.308252+00
8f91z1oedihkyenew31q0xo65tngyzxc	.eJxVjEEOwiAQRe_C2hBghCku3fcMZBioVA0kpV0Z765NutDtf-_9lwi0rSVsPS9hTuIijDj9bpH4kesO0p3qrUludV3mKHdFHrTLsaX8vB7u30GhXr6109byRKBZaaazoohgQOWIyDaCi4bRT-gJs1ID6yEl9gzMgNYadOL9AeG_N8Q:1rhvkN:PxikwOoYrtJywxYsioGrQOPBjwn5kNut7EJDDtYHMUg	2024-03-20 18:12:07.940328+00
4gjz1fdoitgcpvbwvmre47aktplyogvn	.eJxVjEEOwiAQRe_C2hBghCku3fcMZBioVA0kpV0Z765NutDtf-_9lwi0rSVsPS9hTuIijDj9bpH4kesO0p3qrUludV3mKHdFHrTLsaX8vB7u30GhXr6109byRKBZaaazoohgQOWIyDaCi4bRT-gJs1ID6yEl9gzMgNYadOL9AeG_N8Q:1riBwZ:OSfNQPvol9RmkGf0n_z99JFVyi9zlABzzvslchzz8ok	2024-03-21 11:29:47.660206+00
s0hbae1pnxwgsd2aim1ge1mxcch7v56f	.eJxVjEEOwiAQRe_C2hBghCku3fcMZBioVA0kpV0Z765NutDtf-_9lwi0rSVsPS9hTuIijDj9bpH4kesO0p3qrUludV3mKHdFHrTLsaX8vB7u30GhXr6109byRKBZaaazoohgQOWIyDaCi4bRT-gJs1ID6yEl9gzMgNYadOL9AeG_N8Q:1rgKsU:V0vUaecnjVR-S39Gq65AWmlfuFLX3dYoNHmwcpafCQw	2024-03-16 08:37:54.44181+00
ukrz4ry7yqjtg7girbh2doe9iubgiiss	.eJxVjDsOwjAUBO_iGllO_ImhpM8ZrPXzCw4gW4qTCnF3iJQC2p2ZfYmAbc1ha7yEOYmL0OL0u0XQg8sO0h3lViXVsi5zlLsiD9rkWBM_r4f7d5DR8rc2ClADk3YuGjiPOHWKQf3gYFl5ZT08MQz6aKZOc7KJySCdtXeRWLw__gg5Cg:1riC0g:it6FyVopvMuIfpV9LHcd1-l75km3iMOS4L64Hivhh70	2024-03-21 11:34:02.072067+00
i098uvml7iagk8rhsvpeasaqrokrrjnl	.eJxVjEEOwiAQRe_C2hBghCku3fcMZBioVA0kpV0Z765NutDtf-_9lwi0rSVsPS9hTuIijDj9bpH4kesO0p3qrUludV3mKHdFHrTLsaX8vB7u30GhXr6109byRKBZaaazoohgQOWIyDaCi4bRT-gJs1ID6yEl9gzMgNYadOL9AeG_N8Q:1rgL03:QyxoUlc3VkbePHHQT3Ono2NzWtk0VH6zA1CYz0-lzJ0	2024-03-16 08:45:43.992585+00
w7n37pd4w2t4irm7g5jb6vq1hwbkg3ek	.eJxVjMsOwiAQRf-FtSG8BZfu_QYywIxUDSSlXRn_3TbpQrfnnHvfLMK61LgOnONU2IVJdvplCfIT2y7KA9q989zbMk-J7wk_7OC3XvB1Pdq_gwqjbmuyyjkyMgGIVDJQtg41oQw-6HMQQEGaQEpQ1tZbt2FVPGZ01gRpC_t8AfdXN_U:1rfnUS:kLXYWO620EcxKq78D9oriA8dQTCYIc3ZYPBlg7K4GkM	2024-03-14 20:58:52.793666+00
d12z90exxb4fa4qe1lealau8vkfb8964	.eJxVjDsOwjAUBO_iGllO_ImhpM8ZrPXzCw4gW4qTCnF3iJQC2p2ZfYmAbc1ha7yEOYmL0OL0u0XQg8sO0h3lViXVsi5zlLsiD9rkWBM_r4f7d5DR8rc2ClADk3YuGjiPOHWKQf3gYFl5ZT08MQz6aKZOc7KJySCdtXeRWLw__gg5Cg:1riC9I:1jySGNvmyKjENMoMeJWVVuoOEDoo7yUSeZ84MPfnETU	2024-03-21 11:42:56.275435+00
b0xh8kbra0seh2nymiig2ww454zko154	.eJxVjDsOwjAUBO_iGllO_ImhpM8ZrPXzCw4gW4qTCnF3iJQC2p2ZfYmAbc1ha7yEOYmL0OL0u0XQg8sO0h3lViXVsi5zlLsiD9rkWBM_r4f7d5DR8rc2ClADk3YuGjiPOHWKQf3gYFl5ZT08MQz6aKZOc7KJySCdtXeRWLw__gg5Cg:1riqlB:hIkOS2c6ZUuo1xs0qVZjvkYZ_h2-KUsXVgnDXvKL3U0	2024-03-23 07:04:45.325369+00
3kfos82kevdz16ocuodq7iuom75we1jj	.eJxVjEEOwiAQRe_C2hBghCku3fcMZBioVA0kpV0Z765NutDtf-_9lwi0rSVsPS9hTuIijDj9bpH4kesO0p3qrUludV3mKHdFHrTLsaX8vB7u30GhXr6109byRKBZaaazoohgQOWIyDaCi4bRT-gJs1ID6yEl9gzMgNYadOL9AeG_N8Q:1rgLhX:wfoBhz1ukXZNDvhDmVJagNH6VFbuObsUic3qsj0BCbs	2024-03-16 09:30:39.172519+00
u7og3eki24hw13o12yyrxv0ip46e1v0l	.eJxVjEEOwiAQRe_C2hBghCku3fcMZBioVA0kpV0Z765NutDtf-_9lwi0rSVsPS9hTuIijDj9bpH4kesO0p3qrUludV3mKHdFHrTLsaX8vB7u30GhXr6109byRKBZaaazoohgQOWIyDaCi4bRT-gJs1ID6yEl9gzMgNYadOL9AeG_N8Q:1rgOS8:Fusf_j2RQ4QrYw6OPEQ_A1OYSCx7wGqGTAW2QT64PqA	2024-03-16 12:26:56.456582+00
6ol220tue2uym8yst0qveyg2c56qif4v	.eJxVjEEOwiAQRe_C2hBghCku3fcMZBioVA0kpV0Z765NutDtf-_9lwi0rSVsPS9hTuIijDj9bpH4kesO0p3qrUludV3mKHdFHrTLsaX8vB7u30GhXr6109byRKBZaaazoohgQOWIyDaCi4bRT-gJs1ID6yEl9gzMgNYadOL9AeG_N8Q:1rgObS:iGJIwtIsMil_sWq_ue4bVoWHG9n0nuOyjWhz8Ra9IoI	2024-03-16 12:36:34.50461+00
iyhpc3qtvdz1nfk6k7ivlw66h2tlwd35	.eJxVjEEOwiAQRe_C2hBghCku3fcMZBioVA0kpV0Z765NutDtf-_9lwi0rSVsPS9hTuIijDj9bpH4kesO0p3qrUludV3mKHdFHrTLsaX8vB7u30GhXr6109byRKBZaaazoohgQOWIyDaCi4bRT-gJs1ID6yEl9gzMgNYadOL9AeG_N8Q:1rgOzg:ftpKi8GoegjQBAaCzMr9X3aLNagVomccnDuVAPbYg5Y	2024-03-16 13:01:36.136125+00
z9d8upugt7vv613vmckzttryr6a6zbfg	.eJxVjEEOwiAQRe_C2hBghCku3fcMZBioVA0kpV0Z765NutDtf-_9lwi0rSVsPS9hTuIijDj9bpH4kesO0p3qrUludV3mKHdFHrTLsaX8vB7u30GhXr6109byRKBZaaazoohgQOWIyDaCi4bRT-gJs1ID6yEl9gzMgNYadOL9AeG_N8Q:1rgUUv:c2R1icL3NeAIGoekivH0oqa7BoXjPgODFiv4GrcNxDM	2024-03-16 18:54:13.95368+00
1jmq4twvl2abvreur5znc74zit2v5wr1	.eJxVjEEOwiAQRe_C2hBghCku3fcMZBioVA0kpV0Z765NutDtf-_9lwi0rSVsPS9hTuIijDj9bpH4kesO0p3qrUludV3mKHdFHrTLsaX8vB7u30GhXr6109byRKBZaaazoohgQOWIyDaCi4bRT-gJs1ID6yEl9gzMgNYadOL9AeG_N8Q:1rgUVY:mwwCQsmkOf-D56emyMQ1dMeXXdof9kziLJ_u5ttQiDE	2024-03-16 18:54:52.692708+00
3w2oa3ewqi8z6bqx5mtfqg9i1dn9dehp	.eJxVjEEOwiAQRe_C2hBghCku3fcMZBioVA0kpV0Z765NutDtf-_9lwi0rSVsPS9hTuIijDj9bpH4kesO0p3qrUludV3mKHdFHrTLsaX8vB7u30GhXr6109byRKBZaaazoohgQOWIyDaCi4bRT-gJs1ID6yEl9gzMgNYadOL9AeG_N8Q:1rgbgF:OflQdoyDivOAuKe3jo5nx97tefIQTYOeMECd1QTCh38	2024-03-17 02:34:23.469057+00
cw0pdop8ugvo8gfiqqkfuf7yeiwyu8m1	.eJxVjEEOwiAQRe_C2hBghCku3fcMZBioVA0kpV0Z765NutDtf-_9lwi0rSVsPS9hTuIijDj9bpH4kesO0p3qrUludV3mKHdFHrTLsaX8vB7u30GhXr6109byRKBZaaazoohgQOWIyDaCi4bRT-gJs1ID6yEl9gzMgNYadOL9AeG_N8Q:1rgfNU:vuFaY3joPJPizWgt5j6y3uuMbmW7qftKt8xLwYa1CWs	2024-03-17 06:31:16.646521+00
6ozy4gkx1wxb8lq29mgszkv38c7joyy3	.eJxVjEEOwiAQRe_C2hBghCku3fcMZBioVA0kpV0Z765NutDtf-_9lwi0rSVsPS9hTuIijDj9bpH4kesO0p3qrUludV3mKHdFHrTLsaX8vB7u30GhXr6109byRKBZaaazoohgQOWIyDaCi4bRT-gJs1ID6yEl9gzMgNYadOL9AeG_N8Q:1rh7nE:kRQl_Ey6cxWqVveWARXeMFTkg-Rj-6H_ZDLKR2XjXQc	2024-03-18 12:51:44.556928+00
ceqt1y527ward14ranas5u3z5tztp8dw	.eJxVjEEOwiAQRe_C2hBghCku3fcMZBioVA0kpV0Z765NutDtf-_9lwi0rSVsPS9hTuIijDj9bpH4kesO0p3qrUludV3mKHdFHrTLsaX8vB7u30GhXr6109byRKBZaaazoohgQOWIyDaCi4bRT-gJs1ID6yEl9gzMgNYadOL9AeG_N8Q:1rgjzB:BY1TugfDM-qZPvgtgAAZyOtV2QKur64lvj985-I2DYI	2024-03-17 11:26:29.900125+00
foshmcpvfy7xp9ie52q7b3fkjv7bhh23	.eJxVjDsOwjAUBO_iGllO_ImhpM8ZrPXzCw4gW4qTCnF3iJQC2p2ZfYmAbc1ha7yEOYmL0OL0u0XQg8sO0h3lViXVsi5zlLsiD9rkWBM_r4f7d5DR8rc2ClADk3YuGjiPOHWKQf3gYFl5ZT08MQz6aKZOc7KJySCdtXeRWLw__gg5Cg:1rgIi2:EWmaZ2bEI3NEFckw43LnXdBEe_6pU-1suxExpBC8U8c	2024-03-16 06:18:58.636612+00
ewqtwxeizas92ixifjg92365bdgpaomi	.eJxVjEEOwiAQRe_C2hBghCku3fcMZBioVA0kpV0Z765NutDtf-_9lwi0rSVsPS9hTuIijDj9bpH4kesO0p3qrUludV3mKHdFHrTLsaX8vB7u30GhXr6109byRKBZaaazoohgQOWIyDaCi4bRT-gJs1ID6yEl9gzMgNYadOL9AeG_N8Q:1rhB4A:XdyNh_Rb3R1ZZ0ZabyNr6gCFquOB71lAiOwvHsvIMHM	2024-03-18 16:21:26.546564+00
53zl964ctqpp0ssx5h8cuhrdef9wr9su	.eJxVjEEOwiAQRe_C2hBghCku3fcMZBioVA0kpV0Z765NutDtf-_9lwi0rSVsPS9hTuIijDj9bpH4kesO0p3qrUludV3mKHdFHrTLsaX8vB7u30GhXr6109byRKBZaaazoohgQOWIyDaCi4bRT-gJs1ID6yEl9gzMgNYadOL9AeG_N8Q:1rhOXf:v73zd0_7BSLRzFBAkMr21Z_W4RNrdpBs1hTnYO1dvyE	2024-03-19 06:44:47.441528+00
nv63tz4u20iorbeudget5jojd6zqwbfe	.eJxVjEEOwiAQRe_C2hBghCku3fcMZBioVA0kpV0Z765NutDtf-_9lwi0rSVsPS9hTuIijDj9bpH4kesO0p3qrUludV3mKHdFHrTLsaX8vB7u30GhXr6109byRKBZaaazoohgQOWIyDaCi4bRT-gJs1ID6yEl9gzMgNYadOL9AeG_N8Q:1rhR7B:f8kAQdk4QEMd7HYuPV5gruJ57LpzqVpgNQnVHiDnJwU	2024-03-19 09:29:37.838853+00
f8wk7q3k7khyxnb02ra0w59uled60yf4	.eJxVjEEOwiAQRe_C2hBghCku3fcMZBioVA0kpV0Z765NutDtf-_9lwi0rSVsPS9hTuIijDj9bpH4kesO0p3qrUludV3mKHdFHrTLsaX8vB7u30GhXr6109byRKBZaaazoohgQOWIyDaCi4bRT-gJs1ID6yEl9gzMgNYadOL9AeG_N8Q:1rhRmt:CyNEhcaMM3rx_mkQd1EJiRsyDy5878xFZl2aLzfy87k	2024-03-19 10:12:43.336318+00
wa3n5qn56ot9v6pweuxyvv7erot75jym	.eJxVjDsOwjAUBO_iGllO_ImhpM8ZrPXzCw4gW4qTCnF3iJQC2p2ZfYmAbc1ha7yEOYmL0OL0u0XQg8sO0h3lViXVsi5zlLsiD9rkWBM_r4f7d5DR8rc2ClADk3YuGjiPOHWKQf3gYFl5ZT08MQz6aKZOc7KJySCdtXeRWLw__gg5Cg:1rlNQD:PQlHo77PmVbAfXUDOPwKtJYWOC9p6_t6PlEPbstqfZY	2024-03-30 06:21:33.673874+00
qt2ynac6xkqp58l5jiyohe6c9aifn0zj	.eJxVjTtuwzAQRO_COhb4W0p0mT5nIJbLXctOIAqihBSB727JcOG082be_KmE2zqmrfGSrkWdlVEf71lG-ubpAOWG06V2VKd1uebuqHQv2rqvWvjn89X9JxixjftawIYg3mREnQuhEAR2wiYO0fVRo0Tjo1gt5GCAsMe2DEwcwEcDT-mMrf3WpaSFG69prfvbriY_z-JOYsDSYMkar3sfObqAWUPOTkMoUtT9AUIxTHw:1rqXfn:e6gbaZvucmt7R07gNA-ftvV5X1BW3Mu3eWtWvqjfhEs	2024-04-13 12:18:59.600935+00
uj11vqgatqiy59xeaaflczavas9d3ayx	.eJxVjMsOwiAQRf-FtSG8BZfu_QYywIxUDSSlXRn_3TbpQrfnnHvfLMK61LgOnONU2IVJdvplCfIT2y7KA9q989zbMk-J7wk_7OC3XvB1Pdq_gwqjbmuyyjkyMgGIVDJQtg41oQw-6HMQQEGaQEpQ1tZbt2FVPGZ01gRpC_t8AfdXN_U:1rmJ99:1lhjO-nNKZpCRy3D7fx2XjSzs7NBQAt3EexoZjO4g20	2024-04-01 19:59:47.14116+00
weib8j2fob81wmf1d599ismslg3kohhb	.eJxVjEEOwiAQRe_C2hBghCku3fcMZBioVA0kpV0Z765NutDtf-_9lwi0rSVsPS9hTuIijDj9bpH4kesO0p3qrUludV3mKHdFHrTLsaX8vB7u30GhXr6109byRKBZaaazoohgQOWIyDaCi4bRT-gJs1ID6yEl9gzMgNYadOL9AeG_N8Q:1rnZX2:2v0_9Ty47pW350D4zDg6UpQgSEkJwrnzO1F74okpQhQ	2024-04-05 07:41:40.057882+00
82qx5us4zlskaou5hbf0so1q8knbfhru	.eJxVjMsOwiAQRf-FtSG8BZfu_QYywIxUDSSlXRn_3TbpQrfnnHvfLMK61LgOnONU2IVJdvplCfIT2y7KA9q989zbMk-J7wk_7OC3XvB1Pdq_gwqjbmuyyjkyMgGIVDJQtg41oQw-6HMQQEGaQEpQ1tZbt2FVPGZ01gRpC_t8AfdXN_U:1rrzUY:m__zHSmZi2g91AreMG82Xvhc7Ff4Pk_xBN9hnLQFuoQ	2024-04-17 12:13:22.073242+00
tpo5vr9ig1lexdc1pr0ifnec2q8tqlju	.eJxVjEEOwiAQRe_C2hBghCku3fcMZBioVA0kpV0Z765NutDtf-_9lwi0rSVsPS9hTuIijDj9bpH4kesO0p3qrUludV3mKHdFHrTLsaX8vB7u30GhXr6109byRKBZaaazoohgQOWIyDaCi4bRT-gJs1ID6yEl9gzMgNYadOL9AeG_N8Q:1rlPVu:VZ3CAJpVYzqHFA7vcAxeKyMBjtgfwL89UJlCDSFF5hQ	2024-03-30 08:35:34.688932+00
xnks61wirsbg3gx1iv2hz9rhg7peafwq	.eJxVjEEOwiAQRe_C2hBghCku3fcMZBioVA0kpV0Z765NutDtf-_9lwi0rSVsPS9hTuIijDj9bpH4kesO0p3qrUludV3mKHdFHrTLsaX8vB7u30GhXr6109byRKBZaaazoohgQOWIyDaCi4bRT-gJs1ID6yEl9gzMgNYadOL9AeG_N8Q:1rnakQ:PWEzpK4bCCZqLBuxedAJQe2VyFmKnXMGj8YrlJ6mGMQ	2024-04-05 08:59:34.678802+00
wnbekik5p2rjgwiu5eo8c2bjl27g3mnf	.eJxVjEEOwiAQRe_C2hBghCku3fcMZBioVA0kpV0Z765NutDtf-_9lwi0rSVsPS9hTuIijDj9bpH4kesO0p3qrUludV3mKHdFHrTLsaX8vB7u30GhXr6109byRKBZaaazoohgQOWIyDaCi4bRT-gJs1ID6yEl9gzMgNYadOL9AeG_N8Q:1rpnsT:R3_MlT_0XH_L8UWWGAqvn-AdNsyWjrqQv-G1jcxcV-w	2024-04-11 11:25:01.797328+00
rbh4ruq2aor9dzvdup3o49ddslhdtqx9	.eJxVjEEOwiAQRe_C2hBghCku3fcMZBioVA0kpV0Z765NutDtf-_9lwi0rSVsPS9hTuIijDj9bpH4kesO0p3qrUludV3mKHdFHrTLsaX8vB7u30GhXr6109byRKBZaaazoohgQOWIyDaCi4bRT-gJs1ID6yEl9gzMgNYadOL9AeG_N8Q:1rndVp:RaBIwPuTbJcs2XfGMTIgL9UTY5W6N2OZDJSph4JX8OM	2024-04-05 11:56:41.63628+00
3tu0ojcl8l0ctx2jt9ke80r3bvzwkyeb	.eJxVjMsOwiAQRf-FtSG8BZfu_QYywIxUDSSlXRn_3TbpQrfnnHvfLMK61LgOnONU2IVJdvplCfIT2y7KA9q989zbMk-J7wk_7OC3XvB1Pdq_gwqjbmuyyjkyMgGIVDJQtg41oQw-6HMQQEGaQEpQ1tZbt2FVPGZ01gRpC_t8AfdXN_U:1rrEMo:NMUBp_l6pQEZ59N0jREs9fOzHRs3qqPfh4Dss8eNy_A	2024-04-15 09:54:14.750794+00
92me6gq3qd7tong273o3w9xbo6bnt0py	.eJxVjMsOwiAQRf-FtSG8BZfu_QYywIxUDSSlXRn_3TbpQrfnnHvfLMK61LgOnONU2IVJdvplCfIT2y7KA9q989zbMk-J7wk_7OC3XvB1Pdq_gwqjbmuyyjkyMgGIVDJQtg41oQw-6HMQQEGaQEpQ1tZbt2FVPGZ01gRpC_t8AfdXN_U:1rq8xW:6y7bsUuT_PJVca3v-Ev5bbY08dcvTOo5qTXWsEqB6J4	2024-04-12 09:55:38.87521+00
0n3mfr25714kybddl80712k2kf6d70pl	.eJxVjEEOwiAQRe_C2hBghCku3fcMZBioVA0kpV0Z765NutDtf-_9lwi0rSVsPS9hTuIijDj9bpH4kesO0p3qrUludV3mKHdFHrTLsaX8vB7u30GhXr6109byRKBZaaazoohgQOWIyDaCi4bRT-gJs1ID6yEl9gzMgNYadOL9AeG_N8Q:1rmsAI:wXssk5w_Y7yYK5j6lcmcftV0jmL5hwX1Y_9nN7uKWl8	2024-04-03 09:23:18.653143+00
f0m0w5490ysxcckr81eo2d9o62k8ceyw	.eJxVjMsOwiAQRf-FtSG8BZfu_QYywIxUDSSlXRn_3TbpQrfnnHvfLMK61LgOnONU2IVJdvplCfIT2y7KA9q989zbMk-J7wk_7OC3XvB1Pdq_gwqjbmuyyjkyMgGIVDJQtg41oQw-6HMQQEGaQEpQ1tZbt2FVPGZ01gRpC_t8AfdXN_U:1rmsAQ:Ljlfav2gXA8CBKFqkKTtAes8AZ7sgr5uR1J2d3hF7d8	2024-04-03 09:23:26.073321+00
qtg9cjw51vhbrn4t61gxit8hznxah75a	.eJxVjEEOwiAQRe_C2hBghCku3fcMZBioVA0kpV0Z765NutDtf-_9lwi0rSVsPS9hTuIijDj9bpH4kesO0p3qrUludV3mKHdFHrTLsaX8vB7u30GhXr6109byRKBZaaazoohgQOWIyDaCi4bRT-gJs1ID6yEl9gzMgNYadOL9AeG_N8Q:1rnGgt:lbehyzVkjFqvzIWuXLp5_dv2IcbDLY4RBtQCNo8X6hE	2024-04-04 11:34:35.569607+00
np38ep1opg7cmo759ls797abt7idmjno	.eJxVjMsOwiAQRf-FtSG8BZfu_QYywIxUDSSlXRn_3TbpQrfnnHvfLMK61LgOnONU2IVJdvplCfIT2y7KA9q989zbMk-J7wk_7OC3XvB1Pdq_gwqjbmuyyjkyMgGIVDJQtg41oQw-6HMQQEGaQEpQ1tZbt2FVPGZ01gRpC_t8AfdXN_U:1rm8CB:4zF3ajhp02qSP4DTqZVCkE_7dQ6CZeYG8N2rPI6WZaY	2024-04-01 08:18:11.626132+00
tnwnucfmj0ahx4mjrie0p1ed2b0h7cvi	e30:1rqXiH:93BKiI9LzyIyTgahxOCVXRlA31_LimyWCekkbW4jJBU	2024-04-13 12:21:33.817561+00
sf4ojmow7rgr1651tpkidl2yt47r84qt	.eJxVjMsOwiAQRf-FtSG8BZfu_QYywIxUDSSlXRn_3TbpQrfnnHvfLMK61LgOnONU2IVJdvplCfIT2y7KA9q989zbMk-J7wk_7OC3XvB1Pdq_gwqjbmuyyjkyMgGIVDJQtg41oQw-6HMQQEGaQEpQ1tZbt2FVPGZ01gRpC_t8AfdXN_U:1rmACL:JL765n2W5lOp1XRcji2_CLZhhoGTaP_qfxp8HAbWB88	2024-04-01 10:26:29.479312+00
2rhgs6sf41z43fpcm0532d25vnqghdy8	.eJxVTrsOwiAU_RfmhvAovW1Hd7_AGHK50IcaSAqdjP8uTTrocobzfjOLe1nsnsNmV89GpljzyzmkZ4iH4B8Y58QpxbKtjh8WfqqZX5MPr8vp_StYMC813UljaEItSUjCVqADrbQIDoCM051TBMMEA0IQoifZe08DaSINxijoaum-zSEWW9a6UurZzMablKCaCm0jW2Puny_ZYEL8:1s0IxK:k8FXRct9SKyUg8Jarp_sJsgvQinVHRHZWz_rfGYbrrE	2024-05-10 10:37:26.102617+00
e8ow59vtkzcnxz0446hxut6jj65gddt6	.eJxVTrsOwiAU_RfmhvAovW1Hd7_AGHK50IcaSAqdjP8uTTrocobzfjOLe1nsnsNmV89GpljzyzmkZ4iH4B8Y58QpxbKtjh8WfqqZX5MPr8vp_StYMC813UljaEItSUjCVqADrbQIDoCM051TBMMEA0IQoifZe08DaSINxijoaum-zSEWW9a6UurZzMablKCaCm0jW2Puny_ZYEL8:1s0JWL:m1zumhkgJ_1AVERHB19IBeoFfvf3TR4IGUn_rwnQlV0	2024-05-10 11:13:37.296904+00
hdwfpu7tzlt3stk6vre6h8kgz8d6dznj	.eJxVjrsOwjAMRf8lc1XFSR03jOx8AUJV4gRaQK3UphPi34klBljOcM_146WGsJdx2Le8DlNSB2VU85vFwI88i0j3MN-Wlpe5rFNspdJ-7daelpSfx2_3b8EYtrFOO0Dka7DAGjh0OkSyxuociRijddEw-Sv5QFnrnqFPiT1bZkuIhlxduq-3PJehTPVKqc9u6nAGrxsAQoETkKAX-AYM1sw4I6iVDqFCbCcWUQvM5f0BBeVNlg:1s1KW8:COqBfo-d52Syz3Oeq-FdwlFMjRaDnJDevrTiL672EPw	2024-05-13 06:29:36.926259+00
pgok5qf8hhr1zilji9cxwufcrcnd94dl	.eJxVjk1uxCAMhe-StRWBDRhm2X1PUFURGGaStkqkhKyqufvAaBbtwp_1nn9_hymedZ7Oo-zTkofLgAP89VKU77L2Qv6K620bZVvrvqSxt4yv6jG-b7n8vL16_y2Y4zG3aaetlWskLUpLNComJiRVErPYRC6hcLhyiFyU8qJ9zhKERIitRXZt6bnfylqnurQrtT17DJcPMkA6AFELgy37Fg4Mdo_BOg9MBOwQmC14Z0Frix3UYTqenm_w3fNd-qcMoBGpw3zeH7diVNM:1rtnHD:TkSpUVkMbOrv12hgbwWZEKg9Gi0wOPW_eS20KvYo79U	2024-04-22 11:35:03.135384+00
1iof42ay1mcvxkr8giu4gbbc69lf4lee	.eJxVjjluxDAMRe_iWjC0UBQ1Zfo5QRAY1DLjSQIb8FIFuXvIYIqk-A8k_yelr2Hi85inc-_b9GjDZQiD-TsrXD_6okZ75-W-jnVdju1RRo2MT3cfr2vrny_P7L8DM--zbINltqnXgFiAkbjcnO1cfUKO3ZKNxFQ7A_sCNxd6i61X4JYDYaldjp7bvS_HdDzklUM-uw-XV7DOgPWiIAKDgCZ5bwiCCERRhKIkIkNJ-iQ9SU0yI-kJTXZksuxlH0QgiiYHJ_LGWciCqECrSMY5FxUo8Fr530oNTwoJu2AVQaERUENPuayzDAo1su5m3c0S8RYV6e37B7c_bH8:1rt1lt:C7y5SjKoDCR2ILcLaJk2n-ZsYeb98mnjK206MLvMiGg	2024-04-20 08:51:33.326725+00
8n195up4p6lzejl3niyrlsh9bpko8kjz	.eJxVjDsOwjAUBO_iGllO_ImhpM8ZrPXzCw4gW4qTCnF3iJQC2p2ZfYmAbc1ha7yEOYmL0OL0u0XQg8sO0h3lViXVsi5zlLsiD9rkWBM_r4f7d5DR8rc2ClADk3YuGjiPOHWKQf3gYFl5ZT08MQz6aKZOc7KJySCdtXeRWLw__gg5Cg:1rsc5N:MMq0baMwZerNPlWsclX7FmTrq0ed0u-51xGxFsYhTnQ	2024-04-19 05:25:57.279162+00
fcbd30z3fuwhaavbg9jvybdjgo56zovd	.eJxVTrsOwiAU_Rdm0vAoXOjo7hcYQ-BCH2poUuhk_Hdp0kGHs5z3mzi_19ntJW1uiWQggtBfLnh8pnwI8eHztHa45rotoTss3amW7rrG9Lqc3r-C2Ze5pTVXCkcvOTKOvmc-gBSSpQCAKkgdBIIdwXpIjBnkJka0KBElKCVAt9J9m1Kuri5tpbazhQw3YQ3tuaC90VQz2WCoNvz--QI57ETL:1rseO4:XpyF2XgQRZGiE_bsy7i_ZBwn1jLhP_VzCBJPdAFkN-4	2024-04-19 07:53:24.588164+00
xkbixb1mq5fehddq9gm9rztffnnxnkc7	.eJxVjslqxDAMht8lZxNky4s8x977BKUEeZlJ2pJAllPpu1eCObSH7wPr1-LvYeLrnKfr6Pu0tOE24GD-1grXz75q0D54fWxj3dZzX8qoLeMzPcbXrfWvl2fvvwUzH7NMe2CG1CvGWDxH4nK30Lm6FDl0IAjEVDt7dsXfLfYWWq-eW0aKpXZZeu2Pvp7TuciVUz57DLe3YMkEm02MwUQiIZsEyVAQUjIZUAhCFqKgNTIWXBYhGGsdqryxziWVBM6jSmvJqfSZSSUpgoyhtSqnQlVQaYrw_vMLXTpe2g:1rwhe6:Wuoi-1HiRMmeYb2h8MCaGROOrZ0H3CQOPBMbbzuyqpQ	2024-04-30 12:10:42.545016+00
urj4q19gqefnlcquor2hfeg6iotrfo56	.eJxVTrsOwiAU_RfmhvAovW1Hd7_AGHK50IcaSAqdjP8uTTrocobzfjOLe1nsnsNmV89GpljzyzmkZ4iH4B8Y58QpxbKtjh8WfqqZX5MPr8vp_StYMC813UljaEItSUjCVqADrbQIDoCM051TBMMEA0IQoifZe08DaSINxijoaum-zSEWW9a6UurZzMablKCaCu398wWOvUIB:1rzsTe:iwuE6VcBKByEG624iaitSPucDzDiHZ_HWOJqN16CI8g	2024-05-09 06:21:02.763071+00
kzau335o2voqjrbykt4h1cu2eq2txh7y	.eJxVjjluxDAMRe_iWjAkUQs1Zfo5QRAYlMQZTxLYgJcqyN1DBlMkxXuA-Lnoa5joPObp3HmbHn24DDCYv7VK7YMXDfo7Lfd1bOtybI86asv4TPfxunb-fHn2_lsw0z7LdLBENnODlGqghFRvzjI1nxNFtmgjEjamQL6GmwPusXML1Atgqo1l6bndeTmm4yFXDvnsPlxeo0MTXTEpRZMQhWKyzQajkLMpFoQoFCEJWkPjrC8isMY5D6pgnPdZJYEPoNJa9ip9FlRJClbGwDmVV4EqiuA3KG_fP10XXto:1rwj23:kiIytHmzQrBB65A25AvrpontAB2hvY8Bd-nZ86DKJvQ	2024-04-30 13:39:31.315778+00
0uozyqqqdihbgv9pff8db5mj3reobzb7	.eJxVjrsOwjAMRf8lc1XFSR03jOx8AUJV4gRaQK3UphPi34klBljOcM_146WGsJdx2Le8DlNSB2VU85vFwI88i0j3MN-Wlpe5rFNspdJ-7daelpSfx2_3b8EYtrFOO0Dka7DAGjh0OkSyxuociRijddEw-Sv5QFnrnqFPiT1bZkuIhlxduq-3PJehTPVKqc9u6nAGrxsAQoETkKAX-AYM1sw4I6iVDqFCbCcWUQvM5f0BBeVNlg:1s1Lhh:BS6vwTbxrYHiv_n7If9d8XXL7klqnZ2B3ty5VqR_qp8	2024-05-13 07:45:37.026917+00
jh54k91j9zage38tt4ekohl3ijvo0k5c	.eJxVjk0OwiAQhe_C2hBoC5Yu3XsCY8gAM23VQFJgZby7NOlCt-97f29moZbF1oybXQObmGSnX82Bf2LcQXhAnBP3KZZtdXy38INmfk0BX5fD-1ewQF5amlSnNQ3SAQgXPJBXGntCaUbTn40AMnIw1AnyvRqVbnIXRvSo1WCk2kvrNmMstqxtpbSzmU23--cLYdhAbg:1s1NOR:VoDfB5r5AjXB6InqS5VVm2taQfmj_fDFAePJyvgk-DM	2024-05-13 09:33:51.002399+00
d9c3ux8m2phfseqdry8701kbm74zzh9k	.eJxVTrsOwiAU_RfmhvAovW1Hd7_AGHK50IcaSAqdjP8uTTrocobzfjOLe1nsnsNmV89GpljzyzmkZ4iH4B8Y58QpxbKtjh8WfqqZX5MPr8vp_StYMC813UljaEItSUjCVqADrbQIDoCM051TBMMEA0IQoifZe08DaSINxijoaum-zSEWW9a6UurZzMablKCaCm0jW2Puny_ZYEL8:1s0JIk:TC21TsgizolP5ClEMFFvDpnZO1C5KIDoL__F-PkPY40	2024-05-10 10:59:34.595988+00
8og29zyboq8v7g3o0tfy7w99td7r9871	.eJxVjjtuxDAMRO_iWjBEkZLpLdPvCYLAoD673iSwAX-qIHcPGWyRFPMw0gwpfXWTnMc8nXvbpkftLh127u9dlvLRFgvquyz3tS_rcmyP3Fulf6Z7f11r-3x5dv8tmGWfdZq8iB9awZQySWLJN_BNShiSxObZRxYuTUhCphtgq7G2QlJH5JRL06Xndm_LMR0PfeXQz-7d5TUQO4bgGL0KVOZRRaromPXM5MaQVIOKVaMDADSQg0DJMDjAgAYyRAWZi2AIBh3DZG7QMoE3aEoWUNJZYnYQfTJoJQZzwRz-wlLUciRv4LfvH7Q2Zrw:1s1Jhh:miNBVVvyQEKhC7ILzbj_p7qk7ZJtcvACoOFb9G63dR0	2024-05-13 05:37:29.433299+00
l0jclthozykez00i9oe7usdf9msp8kf7	.eJxVjs1uxCAMhN8lZxRhbMDZY-_7BFUVGcJutq0SKT-nqu9eu9pDe5hPY2YMfHWjnMc8nnvbxsfUXTrs3N-zIvWjLRZM77Lc176uy7E9Sm-V_pnu_XWd2ufLs_vvgln2WbfJi_jcKqZUSBJLuYFvUkNOEptnH1m4NiEJhW6AbYpTqyTTgJxKbXrpud3bcozHQ1859LN7d3kNxI4hOEavApV5VJEqOmadmdwQkiqrWDU4AEADOQiUDNkBBjSQISrIXARDMOgaJnNZywTeoClZQEl3idlB9MmglRjMBXP4C0tRy5G8wcZkY7YxgyG8ff8A211qqw:1s1N62:D2IyIYAqhVzSYxqvWfh7zO5NgeUUdTHC9uoEibZkX9U	2024-05-13 09:14:50.002342+00
5ix2v07d53vgq6y7prtxef59qx0iolra	.eJxVjEEOwiAQRe_C2hBghCku3fcMZBioVA0kpV0Z765NutDtf-_9lwi0rSVsPS9hTuIijDj9bpH4kesO0p3qrUludV3mKHdFHrTLsaX8vB7u30GhXr6109byRKBZaaazoohgQOWIyDaCi4bRT-gJs1ID6yEl9gzMgNYadOL9AeG_N8Q:1rzsTZ:xm6UOca2sbOXwp2grnHe7KnEIvBr9elysi4Pgpmm2sc	2024-05-09 06:20:57.784309+00
\.


--
-- Data for Name: ticket_customer; Type: TABLE DATA; Schema: public; Owner: avnadmin
--

COPY public.ticket_customer (id, name, opening_balance, user_id) FROM stdin;
3	Muhammad Abubaker	0.00	2
6	Khak E Batha	245383.00	2
7	IS International	71792.00	2
8	Hafiz Abdullah	69394.00	2
9	KHT	-61926.00	2
11	Ahmad Shakargarh	27061.00	2
13	Sayyed Sabbar Bukhari	75850.00	2
92	NEW ZIKARIYA TRAVEL-CUS	0.00	3
93	AR TRAVEL-CUS	0.00	3
94	AZMIN TRAVEL-CUS	-33627.00	3
95	ASRA TRAVEL-CUS	2560.00	3
14	Rauf	124696.00	2
97	MADNI TRAVEL-CUS	536697.00	3
98	KARWAN E MUBARAK-CUS	60719.00	3
99	DUA E HARAM TRAVEL-CUS	-5217.00	3
100	KARWAN E MAHSOOMA DR MUNIR-CUS	202474.00	3
101	Perfect Travel	0.00	2
102	SADAM	0.00	2
40	Quest Travel	18952.00	2
103	REHMAN TRAVEL-CUS	60.00	3
104	TAYYAB OFFICE-CUS	0.00	3
122	DAR UL SAFAR TRAVEL-CUS	0.00	3
123	KARWAN E FAZLIA-CUS	0.00	3
16	JJ	401325.00	2
19	Arif Khan Langah	15500.00	2
21	KK	54391.00	2
24	Hafiz Shafeeq Kabeerwala	44370.00	2
25	Qari Saeed Ahmad	77034.00	2
26	Mujeeb	145000.00	2
27	Muhammad tayyab	218150.00	2
28	Ali	0.00	1
37	Shazam	0.00	2
38	Yasir Iqbal	0.00	2
17	Zin	184410.00	2
41	Ghazanfar Abbas	35700.00	2
43	Sahil Air	0.00	2
45	Royal Falcon	0.00	2
44	Abdul Nabi	186020.00	2
107	HABIB AHMAD  OFFICE-CUS	6505.00	3
12	Anas Tayyab	-83050.00	2
108	MUREED HARMAIN-CUS	546533.00	3
23	Hafiz Rizwan	58095.00	2
36	JAVEED MEHMOOD	0.00	2
22	Talha Jaffar	40099.00	2
46	Ali Mastoi	0.00	2
47	Irfan Bhatti	0.00	2
48	FORT MUNRO-CUS	1377536.00	3
52	RANDHAWA TRAVEL-CUS	62909.00	3
53	ZUBAIR INTERNATIONAL-CUS	939472.00	3
54	AL MUTEERI TRAVEL-CUS	31312.00	3
55	SHAZAM TRAVEL-CUS	18199.98	3
58	SAAD KHAN-CUS	750.00	3
59	ARFEEN TRAVEL-CUS	242054.50	3
60	Premium Travel	0.00	2
61	FAISAL KARACHI-CUS	626152.10	3
62	HASEEB AL HADAF-CUS	511151.00	3
63	AISHA SIDDIQA TRAVEL-CUS	-248.00	3
65	IKRAAM MADINA SHARIF-CUS	652559.00	3
66	DOCTOR YASEEN-CUS	727978.76	3
69	MAARIB TRAVEL-CUS	-78125.00	3
71	DHALOON TRAVEL-CUS	232924.00	3
72	ADEEB TRAVEL-CUS	50886.00	3
74	KHALIL AHMAD FAROOQI-CUS	0.00	3
75	TRAVEL POINT-CUS	450704.00	3
76	CC	0.00	2
78	ADAN TRAVEL-CUS	0.00	3
79	MANAN D.G KHAN-CUS	182807.00	3
81	MUSHTAQ KHAN GARH-CUS	11605.00	3
82	HAMZA ALI TRAVEL-CUS	100000.00	3
83	IFTEKHAR ASF AIRPORT-CUS	0.00	3
84	HAFIZ ASLAM SHB-CUS	162009.00	3
85	SHAHBAZ QATAR-CUS	1542.00	3
86	MALAIKA RIAZ TRAVEL-CUS	202758.00	3
87	KARWAN E ZAHRA BATOOL KZB TRAVEL-CUS	0.00	3
5	Wazeer Khan Dera	186720.00	2
88	Rizwan Burewala	0.00	2
89	MUZAMMIL	11130.00	2
90	Hasnain Kareemain	280573.00	2
42	Sohail Afzal	0.00	2
91	ASIF KABIRWALA-CUS	451369.00	3
109	QASIM BHAI-CUS	25200.00	3
80	TNN TRAVEL-CUS	12750.00	3
111	REHMAT UL LILALAMIN-CUS	361430.50	3
112	UZAIR MUSTAFA-CUS	142509.80	3
113	AL REHMA TRAVEL-CUS	0.00	3
114	MILAT PUNJAB TRAVEL-CUS	165000.00	3
115	ATTA AND SONS TRAVEL-CUS	0.00	3
116	MOLE TRAVEL-CUS	63585.50	3
117	BAAB AL UMRAH TRAVEL-CUS	0.00	3
118	AL HAREEM TRAVEL-CUS	157679.50	3
119	KMT	0.00	2
120	VENUS	0.00	2
121	QARI ABDUL RASHEED-CUS	-4079.00	3
124	KAZMI TRAVEL-CUS	0.00	3
125	KHURSHID ALI PUR-CUS	0.00	3
73	COUNTER SALE	4818519.50	3
126	ZOHAIB SHB-CUS	13389.00	3
127	ZUBAIR WAQAR MADINA TRAVEL-CUS	6215.00	3
128	ANAS SAEED TRAVEL A/C2-CUS	913244.00	3
129	FORT MUNRO INTERNATIONAL-CUS	88202.00	3
130	HEAVEN DROPS-CUS	2000.00	3
131	EWAN E ABID TRAVEL-CUS	0.00	3
132	AL NASEEB TRAVEL-CUS	-4380.00	3
133	MASOOD TRAVEL-CUS	3985.60	3
134	ANSAR GHILANI TRAVEL-CUS	229942.00	3
135	UBAID UR REHMAN-CUS	410632.50	3
136	AL KAHF TRAVEL-CUS	14.00	3
137	GAREEB NAWAZ TRAVEL-CUS	73101.60	3
138	ARK INTERNATIONAL TRAVEL-CUS	0.00	3
139	NOOR BHAI-CUS	29601.00	3
140	AL FAIZ TRAVEL-CUS	75602.20	3
141	ALI GLOBEL DESERT-CUS	90382.50	3
142	SHIRKA AZLAN-CUS	0.00	3
143	TAYYAB TRAVEL-CUS	39756.00	3
56	BASHIR IBRAHIM TRAVELS-CUS	226079.00	3
70	NEW SARBULAND TRAVEL-CUS	822742.00	3
110	ONE WORLD TRAVEL-CUS	168942.00	3
57	PAK SAHER TRAVEL-CUS	0.00	3
64	ABDUL SHAKOOR SAHIB-CUS	1773554.00	3
50	RS TRAVELS-CUS	688974.50	3
146	AL ASSAS TRAVEL-CUS	0.00	3
147	RAZA TRAVEL-CUS	0.00	3
148	IDEAL HOLIDAYS TRAEL-CUS	0.00	3
149	PAK WADI TRAVEL-CUS	0.00	3
150	JAHANIAN TRAVEL-CUS	0.00	3
151	SONEHRI TRAVEL-CUS	0.00	3
153	MAJID BHAI-CUS	0.00	3
154	FORT MUNROO	0.00	2
67	AL AWWAL TRAVEL-CUS	15.00	3
156	KARWAN E HASSAN TRAVEL-CUS	126009.00	3
105	CHANGAIZ LAGARI TRAVEL-CUS	369513.00	3
145	AVERIO TRAVEL-CUS	1410368.00	3
158	SHAH ABDULLAH TRAVEL-CUS	0.00	3
159	GOLDEN SAFA TRAVEL-CUS	0.00	3
144	AAF TRAVEL-CUS	157075.00	3
152	ABDUL JABBAR-CUS	45000.00	3
\.


--
-- Data for Name: ticket_hotel; Type: TABLE DATA; Schema: public; Owner: avnadmin
--

COPY public.ticket_hotel (id, hotel_name, area, distance, city, user_id, active) FROM stdin;
1	Lolo Barkah	500	100	0	1	t
3	Hadaya Tul Kurba	Ibrahim Khalil Road	15000	1	3	t
4	Land Premium	Hijra Road	1000	1	3	t
5	Jawrat Majd/ Dairi Majd/ Miad Majd	Hijra Road	850	1	3	t
6	Rushad Al Majd	Ibrahim Khalil Road	600	1	3	t
7	Saif Al Majd	Hijra Road	700	1	3	t
8	Yasmin Al Majd	Hijra Road	550	1	3	t
9	Hiba Hujra 4	Ibrahim Khalil Road	500	1	3	t
10	Jood Al Marjan	Awali Side	1500	0	3	t
11	Ibrahim Sakni/ Haif Sakni (Building)	Bab Salam	600	0	3	t
12	Minar Al Madina	Bab Salam	700	0	3	t
13	Lolo Barkah/ Anwar Taqwa	Bab Salam	550	0	3	t
14	Manazil Widyar Al Madina	First Row After Markazia	450	0	3	t
15	Rou Al Khair	First Row After Markazia	450	0	3	t
16	Rou Al Iman	Markazia	450	0	3	t
17	Rou Taiba	Markazia	250	0	3	t
\.


--
-- Data for Name: ticket_hotelbooking; Type: TABLE DATA; Schema: public; Owner: avnadmin
--

COPY public.ticket_hotelbooking (id, check_in, check_out, nights, hotel_id, room_id, voucher_id) FROM stdin;
29	2024-04-04	2024-05-08	34	1	1	4
30	2024-05-02	2024-05-13	11	1	2	4
31	2024-05-13	2024-05-28	15	1	1	4
3	2024-04-03	2024-04-16	13	1	1	1
4	2024-04-16	2024-04-24	8	1	1	1
2	2024-04-03	2024-04-17	14	1	1	3
1	2024-05-01	2024-05-15	14	1	2	1
\.


--
-- Data for Name: ticket_issued; Type: TABLE DATA; Schema: public; Owner: avnadmin
--

COPY public.ticket_issued (id, issued_by, user_id) FROM stdin;
4	Anas	2
5	Rashid	2
6	Mujeeb	2
7	Ubaid	2
8	Hamza	3
9	Abdur Rehman	3
10	Tayyab	3
11	Umair	3
\.


--
-- Data for Name: ticket_ledger; Type: TABLE DATA; Schema: public; Owner: avnadmin
--

COPY public.ticket_ledger (id, payment, payment_date, description, customer_id, user_id, supplier_id, status) FROM stdin;
66	160000.00	2024-03-05 08:29:00+00	Recived	17	2	\N	1
1	375000.00	2024-03-01 09:27:00+00	Bank Alfallah\r\nTransaction Successful	\N	2	3	1
3	440000.00	2024-03-02 09:36:00+00	Mezaan Bank Payment	\N	2	3	1
4	-750.00	2024-03-02 11:55:00+00	Golootlo Token	\N	2	21	1
5	131000.00	2024-03-02 12:00:00+00	ALFALAH-0114001008240868	\N	2	3	1
8	111750.00	2024-03-03 08:04:00+00	Rasst transfer to Ubaid account	37	2	\N	1
9	60000.00	2024-04-03 06:52:00+00	UBL Transaction	7	2	\N	1
67	50000.00	2024-03-02 08:35:00+00	Meezan	17	2	\N	1
11	500000.00	2024-03-04 10:34:00+00	Transfer From Meezan to NCT	\N	2	3	1
12	250000.00	2024-03-03 09:24:00+00	HBL TO HBL	\N	2	3	1
13	90000.00	2024-03-02 09:43:00+00	Credit Card Payment	\N	2	21	1
14	158586.00	2024-03-03 10:11:00+00	UBL TO NCT	\N	2	3	1
15	209872.00	2024-03-02 10:59:00+00	HBL to FZ	\N	2	5	1
18	-250000.00	2024-03-04 06:44:00+00	HBL	9	2	\N	1
19	-70000.00	2024-03-04 06:45:00+00	Alsaboor	9	2	\N	1
20	-200.00	2024-03-04 15:45:00+00	habibullah jalapur	9	2	\N	1
21	-200.00	2024-03-04 15:45:00+00	huma mushtaq gujranwala	9	2	\N	1
22	150000.00	2024-03-04 15:46:00+00	cash received	9	2	\N	1
23	320000.00	2024-03-04 15:46:00+00	sv 2 tkts	9	2	\N	1
24	-102000.00	2024-03-04 15:46:00+00	To Arbab Travels	9	2	\N	1
16	-17422.00	2024-03-03 15:39:00+00	Chase up	\N	2	21	1
25	90000.00	2024-03-04 12:36:00+00	Muhammad Ismael to Ubaid UBL	7	2	\N	1
26	100000.00	2024-03-04 09:33:00+00	Ismael to Ubaid HBL	7	2	\N	1
27	137000.00	2024-03-05 09:33:00+00	HBL to Air Sial(PF)	\N	2	8	1
29	45000.00	2024-03-04 10:47:00+00	JJ to Ubaid Raast	16	2	\N	1
30	200000.00	2024-03-04 06:46:00+00	JJ to Raast	16	2	\N	1
31	250000.00	2024-03-03 08:20:00+00	JJ to Raast	16	2	\N	1
32	225000.00	2024-03-02 09:31:00+00	JJ to Raast	16	2	\N	1
33	84000.00	2024-03-01 16:19:00+00	JJ to Raast	16	2	\N	1
34	200000.00	2024-03-01 12:15:00+00	JJ to Raast	16	2	\N	1
35	1800.00	2024-03-05 10:16:00+00	SUNDAY BONUS	12	2	\N	1
36	101000.00	2024-03-05 10:14:00+00	Transfer from HBL	\N	2	2	1
37	-63000.00	2024-03-01 10:23:00+00	3 multiple Visa	16	2	\N	1
38	-49000.00	2024-03-05 10:24:00+00	Ghulam Hyder UAE visa	16	2	\N	1
39	32520.00	2024-03-05 10:27:00+00	Payment Recived\r\n04 Mar 09:22 p.m.\tGLQ17S\tSAMI ULLAH\tRs: 32,520.00	44	2	\N	1
41	139000.00	2024-03-05 10:30:00+00	Alfalaha Transaction	44	2	\N	1
42	35700.00	2024-03-04 10:34:00+00	Transfered to HBL	41	2	\N	1
45	141400.00	2024-03-01 11:11:00+00	Muhammad Irfan Refund	8	2	\N	1
69	287000.00	2024-03-06 08:50:00+00	Tranfered to NCT	\N	2	3	1
70	100000.00	2024-03-06 09:58:00+00	ubl	\N	2	2	1
47	6000.00	2024-03-01 11:17:00+00	PK VIsa	8	2	\N	1
49	30000.00	2024-03-02 11:18:00+00		23	2	\N	1
50	72200.00	2024-03-05 11:22:00+00	ABdul Raf JED KHI reamining payment	23	2	\N	1
52	150000.00	2024-03-02 11:46:00+00	received in hbl	36	2	\N	1
53	135400.00	2024-03-04 12:00:00+00	recived in hbl	36	2	\N	1
54	485000.00	2024-03-05 12:01:00+00	CA ALFLLAH	\N	2	3	1
56	92824.00	2024-03-04 16:30:00+00	recived in ubl	45	2	\N	1
57	55000.00	2024-03-05 06:57:00+00	recived in hbl	22	2	\N	1
58	150000.00	2024-03-06 06:34:00+00	Recived in HBL from GHULAM JAFFAR	22	2	\N	1
59	250000.00	2024-03-06 07:06:00+00	Trasnfered from HBL	\N	2	2	1
60	100000.00	2024-03-04 07:11:00+00	Recived in UBL	14	2	\N	1
61	130000.00	2024-03-05 11:13:00+00	Cash Deposit	5	2	\N	1
62	180000.00	2024-03-05 07:43:00+00	Ammount recived	6	2	\N	1
63	130000.00	2024-03-06 07:47:00+00	transfered from meezan	\N	2	6	1
64	1500.00	2024-03-06 08:00:00+00	Muhammad Bilai Void\r\n75S6DX	47	2	\N	1
65	109000.00	2024-03-06 08:01:00+00	Recived in hbl	7	2	\N	1
71	67000.00	2024-03-06 09:02:00+00	recived in hbl	5	2	\N	1
72	100000.00	2024-03-06 11:03:00+00	Raast transfer	22	2	\N	1
73	130000.00	2024-03-06 11:05:00+00	Raast	16	2	\N	1
74	96000.00	2024-03-06 12:35:00+00	HBL	\N	2	5	1
75	214000.00	2024-03-06 12:46:00+00	ID 959\r\nAccount 2101	24	2	\N	1
51	214000.00	2024-03-05 11:46:00+00	ID: 107\r\nreceived in hbl	24	2	\N	1
76	180000.00	2024-03-06 13:01:00+00	cash deposit	24	2	\N	1
77	47000.00	2024-03-06 13:15:00+00	Paid By Cash\r\n8TPE5T	37	2	\N	1
79	343400.00	2024-03-07 07:17:00+00	UBL	41	2	\N	1
80	50000.00	2024-03-07 08:47:00+00	ID: 0724\r\nAccount: 2853	5	2	\N	1
81	25000.00	2024-03-06 09:59:00+00	ID: 9233\r\nAccount: 2853	5	2	\N	1
82	45000.00	2024-03-06 09:01:00+00	ID: 9233\r\nAccount: 2853	5	2	\N	1
83	3000.00	2024-03-07 09:02:00+00	Payemnt Clear	38	2	\N	1
84	150000.00	2024-03-06 11:17:00+00	ID: FX12\r\nAccount: 2853	17	2	\N	1
85	152000.00	2024-03-06 09:20:00+00	Meezan	17	2	\N	1
86	100000.00	2024-03-07 09:23:00+00	ID: 5902\r\nAccount: 2101	8	2	\N	1
87	100000.00	2024-03-07 07:38:00+00	ID: BMQD\r\nAccount: 5655	47	2	\N	1
88	45500.00	2024-03-07 09:41:00+00	ID: 3406\r\nAccount:5655	47	2	\N	1
89	100000.00	2024-03-07 09:42:00+00	Received	19	2	\N	1
90	145000.00	2024-03-07 09:43:00+00	From HBL To PF	\N	2	8	1
92	144400.00	2024-03-07 09:48:00+00	Adjusted to Nill	37	2	\N	1
95	454000.00	2024-03-07 09:56:00+00	transfered to NCT	\N	2	3	1
96	-750.00	2024-03-06 17:01:00+00	Goolotlo	\N	2	21	1
97	39000.00	2024-03-07 10:08:00+00	Faisal Nawaz Refund	6	2	\N	1
98	13500.00	2024-03-07 10:12:00+00	Account Adjusted	47	2	\N	1
6	100000.00	2024-02-29 12:29:00+00	Received in  Meezan Bank Account	3	2	\N	1
99	156650.00	2024-03-05 10:36:00+00	Meezan	3	2	\N	1
100	1040.00	2024-03-04 10:36:00+00	Chaseup purchase	\N	2	21	1
101	-3500.00	2024-03-07 10:44:00+00	Insurance	3	2	\N	1
102	60000.00	2024-03-07 11:00:00+00	Paid By Cash	\N	2	2	1
78	107500.00	2024-03-06 07:16:00+00	Reccived in UBL	43	2	\N	1
103	600000.00	2024-03-07 11:14:00+00	UBL to UBL	\N	2	3	1
106	50000.00	2024-03-08 09:26:00+00	Paid in Cash	\N	2	2	1
107	50000.00	2024-03-08 09:27:00+00	Paid by HBL	\N	2	2	1
108	202000.00	2024-03-08 09:28:00+00	Paid By Alfallah	\N	2	3	1
109	70000.00	2024-03-08 09:30:00+00	Paid in account	17	2	\N	1
110	50000.00	2024-03-08 12:55:00+00	recived in ubl	42	2	\N	1
111	55000.00	2024-03-04 12:58:00+00	Recived in UBL	42	2	\N	1
112	311000.00	2024-03-09 08:24:00+00	Paid to NCT UBL	\N	2	3	1
113	425000.00	2024-03-09 08:24:00+00	Paid by HBL	\N	2	3	1
114	1000.00	2024-03-08 12:40:00+00	Transfered to alfa	47	2	\N	1
115	300000.00	2024-03-08 08:30:00+00	Payment recived in UBL	5	2	\N	1
116	95000.00	2024-03-09 08:32:00+00	Raast transfer	37	2	\N	1
117	215000.00	2024-03-08 04:43:00+00	Bank Alfa	24	2	\N	1
118	43500.00	2024-03-08 17:28:00+00	Meezan	3	2	\N	1
120	100000.00	2024-03-08 08:49:00+00	Received from JJ	16	2	\N	1
122	250000.00	2024-03-08 11:34:00+00	Recived in HBL	7	2	\N	1
172	-2918.00	2024-03-09 10:38:00+00	Storm Fiber Bill	\N	2	21	1
119	-600.00	2024-03-08 08:43:00+00	Courier	9	2	\N	1
123	75000.00	2024-03-09 10:04:00+00	Recived Direct In Credit Card	\N	2	21	1
125	57500.00	2024-03-07 12:30:00+00	HBL	22	2	\N	1
124	140000.00	2024-03-08 12:30:00+00	HBL	22	2	\N	1
126	3200.00	2024-03-11 12:51:00+00	SUNDAY BONUS	12	2	\N	1
127	50000.00	2024-03-11 09:31:00+00	hbl	21	2	\N	1
128	162400.00	2024-03-11 18:04:00+00	meezan bank	3	2	\N	1
129	300000.00	2024-03-11 18:23:00+00	hbl	7	2	\N	1
130	150000.00	2024-03-10 17:53:00+00	RAAST	16	2	\N	1
132	181500.00	2024-03-12 06:46:00+00	Account 2853	14	2	\N	1
133	500000.00	2024-03-11 16:45:00+00	Alfa\r\nAccount 0237	60	2	\N	1
134	1500.00	2024-03-11 07:05:00+00	ALFA	47	2	\N	1
135	1000.00	2024-03-12 07:58:00+00	hbl	47	2	\N	1
136	242724.00	2024-03-12 07:58:00+00	Meezan	60	2	\N	1
137	100000.00	2024-03-11 10:01:00+00	UBL	5	2	\N	1
138	100000.00	2024-03-09 10:01:00+00	HBL	22	2	\N	1
139	100000.00	2024-03-10 10:03:00+00	2539\r\nHBL	22	2	\N	1
140	40000.00	2024-03-12 10:04:00+00	Meezan	22	2	\N	1
141	268000.00	2024-03-12 10:05:00+00	UBL	\N	2	3	1
142	30000.00	2024-03-12 10:05:00+00	Cash	\N	2	2	1
144	120000.00	2024-03-12 10:46:00+00	Meezan	\N	2	6	1
145	43000.00	2024-03-12 11:08:00+00	Paid	8	2	\N	1
146	217000.00	2024-03-12 11:08:00+00	UBL	\N	2	3	1
147	-5250.00	2024-03-12 11:10:00+00	March\r\nOffice Rent	90	2	\N	1
181	308000.00	2024-03-16 08:36:00+00	Send to NCT	\N	2	3	1
182	403472.00	2024-03-16 09:37:00+00	Send by UBL	\N	2	3	1
121	100000.00	2024-03-09 08:50:00+00	Raast Transfer	16	2	\N	1
131	100000.00	2024-03-11 06:42:00+00	Account 2853	6	2	\N	1
148	-500.00	2024-03-11 11:13:00+00	Faizan Ahmad Reissue	6	2	\N	1
149	50000.00	2024-03-11 11:28:00+00	UBL	89	2	\N	1
150	200000.00	2024-03-09 11:31:00+00	Alfalah	60	2	\N	1
151	50000.00	2024-03-01 11:33:00+00	Cheque	25	2	\N	1
152	60000.00	2024-03-02 10:14:00+00	HBL	40	2	\N	1
155	-200.00	2024-03-13 06:45:00+00	Courier	9	2	\N	1
156	100000.00	2024-03-13 06:45:00+00	HBL	\N	2	2	1
157	130000.00	2024-03-13 08:28:00+00	HBL	22	2	\N	1
158	250000.00	2024-03-14 07:42:00+00	Alflah\r\nfrom account: 2101	\N	2	8	1
159	127000.00	2024-03-12 07:43:00+00	From UBL To HBL	\N	2	8	1
160	42000.00	2024-03-14 07:45:00+00	Reciveed In Cash	37	2	\N	1
161	83800.00	2024-03-13 00:12:00+00	Account: 2853	43	2	\N	1
162	83800.00	2024-03-14 17:41:00+00	Alfallah	8	2	\N	1
163	380000.00	2024-03-14 06:45:00+00	cash Deposit	24	2	\N	1
164	400000.00	2024-03-13 08:51:00+00	Cash Deposit	24	2	\N	1
165	97500.00	2024-03-14 08:54:00+00	Alfallah	47	2	\N	1
166	45000.00	2024-03-13 08:57:00+00	UBL to UBL	7	2	\N	1
168	500.00	2024-03-13 09:00:00+00	Meezan	22	2	\N	1
169	77000.00	2024-03-13 09:05:00+00	Meezan	22	2	\N	1
170	59000.00	2024-03-12 09:06:00+00	Alfallah	44	2	\N	1
171	10000.00	2024-03-14 10:08:00+00	Received in cash	25	2	\N	1
173	152000.00	2024-03-14 10:39:00+00	HBL	\N	2	3	1
174	144000.00	2024-03-14 10:01:00+00	Alfallah	\N	2	3	1
175	600000.00	2024-03-13 11:04:00+00	Alfallah	\N	2	3	1
176	142000.00	2024-03-12 11:04:00+00	Alfallah	\N	2	3	1
177	500000.00	2024-03-11 11:06:00+00	HBL	\N	2	3	1
178	390000.00	2024-03-11 11:09:00+00	Meezan	\N	2	3	1
180	150000.00	2024-03-14 11:15:00+00	UBL	\N	2	8	1
179	515000.00	2024-03-11 09:09:00+00	A00009 - CA ALFALAH-0114001008240868	\N	2	3	1
183	-94394.00	2024-03-16 09:39:00+00	Redund Yet not received	\N	2	21	1
143	5000.00	2024-03-12 10:10:00+00	Cash	\N	2	21	1
184	100000.00	2024-03-16 09:40:00+00	recived payment	\N	2	21	1
185	100000.00	2024-03-16 10:17:00+00	Recvied in Meezan	16	2	\N	1
186	100000.00	2024-03-15 10:22:00+00	UBL	16	2	\N	1
187	95000.00	2024-03-15 10:23:00+00	Meezan	16	2	\N	1
217	82000.00	2024-04-02 09:05:00+00		\N	2	2	1
218	150000.00	2024-04-05 09:21:00+00	UBL	\N	2	2	1
216	200000.00	2024-04-04 09:03:00+00	MEEZAN	\N	2	2	1
219	200000.00	2024-04-03 09:54:00+00	meezan	\N	2	8	\N
220	150000.00	2024-04-02 10:04:00+00	hbl	\N	2	8	\N
221	170000.00	2024-03-26 10:05:00+00		\N	2	8	\N
222	200000.00	2024-03-25 10:06:00+00	ubl	\N	2	8	\N
223	200000.00	2024-03-22 10:07:00+00	ubl	\N	2	8	\N
224	172000.00	2024-03-19 10:08:00+00	hbl	\N	2	8	\N
225	100000.00	2024-03-18 10:10:00+00	ubl	\N	2	8	\N
226	274900.00	2024-04-08 07:25:00+00	Transaction Details\r\nLele Nod RrA0P\r\n \r\nUbaid Ul Rehman\r\nFrom\r\n288352853\r\nto New Choudhary Travels\r\n207007109\r\nBank UBL\r\nStatus Paid\r\nBebe Rs. 274,900\r\n \r\nFor latest schedule of charges, kindly visit your branch\r\nor UBL Digital website.\r\nwww.ubldigital.com	\N	2	3	1
227	150000.00	2024-03-25 09:55:00+00	HBL	\N	2	5	1
228	100000.00	2024-04-08 11:57:00+00	Transaction Successful\r\nU7 NPR asta aah\r\nPK13MEZN0005030106659723\r\nSVS Ao\r\nrs. 100,000\r\nto\r\nSYED M ALI\r\nETN od Salalalala UL\r\n08 Apr 2024 12:38 PM\r\nTransaction ID (TID): 896831\r\nTransactions conducted after 09:00 PM and\r\nduring holidays will show up in receiver's\r\nstatement in next working day but balance will\r\nbe updated in real time.	\N	2	2	1
229	113000.00	2024-04-09 09:35:00+00	MEEZAN	\N	2	8	1
230	150000.00	2024-04-09 09:35:00+00	MEEZAN	\N	2	6	1
231	115000.00	2024-04-09 09:35:00+00	HBL	\N	2	5	1
232	150000.00	2024-04-15 09:43:00+00	HBL	\N	2	5	1
233	150000.00	2024-04-15 10:04:00+00	HBL	\N	2	5	1
234	121000.00	2024-03-26 11:41:00+00	MEEZAN	\N	2	6	1
235	100000.00	2024-03-23 11:42:00+00	HBL	\N	2	6	1
236	200000.00	2024-03-19 11:42:00+00	MEEZAN	\N	2	6	1
237	199000.00	2024-03-18 11:43:00+00	HBL	\N	2	6	1
240	100000.00	2024-04-16 10:07:00+00	MEEZAN	\N	2	6	1
241	196000.00	2024-04-16 11:28:00+00	MEEZAN	\N	2	8	1
242	105000.00	2024-04-16 11:29:00+00	UBL	\N	2	5	1
244	100000.00	2024-04-16 11:03:00+00	TRANSFER TO UBL	\N	2	2	1
245	300000.00	2024-04-19 09:25:00+00	HBL	\N	2	5	1
246	199000.00	2024-04-17 09:25:00+00	HBL	\N	2	5	1
247	200000.00	2024-04-18 11:49:00+00	MEEZAN	\N	2	6	1
248	188000.00	2024-04-22 11:50:00+00	MEEZAN	\N	2	6	1
55	4061265.00	2024-04-23 13:45:00+00	Adjustment	\N	3	9	1
250	3049127.00	2024-04-24 10:10:00+00	Adjustment	\N	3	13	1
251	11430414.00	2024-04-24 10:12:00+00	Adjustment	\N	3	11	1
252	5162596.00	2024-04-24 10:14:00+00	Adjustment	\N	3	10	1
253	3578518.00	2024-04-24 10:44:00+00	Adjustment	\N	3	20	1
254	8209478.00	2024-04-24 10:48:00+00	Adjustment	\N	3	25	1
255	16405270.00	2024-04-24 10:54:00+00	Adjustment	\N	3	36	1
256	1722787.00	2024-04-24 10:57:00+00	Adjustment	\N	3	12	1
257	662000.00	2024-04-24 11:01:00+00	Payment in April-2024	\N	3	41	1
258	135000.00	2024-04-24 11:07:00+00	Adjustment	\N	3	43	1
259	1216000.00	2024-04-24 11:12:00+00	Adjustment	\N	3	34	1
260	7860837.00	2024-04-24 11:28:00+00	Adjustment	\N	3	35	1
261	312000.00	2024-04-24 11:30:00+00	Adjustment	\N	3	33	1
262	5877960.00	2024-04-24 11:48:00+00	Adjustment	\N	3	17	1
263	1078000.00	2024-04-24 12:28:00+00	Payment in March-2024	\N	3	30	1
264	43900.00	2024-04-24 12:35:00+00	Payment in April-2024	\N	3	27	1
265	157000.00	2024-04-24 13:06:00+00	Payment in March-2024	\N	3	32	1
266	3180599.00	2024-04-24 13:43:00+00	Pymnt & Adjsmnt in March & April-2024	\N	3	18	1
309	930340.00	2024-04-27 10:42:00+00	REC PAYMENTS	105	3	\N	1
268	1000000.00	2024-04-24 14:18:00+00	Pymnt from UBL	\N	3	44	1
269	860000.00	2024-04-24 14:20:00+00	Pymnt from MBL	\N	3	44	1
270	150000.00	2024-04-24 05:42:00+00	Paid HBL	\N	3	25	1
271	400000.00	2024-04-24 05:44:00+00	Paid cash HBL	\N	3	25	1
272	200000.00	2024-04-19 07:19:00+00	Bank: UBL\r\nFrom: From Ubaid Ul Rehman\r\nFrom Account: to Travel Point 377 Pvt Limited\r\nTo: PK79UNILO109000302039131\r\nTo IBAN: Bank UBL	\N	2	2	1
273	70000.00	2024-04-20 06:24:00+00	Give cash to Travel point	\N	2	2	1
274	100000.00	2024-04-16 06:28:00+00	Paid in cash	\N	2	2	1
275	299420.00	2024-04-25 08:09:00+00	Paid cash HBL	\N	3	13	1
276	145000.00	2024-04-22 08:27:00+00	Paid in Cash	\N	2	2	1
277	250000.00	2024-04-26 08:13:00+00	Paid cash HBL	\N	3	10	1
278	500000.00	2024-04-26 08:15:00+00	Paid in HBL	\N	3	9	1
279	250000.00	2024-04-26 08:18:00+00	Paid in HBL	\N	3	12	1
282	100000.00	2024-04-26 08:47:00+00	Bank: HBL\r\nFrom: UBAID\r\nTo: TRAVEL POINT 37\r\nTo IBAN: *2055	\N	2	2	1
283	3350000.00	2024-04-26 09:12:00+00	Paid in Askari bank	\N	3	44	1
284	150000.00	2024-04-22 09:16:00+00	UBL	\N	2	8	1
285	111000.00	2024-04-24 09:16:00+00	HBL	\N	2	8	1
286	142500.00	2024-04-26 09:17:00+00	MEEZAN	\N	2	8	1
302	6375068.00	2024-04-27 09:35:00+00	REC PAYMENTS	48	3	\N	1
294	100000.00	2024-04-23 11:05:00+00	UBL	\N	2	5	1
327	4117570.00	2024-04-27 13:15:00+00	REC PAYMENTS	53	3	\N	1
305	3166100.00	2024-04-27 10:17:00+00	REC PAYMENTS	61	3	\N	1
295	900000.00	2024-04-26 12:48:00+00	Paid cash	\N	3	19	1
306	150000.00	2024-04-23 10:25:00+00	REC IN MBL	61	3	\N	1
307	100000.00	2024-04-25 10:26:00+00	REC IN MBL	61	3	\N	1
296	150000.00	2024-03-09 07:05:00+00	REC IN UBL	86	3	\N	1
297	130000.00	2024-03-21 07:06:00+00	REC IN UBL	86	3	\N	1
298	200000.00	2024-04-01 07:07:00+00	REC IN UBL	86	3	\N	1
299	200000.00	2024-04-05 07:07:00+00	REC IN UBL	86	3	\N	1
300	70000.00	2024-04-16 07:08:00+00	REC IN UBL	86	3	\N	1
301	100000.00	2024-04-24 07:09:00+00	REC IN UBL	86	3	\N	1
303	200000.00	2024-04-18 09:36:00+00	REC IN HBL	48	3	\N	1
304	480000.00	2024-04-22 09:40:00+00	REC IN UBL	48	3	\N	1
308	50000.00	2024-04-26 10:27:00+00	REC IN MBL	61	3	\N	1
310	150000.00	2024-04-20 10:43:00+00	REC IN UBL	105	3	\N	1
311	74000.00	2024-04-25 10:44:00+00	REC IN UBL	105	3	\N	1
312	105600.00	2024-04-27 10:45:00+00	REC IN MBL	105	3	\N	1
313	181708.00	2024-04-03 10:59:00+00	REC IN HBL	56	3	\N	1
314	141500.00	2024-04-09 11:00:00+00	REC IN HBL	56	3	\N	1
315	136000.00	2024-04-15 11:01:00+00	REC IN HBL	56	3	\N	1
316	49626.00	2024-04-17 11:01:00+00	REC IN HBL	56	3	\N	1
317	54090.00	2024-04-18 11:02:00+00	REC IN HBL	56	3	\N	1
318	974873.00	2024-04-27 11:06:00+00	REC PAYMENTS	56	3	\N	1
319	50000.00	2024-04-16 12:58:00+00	REC IN MBL	129	3	\N	1
320	40000.00	2024-04-18 13:03:00+00	REC IN MBL	129	3	\N	1
321	100000.00	2024-04-22 13:03:00+00	REC IN MBL	129	3	\N	1
322	50000.00	2024-04-26 13:04:00+00	REC IN MBL	129	3	\N	1
323	261132.00	2024-04-27 13:05:00+00	REC PAYMENTS	129	3	\N	1
324	200000.00	2024-04-19 13:11:00+00	REC IN UBL	53	3	\N	1
325	100000.00	2024-04-24 13:12:00+00	REC IN UBL	53	3	\N	1
326	150000.00	2024-04-26 13:13:00+00	REC IN UBL	53	3	\N	1
329	31400.00	2024-04-15 13:21:00+00	REC CASH	110	3	\N	1
330	276000.00	2024-04-16 13:22:00+00	REC IN MBL	110	3	\N	1
331	45000.00	2024-04-17 13:24:00+00	REC CASH	110	3	\N	1
332	198957.00	2024-04-27 13:36:00+00	REC PAYMENTS	110	3	\N	1
333	200000.00	2024-04-01 13:39:00+00	REC UBL CHQ AND TRANSFER TO ANSAR	109	3	\N	1
334	650000.00	2024-04-09 13:42:00+00	REC IN UBL	109	3	\N	1
335	90000.00	2024-04-16 13:43:00+00	REC CASH	109	3	\N	1
336	50000.00	2024-04-23 13:45:00+00	REC CASH	109	3	\N	1
337	1153902.00	2024-04-27 13:46:00+00	REC PAYMENTS	109	3	\N	1
338	36000.00	2024-04-22 13:50:00+00	REC IN UBL	62	3	\N	1
339	90000.00	2024-04-23 13:51:00+00	REC CASH & IN UBL	62	3	\N	1
340	135300.00	2024-04-24 13:52:00+00	REC IN UBL	62	3	\N	1
341	1166356.00	2024-04-27 13:54:00+00	REC PAYMENTS	62	3	\N	1
342	2200.00	2024-03-22 13:59:00+00	REC IN MBL	67	3	\N	1
343	89192.00	2024-03-21 13:59:00+00	REC IN UBL	67	3	\N	1
344	-61718.00	2024-03-19 14:00:00+00	TRANSFER TO AL AWWL	67	3	\N	1
345	63218.00	2024-03-19 14:01:00+00	REC IN UBL	67	3	\N	1
346	62000.00	2024-03-14 14:02:00+00	REC IN UBL	67	3	\N	1
347	1890.00	2024-04-27 14:03:00+00	REC PAYMENTS	67	3	\N	1
348	100000.00	2024-04-15 14:28:00+00	REC IN HBL	70	3	\N	1
349	125000.00	2024-04-18 14:29:00+00	REC IN HBL	70	3	\N	1
350	100000.00	2024-04-23 14:30:00+00	REC IN HBL	70	3	\N	1
351	100000.00	2024-04-04 14:30:00+00	REC IN HBL	70	3	\N	1
352	2093032.00	2024-04-27 14:32:00+00	REC PAYMENTS	70	3	\N	1
353	200000.00	2024-04-05 05:47:00+00	REC IN UBL	145	3	\N	1
354	500000.00	2024-04-05 05:48:00+00	REC IN UBL	145	3	\N	1
355	200000.00	2024-04-27 05:48:00+00	REC IN UBL	145	3	\N	1
356	143000.00	2024-04-29 06:29:00+00	MEEZAN	\N	2	6	1
357	2100000.00	2024-04-26 07:39:00+00	Ramzan sh transfer to Al Rehma	\N	3	44	1
358	160000.00	2024-03-25 07:47:00+00	REC IN UBL	144	3	\N	1
359	100000.00	2024-03-28 07:47:00+00	REC IN UBL	144	3	\N	1
360	41000.00	2024-04-02 07:49:00+00	REC IN UBL	144	3	\N	1
363	124000.00	2024-04-16 08:00:00+00	REC CASH	152	3	\N	1
362	166000.00	2024-04-06 07:59:00+00	REC PAYMENTS	152	3	\N	1
365	500000.00	2024-03-01 08:22:00+00	REC IN MBL	78	3	\N	1
366	582000.00	2024-03-02 08:23:00+00	REC IN MBL	78	3	\N	1
267	4220111.00	2024-04-24 13:50:00+00	Pymnt & Adjstmnt in March & April-2024	\N	3	19	1
367	71265.00	2024-04-27 08:44:00+00	REC IN HBL	158	3	\N	1
368	210000.00	2024-04-26 09:00:00+00	REC IN UBL	57	3	\N	1
369	469261.00	2024-04-27 09:02:00+00	REC PAYMENTS	57	3	\N	1
370	29091.00	2024-04-27 10:45:00+00	REC IN MBL ATIQ	159	3	\N	1
371	88358.00	2024-04-29 10:50:00+00	UB-148796 Hotel refund Abdul Sattar	50	3	\N	1
372	110000.00	2024-04-24 10:52:00+00	REC IN MBL	50	3	\N	1
373	300000.00	2024-04-22 10:52:00+00	REC IN MBL	50	3	\N	1
374	80000.00	2024-04-20 10:53:00+00	REC IN MBL	50	3	\N	1
375	200000.00	2024-04-16 10:54:00+00	REC IN MBL	50	3	\N	1
376	4321440.00	2024-04-29 11:01:00+00	REC PAYMENTS	50	3	\N	1
377	50800.00	2024-04-15 11:05:00+00	REC IN HBL	58	3	\N	1
378	81292.00	2024-03-25 11:05:00+00	REC IN HBL	58	3	\N	1
379	286478.00	2024-03-23 11:06:00+00	REC IN HBL	58	3	\N	1
380	81200.00	2024-03-16 11:07:00+00	REC IN HBL	58	3	\N	1
381	342622.00	2024-03-02 11:08:00+00	REC IN HBL	58	3	\N	1
\.


--
-- Data for Name: ticket_riyalprice; Type: TABLE DATA; Schema: public; Owner: avnadmin
--

COPY public.ticket_riyalprice (id, created_at, price, user_id) FROM stdin;
2	2024-03-16 09:56:00+00	76.75	1
3	2024-03-21 11:39:00+00	76.00	1
4	2024-04-01 10:32:00+00	76.50	3
5	2024-04-01 10:32:00+00	76.50	3
\.


--
-- Data for Name: ticket_roomrate; Type: TABLE DATA; Schema: public; Owner: avnadmin
--

COPY public.ticket_roomrate (id, room_type, date_from, date_to, riyal_price, riyal_rate, pkr_price, hotel_id, user_id) FROM stdin;
1	3	2024-03-01	2024-03-10	500.00	76.00	38000.00	1	1
2	1	2024-03-01	2024-03-10	4500.00	76.00	342000.00	1	1
4	0	2024-04-11	2025-01-06	0.00	76.50	0.00	3	3
5	1	2024-04-11	2025-01-06	15.00	76.50	1147.50	3	3
6	2	2024-04-11	2025-01-06	33.00	76.50	2524.50	3	3
7	3	2024-04-11	2025-01-06	23.00	76.50	1759.50	3	3
8	4	2024-04-11	2025-01-06	18.00	76.50	1377.00	3	3
9	0	\N	\N	0.00	76.50	0.00	4	3
10	1	\N	\N	23.00	76.50	1759.50	4	3
11	2	\N	\N	50.00	76.50	3825.00	4	3
12	3	\N	\N	35.00	76.50	2677.50	4	3
13	4	\N	\N	28.00	76.50	2142.00	4	3
14	0	\N	\N	0.00	76.50	0.00	5	3
15	1	\N	\N	23.00	76.50	1759.50	5	3
16	2	\N	\N	28.00	76.50	2142.00	5	3
17	3	\N	\N	35.00	76.50	2677.50	5	3
18	4	\N	\N	50.00	76.50	3825.00	5	3
19	0	\N	\N	0.00	76.50	0.00	6	3
20	1	\N	\N	29.00	76.50	2218.50	6	3
21	2	\N	\N	35.00	76.50	2677.50	6	3
22	3	\N	\N	45.00	76.50	3442.50	6	3
23	4	\N	\N	65.00	76.50	4972.50	6	3
24	0	\N	\N	0.00	76.50	0.00	7	3
25	1	\N	\N	33.00	76.50	2524.50	7	3
26	2	\N	\N	40.00	76.50	3060.00	7	3
27	3	\N	\N	52.00	76.50	3978.00	7	3
28	4	\N	\N	75.00	76.50	5737.50	7	3
29	0	\N	\N	0.00	76.50	0.00	8	3
30	1	\N	\N	0.00	76.50	0.00	8	3
31	2	\N	\N	45.00	76.50	3442.50	8	3
32	3	\N	\N	58.00	76.50	4437.00	8	3
33	4	\N	\N	85.00	76.50	6502.50	8	3
34	0	\N	\N	0.00	76.50	0.00	9	3
35	1	\N	\N	33.00	76.50	2524.50	9	3
36	2	\N	\N	40.00	76.50	3060.00	9	3
37	3	\N	\N	52.00	76.50	3978.00	9	3
38	4	\N	\N	75.00	76.50	5737.50	9	3
39	0	\N	\N	0.00	76.50	0.00	10	3
40	1	\N	\N	14.00	76.50	1071.00	10	3
41	2	\N	\N	17.00	76.50	1300.50	10	3
42	3	\N	\N	21.00	76.50	1606.50	10	3
43	4	\N	\N	31.00	76.50	2371.50	10	3
44	0	\N	\N	0.00	76.50	0.00	11	3
45	1	\N	\N	22.00	76.50	1683.00	11	3
46	2	\N	\N	27.00	76.50	2065.50	11	3
47	3	\N	\N	36.00	76.50	2754.00	11	3
48	4	\N	\N	55.00	76.50	4207.50	11	3
49	0	\N	\N	0.00	76.50	0.00	12	3
50	1	\N	\N	20.00	76.50	1530.00	12	3
51	2	\N	\N	24.00	76.50	1836.00	12	3
52	3	\N	\N	30.00	76.50	2295.00	12	3
53	4	\N	\N	43.00	76.50	3289.50	12	3
54	0	\N	\N	0.00	76.50	0.00	13	3
55	1	\N	\N	27.00	76.50	2065.50	13	3
56	2	\N	\N	33.00	76.50	2524.50	13	3
57	3	\N	\N	42.00	76.50	3213.00	13	3
58	4	\N	\N	60.00	76.50	4590.00	13	3
59	0	\N	\N	0.00	76.50	0.00	14	3
60	1	\N	\N	31.00	76.50	2371.50	14	3
61	2	\N	\N	38.00	76.50	2907.00	14	3
62	3	\N	\N	48.00	76.50	3672.00	14	3
63	4	\N	\N	70.00	76.50	5355.00	14	3
64	0	\N	\N	0.00	76.50	0.00	15	3
65	1	\N	\N	35.00	76.50	2677.50	15	3
66	2	\N	\N	43.00	76.50	3289.50	15	3
67	3	\N	\N	55.00	76.50	4207.50	15	3
68	4	\N	\N	80.00	76.50	6120.00	15	3
69	0	\N	\N	0.00	76.50	0.00	16	3
70	1	\N	\N	39.00	76.50	2983.50	16	3
71	2	\N	\N	48.00	76.50	3672.00	16	3
72	3	\N	\N	62.00	76.50	4743.00	16	3
73	4	\N	\N	90.00	76.50	6885.00	16	3
74	0	\N	\N	0.00	76.50	0.00	17	3
75	1	\N	\N	0.00	76.50	0.00	17	3
76	2	\N	\N	49.00	76.50	3748.50	17	3
77	3	\N	\N	63.00	76.50	4819.50	17	3
78	4	\N	\N	93.00	76.50	7114.50	17	3
\.


--
-- Data for Name: ticket_supplier; Type: TABLE DATA; Schema: public; Owner: avnadmin
--

COPY public.ticket_supplier (id, name, opening_balance, user_id) FROM stdin;
1	Zia	0.00	1
2	Travel Point	-29759.83	2
4	PA	-5031.00	2
5	FZ	-124436.00	2
6	G9	-161772.29	2
21	ZIA SC CARD	166909.00	2
22	UBL BANK	0.00	2
3	NCT	657521.00	2
16	JAS TRAVELS	0.00	3
17	ARFEEN TRAVELS	0.00	3
29	Meezan	0.00	2
23	CC	0.00	2
31	HBL CARD	0.00	2
34	A.S.B TRAVEL-SUP	0.00	3
37	KMT	0.00	1
38	KMT	0.00	2
39	IS INTERNATIONAL	0.00	2
40	ADNAN TRAVELS	0.00	2
7	OV	-5613.51	2
43	AR REHMAN TRAVEL-SUP	0.00	3
9	FLY DUBAI	0.00	3
13	AIR ARABIA	0.00	3
11	AIR BLUE	0.00	3
10	AIR SIAL	0.00	3
20	MOLE TRAVELS	0.00	3
25	NEW CHOUDHARY-SUP	0.00	3
36	QUAILTY AVAITION-SUP	0.00	3
12	SALAM AIR	0.00	3
41	ANSAR E MADINA TRAVEL-SUP	0.00	3
32	SAAD WASEEM TRAVEL-SUP	-17140.00	3
35	SIX SIGMA TRAVEL-SUP	0.00	3
33	SUPRIME TRAVEL-SUP	0.00	3
30	UPSKY TRAVEL-SUP	0.00	3
27	UBAID UR REHMAN HASNAIN TRAVEL-SUP	0.00	3
18	TRAVEL POINT-SUP	0.00	3
19	HAMZA ALI TRAVELS	4840000.00	3
8	PF	-84551.88	2
45	SAFAR E IBADAT TRAVEL-SUP	0.00	3
44	AL REHMA TRAVEL-SUP	9450000.00	3
\.


--
-- Data for Name: ticket_ticket; Type: TABLE DATA; Schema: public; Owner: avnadmin
--

COPY public.ticket_ticket (id, created_at, pnr, sector, passenger, travel_date, return_date, airline, sale, purchase, ticket_type, narration, customer_id, supplier_id, user_id, excel_id, issued_by_id) FROM stdin;
4	2024-03-01 11:28:00+00	1	\N		\N	\N		131.00	12321.00	Is	\N	28	1	1	0	\N
3	2024-03-01 11:23:00+00	1	\N		\N	\N		1.00	1.00	Is	\N	28	1	1	0	\N
5	2024-03-01 11:29:00+00	1	\N		\N	\N		1.00	1.00	Is	\N	28	1	1	0	\N
7	2024-03-01 17:20:00+00	4ROP6C	JED KHI	MUHAMMAD IRFAN	2024-03-02 19:00:00+00	\N	PF	22140.00	21495.00	Is	\N	14	8	2	0	\N
14	2024-03-02 08:58:00+00	8PCU0E	MUX JED	NASEER HAIDER	2024-03-02 19:00:00+00	\N	PF	144400.00	143897.00	Is	\N	37	3	2	0	\N
12	2024-03-02 08:51:00+00	8TLZC8	JED KHI	HASEENA ABU BAKAR	\N	\N	PK	1000.00	300.00	Is	\N	16	3	2	0	\N
20	2024-03-02 08:30:00+00	ECKSSD	DMM KHI	ASMA ARIF	\N	\N	WY	1500.00	700.00	Is	\N	38	3	2	0	\N
34	2024-03-02 07:02:00+00	8TMGGT	SHJ/MUX/SHJ	MUZAFFAR SAEED	2024-04-08 19:00:00+00	\N	PK	105600.00	104278.55	Is	\N	7	3	2	0	\N
16	2024-03-02 09:02:00+00	NY9FZ3	FRU DXB	Muhammad Tanveer	2024-03-01 19:00:00+00	\N	FZ	74300.00	73910.00	Is	\N	37	5	2	0	\N
17	2024-03-02 09:04:00+00	42IB55	DXB LYP	Ali Raza	2024-03-07 19:00:00+00	\N	FZ	37450.00	37091.00	Is	\N	37	5	2	0	\N
11	2024-03-01 08:47:00+00	74PQVY	MUX JED MUX	MUHAMMAD ARIF*2	2024-04-03 19:00:00+00	\N	SV	285400.00	284198.00	Is	\N	36	3	2	0	\N
13	2024-03-02 08:30:00+00	ECKSSD	DMM KHI	MASOOD RAHEEM	\N	\N	WY	1500.00	700.00	Is	\N	38	3	2	0	\N
6	2024-03-01 11:41:00+00	97690A	LHE KHI	Mr OMAR B Y AHMED	2024-02-29 19:00:00+00	\N	ER	42000.00	36593.05	Is	\N	16	3	2	0	\N
19	2024-03-01 10:23:00+00	97690A	LHE KHI	MOHAMMAD AHMAD IBRAHIM HAMMAD	2024-02-29 19:00:00+00	\N	ER	42000.00	36593.05	Is	\N	16	3	2	0	\N
18	2024-03-01 09:47:00+00	97690A	LHE KHI	TUQA MOHAMMAD AHMAD HAMMAD	2024-02-29 19:00:00+00	\N	ER	42000.00	36593.05	Is	\N	16	3	2	0	\N
26	2024-03-02 11:38:00+00	8TM6RG	DXB KHI	MUHAMMAD SHAKEEL	\N	\N	PK	600.00	300.00	IS	\N	9	3	2	0	\N
10	2024-03-01 08:46:00+00	FFSI4U	KHI RUH	MUHAMMAD RAZ *3	2024-03-12 19:00:00+00	\N	XY	281100.00	266559.20	Is	\N	16	3	2	0	\N
51	2024-03-03 08:14:00+00	753CKV	KHI AUH DMM	SAYED ARSH	2024-03-17 19:00:00+00	\N	EY	51431.00	50931.00	Is	\N	43	3	2	0	\N
50	2024-03-03 08:13:00+00	753CKV	KHI AUH DMM	SAYED MASHAL	2024-03-18 19:00:00+00	\N	EY	51431.00	50931.00	Is	\N	43	3	2	0	\N
39	2024-03-03 07:23:00+00	8TMY8B	RUH MUX	AANAYA SIKANDAR	2024-05-16 19:00:00+00	\N	PK	1000.00	300.00	Is	\N	6	3	2	0	\N
27	2024-03-02 11:46:00+00	8QEE6T	KHI DXB	ABDUL REHMAN SUNNY	2024-03-12 19:00:00+00	\N	EK	56650.00	56130.00	Is	\N	40	3	2	0	\N
28	2024-03-02 11:58:00+00	KTJETU	KHI DXB	KASHIF ALI IRSHAD ALI	2024-03-09 19:00:00+00	\N	PA	86000.00	81920.00	Is	\N	16	21	2	0	\N
29	2024-03-02 12:37:00+00	8TMBEH	MUX DXB	MUKHTAR AHMAD	2024-03-03 19:00:00+00	\N	PK	117000.00	111050.00	Is	\N	17	22	2	0	\N
58	2024-03-04 11:02:00+00	U2SD6W	ISB AHB	Iftikhar Ali	2024-03-11 19:00:00+00	\N	FZ	92824.00	92524.00	Is	\N	45	5	2	0	\N
24	2024-03-02 11:34:00+00	8TM4PP	MCT KHI	ASIF ALI	2024-03-21 19:00:00+00	\N	PK	1000.00	300.00	Is	\N	16	3	2	0	\N
33	2024-03-03 07:22:00+00	612968734	ISB RKT	AHMAD MUSTAFA	2024-01-03 19:00:00+00	\N	G9	100000.00	98932.41	Is	\N	8	6	2	0	\N
40	2024-03-03 07:24:00+00	CN1KLU	KHI JED	MUHAMMAD ZUBAIR	2024-03-03 19:00:00+00	\N	PF	170100.00	168250.50	Is	\N	16	3	2	0	\N
41	2024-03-03 07:50:00+00	CN1KLU	KHI JED	MUBASHAR HASSAN	2024-03-02 19:00:00+00	\N	PF	170100.00	168250.50	Is	\N	16	3	2	0	\N
42	2024-03-03 07:51:00+00	CN1KLU	KHI JED	MUBASHAR IRSHADD	2024-03-01 19:00:00+00	\N	PF	170100.00	168250.50	Is	\N	16	3	2	0	\N
43	2024-03-03 07:51:00+00	8TMN8N	JED MUX	SUNDAR KHADIM	2024-04-15 19:00:00+00	\N	PK	1000.00	300.00	Is	\N	7	3	2	0	\N
44	2024-03-03 07:54:00+00	8TMN8N	JED MUX	AZHAR MAHMOOD	2024-04-14 19:00:00+00	\N	PK	1000.00	300.00	Is	\N	7	3	2	0	\N
46	2024-03-03 08:04:00+00	CNO4O9	JED MUX	ABDUL JALIL	2024-03-05 19:00:00+00	\N	PF	51800.00	51401.13	Is	\N	42	3	2	0	\N
47	2024-03-03 08:06:00+00	CNO4O9	JED MUX	ABDUL JALIL	2024-03-04 19:00:00+00	\N	PF	51800.00	51401.13	Is	\N	42	3	2	0	\N
48	2024-03-03 08:07:00+00	8TN40A	MCT KHI	MUHAMMAD LIAQAT	\N	\N	PK	800.00	300.00	Is	\N	42	3	2	0	\N
49	2024-03-03 08:11:00+00	753CKV	KHI AUH DMM	NAZISH SAYED QAISAR SHAH	2024-03-19 19:00:00+00	\N	EY	63971.00	63471.00	Is	\N	43	3	2	0	\N
8	2024-03-01 07:07:00+00	E1BATN	KHI MCT	ABDUL REHMAN	2024-03-19 19:00:00+00	\N	OV	36750.00	36255.00	Is	\N	16	3	2	0	\N
54	2024-03-03 09:09:00+00	753CDC	AHB/JED/MUX/JED/AHB	DILAWAR SHAH	2024-03-07 19:00:00+00	\N	SV	116750.00	116142.00	Is	\N	22	3	2	0	\N
45	2024-03-03 07:57:00+00	8TMRE8	MED LHE	ASIM SOHAIL	\N	\N		1000.00	300.00	IS	\N	8	3	2	0	\N
9	2024-03-01 07:11:00+00	8RUPTF	JED MUX	ROBINA BIBI	2024-03-26 19:00:00+00	\N	PK	18000.00	17062.00	IS	\N	14	3	2	0	\N
31	2024-03-02 09:00:00+00	8TLUSP	JED MUX	QADIR BAKHSH	\N	\N	PK	1000.00	300.00	Is	\N	7	3	2	0	\N
15	2024-03-02 09:00:00+00	8TLUSP	JED MUX	MUHAMMAD NAWAZ	\N	\N	PK	1000.00	300.00	Is	\N	7	3	2	0	\N
32	2024-03-02 09:00:00+00	8TLUSP	JED MUX	SHAILA BIBI	\N	\N	PK	1000.00	300.00	Is	\N	7	3	2	0	\N
30	2024-03-02 09:00:00+00	8TLUSP	JED MUX	FAIZAN ELLAHI	\N	\N	PK	1000.00	300.00	Is	\N	7	3	2	0	\N
55	2024-03-03 09:25:00+00	1ZLLYZ	KHI JED	Haseena Abubakar	\N	\N	PF	-66000.00	-66506.00	Is	\N	16	3	2	0	\N
37	2024-03-03 07:17:00+00	8TMY8B	RUH MUX	Hira Rani	2024-05-18 19:00:00+00	\N	PK	1000.00	300.00	Is	\N	6	3	2	0	\N
38	2024-03-03 07:21:00+00	8TMY8B	RUH MUX	MUHAMMAD ABDUL REHMAN SUDEES	2024-05-17 19:00:00+00	\N	PK	1000.00	300.00	Is	\N	6	3	2	0	\N
36	2024-03-03 07:11:00+00	8SBEDD	JED MUX	MUHAMMAD ABID	2024-02-08 19:00:00+00	\N	PK	0.00	-129248.05	Is	\N	23	3	2	0	\N
63	2024-03-04 16:43:00+00	MZYKUJ	MUX SHJ	MUHAMMAD MUJAHID	2024-03-22 19:00:00+00	\N	PA	61875.00	60110.00	Is	\N	5	21	2	0	\N
60	2024-03-03 12:28:00+00	W6FGMH	ISB RUH	GULNAZ MUSHTAQ	\N	\N	SA	-126400.23	-125069.23	Is	\N	43	3	2	0	\N
59	2024-03-03 12:27:00+00	W6FGMH	ISB RUH	BUSHRA MUSHTAQ	\N	\N	SA	-126400.23	-125069.23	Is	\N	43	3	2	0	\N
64	2024-03-05 09:15:00+00	8TZD33	MUX MED MUX	USMAN HAIDER KHAN	2024-03-14 19:00:00+00	2024-03-27 19:00:00+00	PK	171900.00	170756.00	Is	\N	24	2	2	0	\N
25	2024-03-02 11:37:00+00	8TM4PP	MCT KHI	JINSAR ALI	2024-03-20 19:00:00+00	\N	PK	1000.00	300.00	IS	\N	16	3	2	0	\N
65	2024-03-05 09:32:00+00	8TNTEH	JED-KHI	MUHAMMAD SULEMAN	\N	\N	PIA	1000.00	300.00	Is	\N	24	3	2	0	\N
66	2024-03-05 09:36:00+00	SORHQR	MED-MUX	MUHAMMAD RIAZ	\N	\N	FLYDUBAI	1000.00	700.00	Is	\N	7	3	2	0	\N
67	2024-03-05 09:38:00+00	8TZ07N	MCT-KHI	RIAZ HUSSAIN	\N	\N	PIA	1000.00	300.00	Is	\N	42	3	2	0	\N
68	2024-03-05 09:39:00+00	8TZ28Q	DXB-KHI	TOUFIQUE ALI	\N	\N	PIA	1000.00	300.00	Is	\N	16	3	2	0	\N
69	2024-03-05 09:40:00+00	8TZ8A1	MED-MUX	NADIA MAI	\N	\N	PIA	1000.00	300.00	Is	\N	7	3	2	0	\N
52	2024-03-03 08:14:00+00	753CKV	KHI AUH DMM	SAYED ZAVIYAR	2024-03-16 19:00:00+00	\N	EY	13624.00	13124.00	RF	\N	43	3	2	0	\N
62	2024-03-04 16:22:00+00	GLQI7S	LHE KHI	SAMI ULLAH	2024-03-06 19:00:00+00	\N	PF	32520.00	32018.00	IS	\N	44	3	2	0	\N
70	2024-03-05 09:42:00+00	8TZ8A1	MED-MUX	MARIAM BIBI	\N	\N	PIA	1000.00	300.00	Is	\N	7	3	2	0	\N
71	2024-03-05 09:42:00+00	8TZ8A1	MED-MUX	MEHREEN AKHTAR BASHSIR	\N	\N	PIA	1000.00	300.00	Is	\N	7	3	2	0	\N
72	2024-03-05 09:43:00+00	TEVBIX	MUX DXB	Naseer Ahmad	2024-03-16 19:00:00+00	\N	PA	97550.00	96248.00	Is	\N	3	21	2	0	\N
35	2024-03-03 07:09:00+00	74X6Y4	DXB/BAH/MUX	MUZAFFAR SAEED	2024-04-01 19:00:00+00	\N	GF	53550.00	53548.00	Is	\N	12	3	2	0	\N
76	2024-03-02 11:28:00+00	8SBEDD	JED MUX	MUHAMMAD ABID	2024-02-07 19:00:00+00	\N	PK	17529.00	146277.05	Is	\N	23	3	2	0	\N
77	2024-03-05 11:48:00+00	Visa	\N	Usama Haider Khan	\N	\N		40000.00	40000.00	Is	\N	24	23	2	0	\N
78	2024-03-05 11:49:00+00	Visa	\N	4 Pax Umrah	\N	\N		172000.00	172000.00	Is	\N	24	23	2	0	\N
79	2024-03-04 11:50:00+00	Visa	\N	2 Umrah	\N	\N		79000.00	79000.00	Is	\N	7	23	2	0	\N
80	2024-03-05 11:53:00+00	GHBLWF	MUX SHJ	SAIFULLAH ESSA GHULAM	2024-03-31 19:00:00+00	\N	PA	53050.00	52560.00	Is	\N	5	3	2	0	\N
82	2024-03-05 08:05:00+00	KJL333	KHI JED	DEEDAR AHMAD	2024-03-06 19:00:00+00	\N	PF	169590.00	167232.00	Is	\N	16	8	2	0	\N
83	2024-03-06 06:55:00+00	8TZEJG	LHE KUL	GORAYA BAKR EHSAN	2024-03-19 19:00:00+00	2024-04-02 19:00:00+00	PK	171400.00	170182.00	Is	\N	22	2	2	0	\N
84	2024-03-05 07:13:00+00	KJYTK7	JED MUX	ALLAH RAKHA	2024-03-09 19:00:00+00	\N	PF	55800.00	54385.98	Is	\N	22	3	2	0	\N
87	2024-03-06 07:40:00+00	75RTZ0	KHI DOH	Jafir Hussain	2024-03-20 19:00:00+00	\N	QR	72300.00	69309.00	Is	\N	19	3	2	0	\N
88	2024-03-06 07:58:00+00	LRNWJR	MHD/DXB/MUX	MUHAMMAD BILAL	2024-03-25 19:00:00+00	\N	FZ	1500.00	700.00	Is	\N	46	3	2	0	\N
89	2024-03-06 08:00:00+00	75S6DX	JED/DXB/MUX	MUHAMAD BILAL	\N	\N	FZ	15000.00	700.00	Is	\N	47	3	2	0	\N
90	2024-03-06 08:00:00+00	QRPKXB	KHI/DXB	IRFAN RASHEED	2024-03-17 19:00:00+00	\N	FZ	48000.00	45853.68	Is	\N	17	3	2	0	\N
91	2024-03-06 08:40:00+00	WLIDRE	MUX DXB	MUHAMMAD ISHFAQ	2024-03-09 19:00:00+00	\N	PA	124000.00	121592.00	Is	\N	17	21	2	0	\N
92	2024-03-01 10:29:00+00	4RCQ5D	KHI-JED	MR. QADIR BAKHSH, MR. ELAHI BAKHSH	2024-03-01 19:00:00+00	\N	AIR SIAL	311380.00	305180.00	Is	\N	48	10	3	0	\N
93	2024-03-01 10:46:00+00	4RFCU8	KHI-JED	MR. BAKHSHKIA BILAL	2024-03-01 19:00:00+00	\N	AIR SIAL	155990.00	152211.00	Is	\N	48	10	3	0	\N
94	2024-03-01 10:51:00+00	WX939H	MUX-DXB-MED	Mr. Muhammad Imran	2024-03-05 19:00:00+00	\N	fly dubai	169180.00	168678.00	Is	\N	50	9	3	0	\N
95	2024-03-01 11:05:00+00	ILGLFE	JED-DXB-KHI	MR. BAKHSHKIA BILAL, MR. ELAHI BAKHSH, MR. QADIR BAKHSH	2024-03-28 19:00:00+00	\N	FLY DUBAI	3600.00	2100.00	Is	\N	48	25	3	0	\N
74	2024-03-01 10:59:00+00	8THNU6	JED LHE	MUHAMMAD IRFAN	2024-02-25 19:00:00+00	\N	PK	104500.00	104000.00	IS	\N	8	3	2	0	\N
96	2024-03-01 11:10:00+00	SWUJDH	JED-BAH-MUX	MR. MUHAMMAD TANVEER	2024-05-24 19:00:00+00	2024-05-25 19:00:00+00	GULF AIR	50786.00	48986.00	Is	\N	52	25	3	0	\N
97	2024-03-01 11:18:00+00	AVRCSP	JED-DXB-MUX	MR. MUHAMMAD TANVEER	2024-05-24 19:00:00+00	2024-05-25 19:00:00+00	FLY DUBAI	1200.00	700.00	Is	\N	52	25	3	0	\N
98	2024-03-01 11:23:00+00	8TL5QD	MUX-JED-MUX	MALIK MUHAMMAD HAYAT, MUHAMMAD MAGHFOOR ANWER, MUHAMMAD USMAN	2024-03-12 19:00:00+00	2024-03-26 19:00:00+00	PIA	498837.00	496269.00	Is	\N	53	17	3	0	\N
99	2024-03-02 12:03:00+00	MX58A9	DXB-MUX-DXB	Mr. Muhammad Mudassir Hussain	2024-04-10 19:00:00+00	2024-05-11 19:00:00+00	fly dubai	113693.00	109639.00	Is	\N	54	25	3	0	\N
100	2024-03-06 12:55:00+00	8TPH47	MUX MED	ALI HAIDer	2024-03-14 19:00:00+00	2024-03-22 19:00:00+00	PK	171950.00	171194.30	Is	\N	24	3	2	0	\N
101	2024-03-06 13:00:00+00	H7TUCT	KHI/DXB/JED	MUHAMMAD JAFFAR KHAN	2024-03-18 19:00:00+00	\N	FZ	73980.00	73769.90	Is	\N	17	3	2	0	\N
104	2024-03-02 13:28:00+00	M92ZK0	DXB-KHI	Mr. Muhammad Tanveer	2024-04-22 19:00:00+00	\N	fly dubai	1200.00	700.00	Is	\N	55	25	3	0	\N
105	2024-03-02 13:32:00+00	RE7N26	MUX-MCT	MR. ADAM KHAN	2024-03-19 19:00:00+00	\N	SALAM AIR	68435.00	68035.00	Is	\N	48	12	3	0	\N
106	2024-03-02 13:35:00+00	RTQLZ0	MUX-MCT-JED	ATTA MUHAMMAD	2024-03-12 19:00:00+00	\N	SALAM AIR	116932.00	116223.00	Is	\N	48	12	3	0	\N
107	2024-03-02 13:38:00+00	8TM18Y	ISB-UET	MR. SYED SABGHAT ULLAH SHAH SYED IBRAHIM SHAH	2024-03-02 19:00:00+00	\N	PIA	17223.00	16923.00	Is	\N	48	25	3	0	\N
108	2024-03-02 13:41:00+00	F0T39F	KHI-MCT	MR. MUHAMMAD JAVED MATLOOB	2024-03-09 19:00:00+00	\N	SALAM AIR	77353.00	77053.00	Is	\N	56	12	3	0	\N
109	2024-03-02 13:43:00+00	DXB2N2	MUX-MCT	MR. MUHAMMAD ZAHID	2024-03-02 19:00:00+00	\N	SALAM AIR	119531.00	119231.00	Is	\N	57	12	3	0	\N
110	2024-03-02 13:45:00+00	612956457	KHI-SHJ	MR. GHULAM RASOOL	2024-03-19 19:00:00+00	\N	AIR ARABIA	47200.00	46418.00	Is	\N	48	13	3	0	\N
111	2024-03-02 13:48:00+00	8TM7Q6	LHR-MED-LHR	AHTESHAM ALI	2024-03-12 19:00:00+00	2024-03-31 19:00:00+00	PIA	171311.00	170557.00	Is	\N	58	20	3	0	\N
112	2024-03-02 13:52:00+00	8TM7Q6	LHR-MED-LHR	FNU IRAM	2024-03-12 19:00:00+00	2024-03-31 19:00:00+00	PIA	171311.00	170557.00	Is	\N	58	20	3	0	\N
114	2024-03-02 14:00:00+00	8TLLBS	KHI-MED-KHI	MUHAMMAD ASIM	2024-03-08 19:00:00+00	2024-03-24 19:00:00+00	PIA	160818.00	160119.00	Is	\N	61	17	3	0	\N
103	2024-03-06 13:11:00+00	8TPE5T	KHI DXB	Sufyan javed	2024-03-19 19:00:00+00	\N	PK	47000.00	46700.00	Is	\N	37	22	2	0	\N
115	2024-03-02 14:03:00+00	SU3T55	MUX-DXB-MUX	MR. AZEEM SHAHZAD	2024-03-22 19:00:00+00	2024-03-24 19:00:00+00	FLY DUBAI	89711.00	85863.00	Is	\N	62	25	3	0	\N
116	2024-03-02 14:07:00+00	14783306	MUX-AUH	MR. ABDUL RAZZAQ GHULAM NABI	2024-03-15 19:00:00+00	\N	AIR ARABIA	80846.00	80546.00	Is	\N	63	13	3	0	\N
117	2024-03-02 14:09:00+00	8TMBJA	DXB-MUX-DXB	UMAR HAYAT	2024-03-03 19:00:00+00	2024-04-02 19:00:00+00	PIA	69401.00	67647.00	Is	\N	53	17	3	0	\N
118	2024-03-02 14:12:00+00	8TMB29	MUX-JED-MUX	MUHAMMAD RAB NAWAZ	2024-03-13 19:00:00+00	2024-04-23 19:00:00+00	PIA	171852.00	166573.00	Is	\N	64	20	3	0	\N
119	2024-03-02 14:14:00+00	8TM5L6	MUX-JED-MUX	MUHAMMAD RAMZAN	2024-04-04 19:00:00+00	2024-04-18 19:00:00+00	PIA	133349.00	128919.00	Is	\N	65	20	3	0	\N
120	2024-03-02 14:16:00+00	8TM53H	MUX-JED-MUX	KHADIJA MAI	2024-04-04 19:00:00+00	2024-04-25 19:00:00+00	PIA	133349.00	128919.00	Is	\N	65	20	3	0	\N
121	2024-03-02 14:18:00+00	8TM53H	MUX-JED-MUX	SADIA REHMAN	2024-04-04 19:00:00+00	2024-04-25 19:00:00+00	PIA	133349.00	128919.00	Is	\N	65	20	3	0	\N
124	2024-03-04 06:21:00+00	8TMBJA	DXB-MUX-DXB	UMAR HAYAT	2024-03-03 19:00:00+00	2024-04-02 19:00:00+00	PIA	1500.00	0.00	Is	\N	53	17	3	0	\N
125	2024-03-04 06:26:00+00	79NPZP	MUX-DXB-JED	MR. MUHAMMAD ABDULLAH	2024-03-17 19:00:00+00	\N	FLY DUBAI	92050.00	90903.00	Is	\N	66	25	3	0	\N
126	2024-03-04 06:30:00+00	8TM6RG	DXB-KHI	MUHAMMAD SHAKEEL	2024-03-24 19:00:00+00	\N	PIA	1500.00	1000.00	Is	\N	67	27	3	0	\N
102	2024-03-06 13:07:00+00	8TPCKY	MUX/JED/MED/MUX	MUSTANSAR MAHFOOZ	2024-04-04 19:00:00+00	\N	PK	126906.00	126345.60	Is	\N	60	3	2	0	\N
86	2024-03-06 07:31:00+00	75RTZ0	KHI DOH	MUHAMMAD SHAHID	2024-03-20 19:00:00+00	\N	QR	72300.00	69309.00	IS	\N	19	3	2	0	\N
73	2024-03-05 10:41:00+00	75G6C5	MUX DOH	Hafiz Abdullah	2024-04-01 19:00:00+00	\N	QR	83800.00	83797.00	IS	\N	8	3	2	0	\N
81	2024-03-05 12:31:00+00	8TZYSD	SHJ MUX	MUHAMMAD KAMRAN	2024-03-08 19:00:00+00	2024-03-13 19:00:00+00	PK	131400.00	124474.00	IS	\N	7	22	2	0	\N
127	2024-03-06 06:35:00+00	4O7891	MUX DXB JED	MUHAMMAD SALEEM	2024-03-20 19:00:00+00	\N	FZ	80210.00	79711.58	Is	\N	17	3	2	0	\N
129	2024-03-04 06:40:00+00	QFPJEC	MUX-JED-MUX	MRS. SONIAN XX	2024-03-23 19:00:00+00	2024-04-12 19:00:00+00	AIR BLUE	28100.00	26136.00	Is	\N	73	11	3	0	\N
130	2024-03-04 06:42:00+00	612967976	KHI-SHJ-JED	MR. HASEEB AHMAD	2024-03-13 19:00:00+00	\N	AIR ARABIA	90122.00	86189.00	Is	\N	54	13	3	0	\N
131	2024-03-04 06:47:00+00	XTHADZ	LHE-DXB	MR. MIAN AZHAR ABBAS	2024-03-20 19:00:00+00	\N	AIR BLUE	62450.00	61857.00	Is	\N	69	11	3	0	\N
132	2024-03-04 06:49:00+00	XMIYMB	DXB-MUX	MR. GHULAM RAZA	2024-03-16 19:00:00+00	\N	AIR BLUE	37468.00	37027.00	Is	\N	70	11	3	0	\N
133	2024-03-07 06:38:00+00	8TPCG1	MUX JED MUX	TASLEEM BIBI	2024-03-14 19:00:00+00	2024-03-27 19:00:00+00	PK	171951.30	171194.30	Is	\N	41	3	2	0	\N
128	2024-03-06 06:37:00+00	4O7891	MUX DXB JED	MUHAMMAD ABUBAKAR	2024-03-20 19:00:00+00	\N	FZ	80210.00	79711.58	Is	\N	17	3	2	0	\N
134	2024-03-06 06:54:00+00	8TPCG1	MUX JED MUX	MUHAMMAD WAQAS	2024-03-14 19:00:00+00	2024-05-27 19:00:00+00	PK	171951.30	171194.30	Is	\N	41	3	2	0	\N
113	2024-03-02 13:55:00+00	FRIZPG	LYP-DXB, JED-DXB	MR. MUHAMMAD USAMA ALI	2024-03-03 19:00:00+00	2024-03-19 19:00:00+00	FLY DUBAI	212141.00	211541.00	Is	\N	59	9	3	0	\N
135	2024-03-07 06:56:00+00	764HBV	DMM PEW DMM	ADIL AKBAR	2024-03-10 19:00:00+00	2024-03-12 19:00:00+00	QR	107063.00	106063.00	Is	\N	43	3	2	0	\N
136	2024-03-04 07:04:00+00	FRIZPG	LYP-DXB-MED, JED-DXB-MUX	MR. MUHAMMAD USAMA ALI	2024-03-03 19:00:00+00	2024-03-19 19:00:00+00	FLY DUBAI	-77958.00	-79258.00	RF	\N	59	9	3	0	\N
137	2024-03-04 07:17:00+00	EREXSM	MUX-SHJ	MR. MUHAMMAD ASIF	2024-03-26 19:00:00+00	\N	AIR BLUE	58320.00	57711.00	Is	\N	56	11	3	0	\N
157	2024-03-04 08:38:00+00	GVIIHS	JED-DXB-MUX	5 PAX	2024-03-28 19:00:00+00	\N	FLY DUBAI	6500.00	3500.00	Is	\N	71	9	3	0	\N
158	2024-03-04 08:41:00+00	GUDLXH	JED-DXB-MUX	4 PAX	2024-03-28 19:00:00+00	\N	FLY DUBAI	5200.00	2800.00	Is	\N	71	9	3	0	\N
159	2024-03-04 08:43:00+00	WNOYRN	JED-DXB	7 PAX	2024-03-28 19:00:00+00	\N	FLY DUBAI	9100.00	4900.00	Is	\N	71	9	3	0	\N
160	2024-03-04 08:45:00+00	GACFGV	JED-DXB	7 PAX	2024-03-28 19:00:00+00	\N	FLY DUBAI	9100.00	4900.00	Is	\N	71	9	3	0	\N
161	2024-03-04 08:47:00+00	P7U7KA	MUX-MCT	MR. MEHBOOB AHMAD	2024-03-05 19:00:00+00	\N	SALAM AIR	119755.00	119231.00	Is	\N	72	12	3	0	\N
162	2024-03-04 08:49:00+00	74tDXB	KHI-DOH	MR. MUHAMMAD BAKHSH	2024-03-12 19:00:00+00	\N	QATAR AIRWAYS	67950.00	66449.00	Is	\N	50	25	3	0	\N
163	2024-03-06 08:53:00+00	8TPLF3	MUX SHJ	MUHAMMAD SHABAZ + MAJEED UR Rehman	2024-03-23 19:00:00+00	\N	PK	125974.00	120272.00	Is	\N	7	29	2	0	\N
164	2024-03-04 08:52:00+00	AVWZWN	MUX-JED-MUX	MRS. AYESHA KANWAL	2024-04-05 19:00:00+00	2024-05-06 19:00:00+00	AIR BLUE	136700.00	132187.00	Is	\N	73	11	3	0	\N
165	2024-03-04 08:56:00+00	AVWZWN	MUX-JED-MUX	MR. MUHAMMAD AFFAN	2024-04-05 19:00:00+00	2024-05-06 19:00:00+00	AIR BLUE	136700.00	132187.00	Is	\N	73	11	3	0	\N
166	2024-03-04 08:58:00+00	JGKZXH	MED-DXB-LYP	MR. NASEER UD DIN	2024-03-16 19:00:00+00	\N	FLY DUBAI	1200.00	700.00	Is	\N	59	25	3	0	\N
167	2024-03-04 09:01:00+00	8TNL7Q	UET-ISB	SYED SABGHAT ULLAH SHAH	2024-03-04 19:00:00+00	\N	PIA	17760.00	17153.00	Is	\N	48	17	3	0	\N
169	2024-03-04 09:03:00+00	8TNSOR	MUX-ELQ	MUHAMMAD SADIQ	2024-03-08 19:00:00+00	\N	PIA	156411.00	155691.00	Is	\N	56	17	3	0	\N
170	2024-03-07 09:06:00+00	8TQ3CD	RUH MUX	ANEEKA BIBI *3	\N	\N	PK	3000.00	900.00	Is	\N	6	3	2	0	\N
171	2024-03-05 09:07:00+00	C22DFF	MUX-DXB	MR. MUHAMMAD AAMIR	2024-03-24 19:00:00+00	\N	FLY DUBAI	57230.00	56980.00	Is	\N	62	9	3	0	\N
173	2024-03-07 09:36:00+00	SFNJLY	MUX JED	MUHAMMAD RAFAQAT	2024-03-06 19:00:00+00	\N	PF	145500.00	143896.00	Is	\N	47	3	2	0	\N
174	2024-03-05 09:37:00+00	1RPD5L	MUX-JED-MUX	7 PAX	2024-03-08 19:00:00+00	2024-03-29 19:00:00+00	AIR SIAL	1106000.00	1064000.00	Is	\N	74	19	3	0	\N
175	2024-03-05 09:40:00+00	8T6DL4	DXB-LHE	ATTIQ UR REHMAN	2024-03-06 19:00:00+00	\N	PIA	6180.00	5680.00	RI	\N	70	17	3	0	\N
176	2024-03-05 09:51:00+00	D51RRV	KHI-DXB-MED	MR. SAGHIR AHMED GUL	2024-03-12 19:00:00+00	\N	FLY DUBAI	98904.00	98604.00	Is	\N	75	9	3	0	\N
177	2024-03-05 09:53:00+00	8TNNL3	MUX-KHI-JED	4 PAX	2024-03-12 19:00:00+00	\N	PIA	486000.00	414532.00	Is	\N	73	17	3	0	\N
178	2024-03-07 09:39:00+00	SFS7G5	ISI MCT	Nazir Hussaiin	2024-03-08 19:00:00+00	\N	PF	115000.00	113406.00	Is	\N	76	3	2	0	\N
181	2024-03-05 10:00:00+00	8TNPC6	MUX-MED-MUX	10 PAX	2024-04-04 19:00:00+00	2024-05-02 19:00:00+00	PIA	1218806.00	1213084.00	Is	\N	61	20	3	0	\N
185	2024-03-04 10:35:00+00	8TNAHZ	MUX RUH	MUHAMMAD IMRAN	2024-03-30 19:00:00+00	\N	PK	76600.00	72916.00	Is	\N	3	22	2	0	\N
186	2024-03-05 10:51:00+00	PQMSZR	MUX-JED-MUX	7 PAX	2024-03-03 19:00:00+00	2024-03-31 19:00:00+00	SAUDI ARABIAN AIRLINES	1092000.00	1078000.00	Is	\N	78	30	3	0	\N
187	2024-03-05 10:59:00+00	401236695	SHJ-ISB	MR. SULTAN KHAN	2024-03-08 19:00:00+00	\N	AIR ARABIA	31849.00	30849.00	Is	\N	79	13	3	0	\N
189	2024-03-07 11:40:00+00	GMJHFG	mux-shj	muhammad sadiq	2024-03-31 19:00:00+00	\N	PA	52300.00	51076.00	Is	\N	5	21	2	0	\N
190	2024-03-07 11:45:00+00	OSHRIM	JED MUX	SHAHID HUSSAIN	2024-04-30 19:00:00+00	\N	PA	70250.00	69730.00	Is	\N	7	3	2	0	\N
191	2024-03-07 11:49:00+00	X1W4JT	KHI DXB	SHAHZADA BASIT ALI	2024-03-17 19:00:00+00	\N	FZ	48600.00	48182.96	Is	\N	22	3	2	0	\N
194	2024-03-05 12:51:00+00	75CD4X	ELQ-DXB-MUX	2 PAX	2024-04-24 19:00:00+00	\N	FLY DUBAI	2400.00	1400.00	Is	\N	72	25	3	0	\N
192	2024-03-07 11:57:00+00	8TAEKT	MUX RUH	FARWA KOUSAR/SEERAT FATIMA	2024-03-30 19:00:00+00	\N	PK	87300.00	83169.00	Is	\N	22	22	2	0	\N
195	2024-03-05 12:59:00+00	SVWLYR	ISB-RUH	MS HUMA MUSHTAQ	2024-03-10 19:00:00+00	\N	AIR BLUE	128900.00	127938.00	Is	\N	70	11	3	0	\N
196	2024-03-06 13:09:00+00	ADNOCA	KHI-JED-KHI	MS. WASO MAI	2024-03-18 19:00:00+00	2024-04-22 19:00:00+00	AIR BLUE	155516.00	152592.00	Is	\N	81	11	3	0	\N
197	2024-03-07 13:11:00+00	SYJXIB	SHJ MUX	MUHAMMAD AHTASHAM	2024-03-08 19:00:00+00	\N		28700.00	27690.00	Is	\N	76	3	2	0	\N
199	2024-03-06 13:15:00+00	WOXPJT	MUX-SHJ	MR. AMIR SOHAIL	2024-03-05 19:00:00+00	\N	AIR BLUE	119940.00	119022.00	Is	\N	82	11	3	0	\N
200	2024-03-06 13:18:00+00	613021954	UET-SHJ	MR. MUHAMMAD REHAN	2024-03-12 19:00:00+00	\N	AIR ARABIA	69065.00	68565.00	Is	\N	72	13	3	0	\N
201	2024-03-06 13:21:00+00	AL1GYB	MUX-DXB-RUH	MR. RASHID ALI	2024-03-17 19:00:00+00	\N	FLY DUBAI	91024.00	90724.00	Is	\N	75	9	3	0	\N
188	2024-03-05 11:05:00+00	FCQ8P7	MUX-DXB-AHB	ABUBAKAR MUHAMMAD RAMZAN	2024-03-19 19:00:00+00	\N	FLY DUBAI	86274.00	82321.00	IS	\N	80	25	3	0	\N
183	2024-03-04 10:32:00+00	VIsa	UAE	1 Month	\N	\N		82500.00	82000.00	IS	\N	3	23	2	0	\N
184	2024-03-06 10:35:00+00	Visa	Umrah	Muhammad Shahid	\N	\N		40000.00	39150.00	IS	\N	3	23	2	0	\N
180	2024-03-07 10:10:00+00	Visa	UAE	Saif Ali	2024-03-04 19:00:00+00	\N		39500.00	39000.00	IS	\N	6	23	2	0	\N
179	2024-03-07 10:04:00+00	VIsa	\N	Faisal Nawaz	2024-03-05 19:00:00+00	\N		47000.00	43500.00	IS	\N	6	23	2	0	\N
182	2024-03-07 10:27:00+00	Visa	UMRAH	Asad Ali	2024-03-05 19:00:00+00	\N		40000.00	39500.00	IS	\N	24	23	2	0	\N
172	2024-03-05 09:10:00+00	8TMG1B	JED-MUX	3 PAX	2024-03-30 19:00:00+00	\N	PIA	3000.00	1500.00	IS	\N	73	25	3	0	\N
202	2024-03-06 13:29:00+00	7ZBD1F	MUX-DXB-RUH	MR. MUHAMMAD AHMAD	2024-03-16 19:00:00+00	\N	FLY DUBAI	94810.00	90724.00	Is	\N	83	9	3	0	\N
203	2024-03-06 13:38:00+00	GAR3H3	DXB-MCT-MUX	MUHAMMAD ASLAM	2024-04-09 19:00:00+00	\N	SALAM AIR	64400.00	56242.00	Is	\N	84	12	3	0	\N
204	2024-03-06 13:41:00+00	8TZP99	SHJ-ISB-UET	RAFIQ AHMAD	2024-04-01 19:00:00+00	\N	PIA	1000.00	300.00	Is	\N	48	25	3	0	\N
205	2024-03-06 13:44:00+00	6XA8GC	MED-RUH	MR UMAIR SOBAN	2024-03-09 19:00:00+00	\N	SAUDI ARABIAN AIRLINES	21911.00	20511.00	Is	\N	50	25	3	0	\N
206	2024-03-06 13:48:00+00	6X9OGS	RUH-MED	MR UMAIR SOBAN	2024-03-10 19:00:00+00	\N	SAUDI ARABIAN AIRLINES	22140.00	20723.00	Is	\N	50	25	3	0	\N
207	2024-03-06 13:50:00+00	FACGTK	JED-LHR	MR HAFIZ MUHAMMAD USAMA KHALID	2024-04-13 19:00:00+00	\N	AIR BLUE	56480.00	55808.00	Is	\N	59	11	3	0	\N
208	2024-03-06 13:54:00+00	8TPJLJ	DXB-MUX	JUNAID MUHAMMAD GHAFFAR	2024-04-02 19:00:00+00	\N	PIA	1000.00	300.00	Is	\N	62	25	3	0	\N
209	2024-03-06 13:59:00+00	TFLGKW	MUX-DXB-MUX	MRS AZRA PARVEEN	2024-03-05 19:00:00+00	2024-05-18 19:00:00+00	AIR BLUE	96330.00	95502.00	Is	\N	50	11	3	0	\N
210	2024-03-06 14:04:00+00	P4W31Y	DXB-MUX-DXB	MR. FAROOQ AHMAD	2024-03-25 19:00:00+00	2024-04-16 19:00:00+00	FLY DUBAI	113407.00	112807.00	Is	\N	85	9	3	0	\N
211	2024-03-06 14:07:00+00	8TP7FL	MUX-JED-MUX	MUHAMMAD ARIF	2024-03-13 19:00:00+00	2024-05-17 19:00:00+00	PIA	181523.00	180696.00	Is	\N	56	17	3	0	\N
212	2024-03-06 14:09:00+00	EPVNJZ	GIZ-DXB-KHI	MR MUHAMMAD SOHAIL	2024-03-30 19:00:00+00	\N	FLY DUBAI	2000.00	700.00	Is	\N	73	25	3	0	\N
213	2024-03-06 14:12:00+00	NTKPLI	JED-DXB-MUX	MR MUHAMMAD ASLAM	2024-03-31 19:00:00+00	\N	FLY DUBAI	2000.00	700.00	Is	\N	84	25	3	0	\N
214	2024-03-06 14:17:00+00	OFMAJF	MUX-JED	MR RASHID JAWAD	2024-03-14 19:00:00+00	\N	AIR BLUE	126668.00	125881.00	Is	\N	82	11	3	0	\N
215	2024-03-06 14:19:00+00	8TPL1D	MUX-JED	MUHAMMAD BOOTA MUKHTAR ALI	2024-03-13 19:00:00+00	\N	PIA	139630.00	138963.00	Is	\N	56	17	3	0	\N
217	2024-03-07 14:34:00+00	14813760	MUX-AUH	MR ALAM UD DIN, IMAM DIN	2024-03-26 19:00:00+00	\N	AIR ARABIA	60817.00	60217.00	Is	\N	48	13	3	0	\N
218	2024-03-07 14:40:00+00	AOZWYU	MUX-SHJ	MR MUHAMMAD ZAHID	2024-03-08 19:00:00+00	\N	AIR BLUE	-85436.00	-85436.00	RF	\N	86	11	3	0	\N
220	2024-03-07 14:45:00+00	MGZKGE	MUX-DXB	MR SAFDAR ALI	2024-03-14 19:00:00+00	\N	AIR BLUE	117350.00	111222.00	Is	\N	73	11	3	0	\N
221	2024-03-07 14:49:00+00	8TQ5K6	MUX-JED	MUHAMMAD ISHFAQ	2024-03-21 19:00:00+00	\N	PIA	85499.00	84913.00	Is	\N	86	17	3	0	\N
224	2024-03-07 13:13:00+00	EMKQHC	MUX DXB	HUSSAIN HAFIZ FAIZ	2024-03-11 19:00:00+00	\N	PA	124050.00	121592.00	Is	\N	5	21	2	0	\N
226	2024-03-07 17:42:00+00	8TQE58	MUX MED	MUMTAZ  MAI	2024-03-19 19:00:00+00	\N	PK	132750.00	127375.00	Is	\N	7	23	2	0	\N
227	2024-03-07 18:56:00+00	KYOTDP	DXB MUX	SHAHID PERVEZ	2024-04-01 19:00:00+00	\N	PA	64908.00	64608.00	Is	\N	22	3	2	0	\N
225	2024-03-07 17:32:00+00	2RPY9D	ISB DXB	MUHAMMAD WALI KHAN	2024-03-10 19:00:00+00	\N	ER	95000.00	93551.68	Is	\N	37	3	2	0	\N
228	2024-03-08 07:37:00+00	8TP1ET	LYP MED LYP	WAQAS Nazir	\N	\N	PK	500.00	300.00	Is	\N	6	2	2	0	\N
230	2024-03-08 07:50:00+00	8TQJMJ	MCT MUX	MUHAMMAD SHERAZ	\N	\N	PK	1000.00	300.00	Is	\N	47	3	2	0	\N
231	2024-03-08 08:54:00+00	4JWJSA	DXB MUX	Ali Shahbaz	2024-03-08 19:00:00+00	\N	FZ	42320.00	41815.00	Is	\N	88	5	2	0	\N
243	2024-03-07 07:43:00+00	6K3TJQ	MUX-JED-MUX	MR MUHAMMAD JAHANGIR	2024-03-22 19:00:00+00	2024-04-12 19:00:00+00	SAUDI ARABIAN	162000.00	156000.00	IS	\N	91	33	3	0	\N
244	2024-03-07 07:53:00+00	6K3TJQ	MUX-JED-MUX	MRS MEMOONA JAHANGIR	2024-03-22 19:00:00+00	2024-04-12 19:00:00+00	SAUDI ARABIAN	162000.00	156000.00	IS	\N	91	33	3	0	\N
242	2024-03-09 07:45:00+00	8TR526	MUX JED MUX	PARVEEN AKHTAR	2024-03-25 19:00:00+00	2024-04-21 19:00:00+00	PK	168066.66	167310.45	IS	\N	60	3	2	0	\N
241	2024-03-09 07:44:00+00	8TR526	MUX JED MUX	MIRAJ BIBI	2024-03-25 19:00:00+00	2024-04-21 19:00:00+00	PK	168066.66	167310.45	IS	\N	60	3	2	0	\N
222	2024-03-07 14:53:00+00	613053169	SKT-SHJ-MED	GHULAM FAREED	2024-03-18 19:00:00+00	\N	AIR ARABIA	104500.00	103775.00	IS	\N	87	13	3	0	\N
245	2024-03-07 08:00:00+00	613053169	SKT-SHJ-MED	ASIA KHATOON	2024-03-18 19:00:00+00	\N	AIR ARABIA	104500.00	103775.00	IS	\N	87	13	3	0	\N
249	2024-03-08 08:27:00+00	66J2PI	KHI-MCT	MR MAULA DAD	2024-03-31 19:00:00+00	\N	SALAM AIR	33393.00	32693.00	IS	\N	48	12	3	0	\N
250	2024-03-08 08:30:00+00	V9BJKE	KHI-MCT	MR JALAL DIN	2024-03-31 19:00:00+00	\N	SALAM AIR	35475.00	34875.00	IS	\N	48	12	3	0	\N
235	2024-03-08 11:58:00+00	8TQPC7	MUX JED	MUHAMMAD YOUNIS	2024-03-21 19:00:00+00	\N	PK	97150.00	90806.00	IS	\N	89	31	2	0	\N
216	2024-03-07 14:21:00+00	613069747	LYP-SHJ-MED	MR AKHTAR HUSSAIN	2024-03-20 19:00:00+00	\N	AIR ARABIA	94210.00	93610.00	IS	\N	70	13	3	0	\N
237	2024-03-07 07:27:00+00	UFCGY6	MUX-JED-MUX	TAMOUR HASSAN	2024-03-08 19:00:00+00	2024-03-28 19:00:00+00	SAUDIA	162000.00	157000.00	IS	\N	91	32	3	0	\N
238	2024-03-07 07:29:00+00	NDWMEW	MUX-JED-MUX	MR MUHAMMAD KHURRAM ABRAR	2024-03-07 19:00:00+00	2024-05-25 19:00:00+00	AIR BLUE	-129777.00	-129777.00	RF	\N	73	11	3	0	\N
239	2024-03-09 07:30:00+00	6VJ35X	MUX/DAR	Nadeem Nasir	\N	\N	QR	9800.00	500.00	IS	\N	22	3	2	0	\N
240	2024-03-09 07:41:00+00	8TR526	MUX JED MUX	Muhmmad Sajid	2024-03-25 19:00:00+00	2024-04-21 19:00:00+00	PK	168066.66	167310.45	IS	\N	60	3	2	0	\N
236	2024-03-08 19:25:00+00	8BGLF5	ISB DXB	UMAR NAZIR	2024-03-14 19:00:00+00	\N	ER	67000.00	65712.00	IS	\N	76	3	2	0	\N
223	2024-03-07 15:01:00+00	8TQ8TY	MUX-JED	MUHAMMAD AYOOB	2024-03-27 19:00:00+00	\N	PIA	77461.00	76816.00	IS	\N	48	17	3	0	\N
246	2024-03-07 08:07:00+00	8TQ8TY	MUX-JED	UMAR LNU	2024-03-27 19:00:00+00	\N	PIA	77461.00	76816.00	IS	\N	48	17	3	0	\N
247	2024-03-07 08:11:00+00	8TQHER	JED-KHI	SHUMAILA GILAL	2024-03-10 19:00:00+00	\N	PIA	36593.00	35633.00	IS	\N	79	17	3	0	\N
248	2024-03-07 08:15:00+00	8TQ409	DXB-MUX	AYAZ MAQBOOL	2024-04-30 19:00:00+00	\N	PIA	1000.00	300.00	VO	\N	62	25	3	0	\N
252	2024-03-09 08:44:00+00	14828314	MUX AUH	Muhammad Sohail	2024-03-22 19:00:00+00	\N	G9	63150.00	62631.00	IS	\N	3	6	2	0	\N
253	2024-03-09 09:08:00+00	8TPH47	MUX MED	ALI HAIDer	2024-03-14 19:00:00+00	\N	PK	2000.00	1800.00	RI	\N	24	3	2	0	\N
229	2024-03-08 07:46:00+00	6XJTN9	MUX/DOH/DAR	Rizwana / Aahil Ahmad	2024-03-25 19:00:00+00	\N	QR	10600.00	10000.00	RI	\N	22	3	2	0	\N
251	2024-03-09 08:37:00+00	8TRFLF	JED MUX	Najima Mai/ Abdul Rehman	\N	\N	PK	2000.00	600.00	VO	\N	46	3	2	0	\N
379	2024-03-13 09:57:00+00	123	12312		2024-03-21 19:00:00+00	\N		1231.00	12.00	IS	\N	28	1	1	0	\N
266	2024-03-08 09:58:00+00	8QAEG7	UET-DXB	MR KHALIQ DAD	2024-03-18 19:00:00+00	\N	FLY DUBAI	45442.00	42431.00	IS	\N	48	25	3	0	\N
267	2024-03-08 10:03:00+00	O580CV	MCT-MUX	MR ABBAS GHULAM	2024-04-09 19:00:00+00	\N	SALAM AIR	32900.00	31997.00	IS	\N	92	12	3	0	\N
268	2024-03-09 09:17:00+00	QVKUGQ	MUX JED	ALLAH DITTA //  NADEEM	2024-03-17 19:00:00+00	\N	PA	222300.00	221195.00	IS	\N	7	21	2	0	\N
269	2024-03-09 10:06:00+00	8TQ3K5	MUX-DXB	MUHAMMAD ISMAIL	2024-03-21 19:00:00+00	\N	PIA	79000.00	72278.00	IS	\N	73	17	3	0	\N
270	2024-03-09 10:09:00+00	U9OATQ	MUX-DXB-JED	MR. ABDUL REHMAN	2024-03-24 19:00:00+00	\N	FLY DUBAI	80424.00	80174.00	IS	\N	62	9	3	0	\N
271	2024-03-09 10:07:00+00	MSPN10	DXB MUX	Muhammad Imran	2024-03-22 19:00:00+00	\N	FZ	42300.00	41779.00	IS	\N	37	5	2	0	\N
272	2024-03-09 11:06:00+00	77098S	MUX/DXB/LHR	MUHAMMAD FARHAN GHAFFAR	2024-04-24 19:00:00+00	\N	QR	135000.00	128279.00	IS	\N	76	3	2	0	\N
274	2024-03-09 12:22:00+00	VFMGH7	MUX - RUH	AROOJ FATIMA	2024-03-25 19:00:00+00	\N	FZ	73250.00	72960.00	IS	\N	22	3	2	0	\N
275	2024-03-09 12:24:00+00	UA90B4	MUX - RUH	ADEEBA SADAF	2024-03-25 19:00:00+00	\N	FZ	73250.00	72960.00	IS	\N	22	3	2	0	\N
276	2024-03-09 12:25:00+00	UA90B4	MUX - RUH	ZAVIYAAR IHSAN	2024-03-25 19:00:00+00	\N	FZ	73250.00	72960.00	IS	\N	22	3	2	0	\N
277	2024-03-09 12:26:00+00	8TRHF7	MUX - JED	QASIM ALI	2024-04-17 19:00:00+00	\N	PK	74460.00	70863.00	IS	\N	22	29	2	0	\N
278	2024-03-09 12:28:00+00	8TRKKP	LHE-DMM	BILAL SHARIF	2024-03-24 19:00:00+00	\N	PK	77170.00	73362.00	IS	\N	11	29	2	0	\N
279	2024-03-09 12:38:00+00	XVFSUK	MUX-JED	MUHAMMAD IRSHAD	2024-03-23 19:00:00+00	\N	AIR BLUE	100600.00	99778.00	IS	\N	86	11	3	0	\N
280	2024-03-09 12:40:00+00	8TR46C	SHJ-MUX	SHAHZAD AHMAD	2024-04-01 19:00:00+00	\N	PIA	1000.00	300.00	VO	\N	73	25	3	0	\N
281	2024-03-09 12:44:00+00	8TR46C	SHJ-MUX	SHABBIR AHMAD	2024-04-01 19:00:00+00	\N	PIA	1000.00	300.00	VO	\N	73	25	3	0	\N
283	2024-03-09 12:48:00+00	76SNJJ	MED-DXB-MUX	MR MUHAMMAD JAVED	2024-03-31 19:00:00+00	\N	FLY DUBAI	1200.00	700.00	VO	\N	66	25	3	0	\N
282	2024-03-09 12:46:00+00	HCDZQJ	JED-DXB-MUX	MR SADAM HUSSAIN	2024-04-03 19:00:00+00	\N	FLY DUBAI	1200.00	700.00	VO	\N	48	25	3	0	\N
284	2024-03-09 12:53:00+00	CDJBUP	LHE-RUH	MR NAVEED IQBAL	2024-03-31 19:00:00+00	\N	AIR BLUE	72860.00	72129.00	IS	\N	70	11	3	0	\N
285	2024-03-09 13:08:00+00	UHCUAN	MUX-JED-MUX	MR BASHIR AHMAD	2024-03-11 19:00:00+00	2024-04-10 19:00:00+00	AIR BLUE	155000.00	151000.00	IS	\N	73	34	3	0	\N
286	2024-03-09 13:11:00+00	UHCUAN	MUX-JED-MUX	MRS SUMIYA BASHIR	2024-03-11 19:00:00+00	2024-04-10 19:00:00+00	AIR BLUE	155000.00	151000.00	IS	\N	73	34	3	0	\N
287	2024-03-09 13:12:00+00	UHCUAN	MUX-JED-MUX	MR MUHAMMAD IDREES	2024-03-11 19:00:00+00	2024-04-10 19:00:00+00	AIR BLUE	155000.00	151000.00	IS	\N	73	34	3	0	\N
288	2024-03-09 13:13:00+00	UELZWA	MUX-DXB	MR MUHAMMAD ZUBAIR GHOURI	2024-03-18 19:00:00+00	\N	AIR BLUE	77430.00	76667.00	IS	\N	53	11	3	0	\N
289	2024-03-09 13:17:00+00	8TRFQ9	LHE-JED	NASEEM AKHTAR	2024-03-29 19:00:00+00	\N	PIA	79886.00	79528.00	IS	\N	70	18	3	0	\N
290	2024-03-09 13:22:00+00	8TRFQ9	LHE-JED	FNU MARYAM	2024-03-29 19:00:00+00	\N	PIA	62514.00	62245.00	IS	\N	70	18	3	0	\N
291	2024-03-09 13:42:00+00	8TM5L6	MUX-JED, MED-MUX	MR MUHAMMAD RAMZAN	2024-04-04 19:00:00+00	2024-04-20 19:00:00+00	PIA	5820.00	1432.00	RI	\N	65	20	3	0	\N
292	2024-03-09 13:54:00+00	CVXPVZ	MUX-JED-MUX	MR NASIR ABDUL	2024-03-13 19:00:00+00	2024-04-12 19:00:00+00	AIR BLUE	157000.00	155000.00	IS	\N	97	34	3	0	\N
293	2024-03-09 14:02:00+00	CVXPVZ	MUX-JED-MUX	MR QASIM MUHAMMAD	2024-03-13 19:00:00+00	2024-04-12 19:00:00+00	AIR BLUE	157000.00	155000.00	IS	\N	97	34	3	0	\N
294	2024-03-09 14:07:00+00	OLUBOU	JED-ISB	MR HAFIZ MUHAMMAD AHMAD RAZA	2024-04-02 19:00:00+00	\N	AIR BLUE	40466.00	39942.00	IS	\N	98	11	3	0	\N
295	2024-03-09 14:11:00+00	613108441	KHI-SHJ	MR HABIB GUL	2024-03-17 19:00:00+00	\N	AIR ARABIA	61591.00	61028.00	IS	\N	48	13	3	0	\N
296	2024-03-09 14:29:00+00	10BWPH	JED-MUX	MR. MUHAMMAD USMAN	2024-03-24 19:00:00+00	\N	AIR SIAL	35200.00	34823.00	IS	\N	99	10	3	0	\N
297	2024-03-09 14:45:00+00	ETI8GM	KHI-DXB-JED	MR. MUHAMMAD JAVED	2024-03-14 19:00:00+00	\N	FLY DUBAI	98384.00	98084.00	IS	\N	75	9	3	0	\N
298	2024-03-09 18:40:00+00	8SG2UP	JED-MUX	MUHAMMAD GHAZANFAR MEHFOOZ	2024-04-07 19:00:00+00	\N	PIA	4000.00	3185.00	RI	\N	60	3	2	0	\N
299	2024-03-10 08:44:00+00	149XSU	JED-MUX	SHOAIB SAEED	2024-03-24 19:00:00+00	\N	PF	35700.00	34823.00	IS	\N	6	8	2	0	\N
300	2024-03-10 10:23:00+00	8TRPD4	LHR-RUH	MUHAMMAD SADIQ	2024-03-25 19:00:00+00	\N	PIA	85409.00	84922.00	IS	\N	56	17	3	0	\N
301	2024-03-10 10:27:00+00	JQNZ25	BAH-DXB-MUX	MR FARHAN JABBAR	2024-03-10 19:00:00+00	\N	FLY DUBAI	55071.00	54771.00	IS	\N	50	9	3	0	\N
302	2024-03-10 10:30:00+00	VKXZTI	SHJ-MUX	MR SANA ULLAH	2024-04-14 19:00:00+00	\N	AIR BLUE	27600.00	27163.00	IS	\N	48	11	3	0	\N
303	2024-03-10 10:32:00+00	OGQZES	SHJ-MUX	MR ALTAF KHAN	2024-04-14 19:00:00+00	\N	AIR BLUE	33160.00	32574.00	IS	\N	48	11	3	0	\N
304	2024-03-10 10:33:00+00	14832752	MUX-AUH	NOOR KHAN	2024-03-26 19:00:00+00	\N	AIR ARABIA	61216.00	60216.00	IS	\N	48	13	3	0	\N
305	2024-03-10 11:23:00+00	14832785	MUX-AUH	MR NASRULLAH WALI MUHAMMAD	2024-03-26 19:00:00+00	\N	AIR ARABIA	59348.00	58348.00	IS	\N	48	13	3	0	\N
306	2024-03-10 11:27:00+00	10C56U	MUX-JED	MR SAFDAR ALI	2024-03-17 19:00:00+00	\N	AIR SIAL	115300.00	113593.00	IS	\N	70	10	3	0	\N
307	2024-03-10 11:32:00+00	14A3L8	JED-KHI	MR ABDUL REHMAN	2024-03-09 19:00:00+00	\N	AIR SIAL	23054.00	21633.00	IS	\N	48	10	3	0	\N
308	2024-03-10 11:35:00+00	8TRP35	JED-MUX-JED	ARSHAD ALI ARIF	2024-03-12 19:00:00+00	\N	PIA	100519.00	98090.00	IS	\N	86	19	3	0	\N
309	2024-03-10 11:38:00+00	775QW9	MUX-DOH	MR ASIF REHMAN	2024-03-28 19:00:00+00	\N	QATAR AIRWAYS	74755.00	73655.00	IS	\N	52	25	3	0	\N
310	2024-03-11 13:22:00+00	XBHBC8	RUH-MCT-MUX	JAVED AHMAD	2024-03-11 19:00:00+00	\N	SALAM AIR	34015.00	33570.00	IS	\N	86	12	3	0	\N
311	2024-03-11 13:25:00+00	BYZ99R	MED-DXB-MUX	MR MUHAMMAD USAMA ALI	2024-03-11 19:00:00+00	\N	FLY DUBAI	45443.00	44943.00	IS	\N	59	9	3	0	\N
312	2024-03-11 13:37:00+00	8TSLP9	MUX-MED-MUX	ASSAD ULLAH IHSAN	2024-03-19 19:00:00+00	2024-04-13 19:00:00+00	PIA	172908.00	171151.00	IS	\N	100	18	3	0	\N
313	2024-03-11 13:41:00+00	8TSP33	LHR-KUL-LHE	MUHAMMAD JUNAID	2024-03-23 19:00:00+00	2024-04-16 19:00:00+00	PIA	171461.00	170656.00	IS	\N	70	18	3	0	\N
316	2024-03-11 17:43:00+00	MPVQKV	ISB DXB	HASSAN ALI	2024-03-24 19:00:00+00	\N	PA	50550.00	49477.00	IS	\N	101	22	2	0	\N
318	2024-03-11 18:00:00+00	777J4D	RUH/MCT/ISB	ABID KHAN	2024-03-09 19:00:00+00	\N	WY	99250.00	97926.00	IS	\N	3	3	2	0	\N
317	2024-03-11 17:46:00+00	JRETVQ	MUX SHJ	Muhammad Rafiq	2024-03-31 19:00:00+00	\N	PA	52280.00	51076.00	IS	\N	5	22	2	0	\N
319	2024-03-11 18:02:00+00	1883X3	MUX JED MUX	Hamid Hassan	2024-04-10 19:00:00+00	2024-05-01 19:00:00+00	PF	125000.00	123470.00	IS	\N	24	8	2	0	\N
320	2024-03-11 18:07:00+00	8TS6ML	DXB MUX DXB	MUHAMMAD NASIR	2024-03-10 19:00:00+00	2024-04-16 19:00:00+00	PK	83550.00	79052.00	IS	\N	7	22	2	0	\N
321	2024-03-11 18:10:00+00	8TS102	JED MUX	KASHIF ALI	\N	\N	PK	1000.00	300.00	VO	\N	16	3	2	0	\N
322	2024-03-12 06:23:00+00	8TSBJK	DMM KHI DMM	SHUMAILA / IRFA/ SHAHEER	\N	\N	PK	3000.00	900.00	VO	\N	14	3	2	0	\N
352	2024-03-12 11:07:00+00	Visa	Umrah	Faisal Nawaz	\N	\N		43000.00	42200.00	IS	\N	8	23	2	0	\N
353	2024-03-12 11:08:00+00	Visa	\N	Ali Haider Khan	\N	\N		40000.00	40000.00	IS	\N	24	23	2	0	\N
326	2024-03-12 06:29:00+00	8TSMZU	JED MUX	MUHAMMAD SALEEM	\N	\N	PK	1000.00	300.00	IS	\N	46	3	2	0	\N
325	2024-03-12 06:27:00+00	SKTZRA	RUH DXB MUX	ABDUL MAJEED / AMIR QAISER	\N	\N	FZ	3000.00	1400.00	IS	\N	46	3	2	0	\N
328	2024-03-12 06:33:00+00	8TSNQH	JED MUX	Khalil / Majeed	\N	\N	PK	2000.00	600.00	VO	\N	46	3	2	0	\N
329	2024-03-12 06:35:00+00	8TST3L	JED MUX	Talib Hussain	\N	\N	PK	1000.00	300.00	VO	\N	46	3	2	0	\N
330	2024-03-12 06:36:00+00	8TT4NQ	MED ISB	HAJAMI	\N	\N	PK	1000.00	300.00	VO	\N	47	3	2	0	\N
331	2024-03-12 06:37:00+00	613161326	SHJ MUX	SHAZAD IJAZ	2024-03-11 19:00:00+00	\N	G9	42900.00	42606.00	IS	\N	9	6	2	0	\N
333	2024-03-12 06:50:00+00	A88F4G	KHI JED	SHABINA / HARIB	\N	\N	ER	179500.00	176378.00	IS	\N	14	3	2	0	\N
334	2024-03-12 06:54:00+00	HMFTWT	MED DXB MED	ASHRAF	2024-05-31 19:00:00+00	\N	FZ	1500.00	700.00	VO	\N	14	3	2	0	\N
335	2024-03-12 06:59:00+00	EYNTJD	MUX JED	Hamza Iqbal/ Sana Anwar	2024-04-11 19:00:00+00	2024-03-20 19:00:00+00	PA	309000.00	306924.00	IS	\N	60	3	2	0	\N
323	2024-03-12 06:25:00+00	77B04N	MED DXB KHI	FAHAD FAROOQ	\N	\N	FZ	1500.00	700.00	VO	\N	47	3	2	0	\N
371	2024-03-12 05:26:00+00	612819139	MUX-SHJ-ELQ	MR MUHAMMAD ARSAL	2024-03-12 19:00:00+00	\N	AIR ARABIA	2100.00	1777.00	IS	\N	67	13	3	0	\N
354	2024-03-12 11:20:00+00	8TTYB3	JED MUX	HAMZA SHABBIR	\N	\N	PK	1000.00	300.00	VO	\N	60	3	2	0	\N
357	2024-03-12 11:23:00+00	Visa	\N	Muhammad Mursaleen	\N	\N		43500.00	43000.00	IS	\N	6	23	2	0	\N
340	2024-03-10 07:18:00+00	775Q1H	MUX/BAH/DXB	ZEESHAN HADAIR	2024-04-17 19:00:00+00	\N	GF	65415.00	65065.00	IS	\N	36	3	2	0	\N
341	2024-03-12 07:19:00+00	7770W1	KHI/BAH/MED	GHULAM MUSTAFA *3	2024-03-18 19:00:00+00	\N	GF	230100.00	225594.00	IS	\N	16	3	2	0	\N
327	2024-03-12 06:31:00+00	77DYKF	RUX DXB MUX	Shafi / Nadeem	\N	\N	QR	3000.00	1400.00	IS	\N	46	3	2	0	\N
355	2024-03-12 11:11:00+00	Tashera	\N	Ahmad Tashera	\N	\N		10000.00	10000.00	IS	\N	16	23	2	0	\N
339	2024-03-12 07:11:00+00	1883RK	MUX JED MUX	ULLAH SULTAN	2024-04-10 19:00:00+00	\N	PF	125000.00	124042.38	IS	\N	24	3	2	0	\N
342	2024-03-12 07:31:00+00	1883X7	MUX JED MUX	MAJEED ALLAH DITTA	2024-04-10 19:00:00+00	\N	PF	125000.00	124042.38	IS	\N	24	3	2	0	\N
338	2024-03-12 07:11:00+00	1883RK	MUX JED MUX	UMAIR IQBAL	2024-04-10 19:00:00+00	\N	PF	125000.00	124042.38	IS	\N	24	3	2	0	\N
343	2024-03-12 07:31:00+00	8TT6JJ	JED MUX	AHMAD SHAKEEL	\N	\N	PK	1000.00	300.00	VO	\N	7	3	2	0	\N
344	2024-03-12 07:35:00+00	8TT6K8	MED/KHI/MUX	ATTA MUHAMMAD	\N	\N	pk	1000.00	300.00	VO	\N	7	3	2	0	\N
346	2024-03-12 07:39:00+00	EWYTHB	\N	SADDAM / HUSSAIN	\N	\N	FZ	3000.00	1400.00	IS	\N	102	3	2	0	\N
347	2024-03-12 07:42:00+00	T7J31C	ISB/DXB	HAMZA HASSAN	2024-03-19 19:00:00+00	\N	ER	59000.00	57360.00	IS	\N	44	3	2	0	\N
348	2024-03-12 07:47:00+00	TIXIGB	DXB/MUX	ASAAD HAYIAT	2024-03-11 19:00:00+00	\N	PA	27100.00	26778.00	IS	\N	22	3	2	0	\N
349	2024-03-12 07:48:00+00	KDOJVQ	RUH MUX	MUHAMAD AWAIS	2024-03-13 19:00:00+00	\N	OV	34200.00	33705.00	IS	\N	22	3	2	0	\N
345	2024-03-12 07:36:00+00	DB5578793	VISA	NOUSHEEN Sajjad	\N	\N		37000.00	32980.00	IS	\N	9	3	2	0	\N
351	2024-03-12 08:27:00+00	14849699	AUH MUX	MUJAHID ALI	\N	\N	G9	63150.00	62863.46	IS	\N	76	3	2	0	\N
324	2024-03-12 06:26:00+00	CQFDGI	MED DXB KHI	MUHAMMAD EJAZ	\N	\N	FZ	1000.00	700.00	IS	\N	25	3	2	0	\N
358	2024-03-11 11:52:00+00	8TT02E	MUX-JED-MUX	FNU ALLAH WASAYA	2024-03-21 19:00:00+00	2024-04-08 19:00:00+00	PIA	172452.00	167153.00	IS	\N	103	17	3	0	\N
359	2024-03-11 11:55:00+00	8TT02E	MUX-JED-MUX	SANA KHAN	2024-03-21 19:00:00+00	2024-04-08 19:00:00+00	PIA	172452.00	167153.00	IS	\N	103	17	3	0	\N
360	2024-03-11 11:56:00+00	8TT019	JED-MUX	MUHAMMAD JUNAID SATTAR	2024-03-08 19:00:00+00	\N	PIA	82656.00	80136.00	IS	\N	103	17	3	0	\N
361	2024-03-11 11:59:00+00	8TT9JY	MED-MUX	NAJMA SAMREEN	2024-04-27 19:00:00+00	\N	PIA	1000.00	300.00	IS	\N	54	25	3	0	\N
363	2024-03-11 12:02:00+00	8TT9JY	MED-MUX	TAYYABA NAEEM	2024-04-27 19:00:00+00	\N	PIA	1000.00	300.00	IS	\N	54	25	3	0	\N
365	2024-03-12 05:09:00+00	613161326	SHJ-MUX	MR SHAHZAD IJAZ	2024-03-11 19:00:00+00	\N	AIR ARABIA	43400.00	42900.00	IS	\N	70	27	3	0	\N
366	2024-03-12 05:13:00+00	77LJN2	JED-MUX	MR ZAIEM TAREEN	2024-04-05 19:00:00+00	\N	SAUDI ARABIAN AIRLINES	119612.00	118512.00	IS	\N	50	25	3	0	\N
367	2024-03-12 05:17:00+00	77LJN2	JED-MUX	MRS NAUSHEEN SAJJAD	2024-04-05 19:00:00+00	\N	SAUDI ARABIAN AIRLINES	119612.00	118512.00	IS	\N	50	25	3	0	\N
368	2024-03-12 05:18:00+00	77LJN2	JED-MUX	KIAN AKHTAR TAREEN	2024-04-05 19:00:00+00	\N	SAUDI ARABIAN AIRLINES	10306.00	10006.00	IS	\N	50	25	3	0	\N
369	2024-03-12 05:21:00+00	GD7IP7	BAH-MCT-MUX	MUHAMMAD USMAN	2024-03-20 19:00:00+00	\N	SALAM AIR	48600.00	48296.00	IS	\N	104	12	3	0	\N
370	2024-03-12 05:23:00+00	613150683	MUX-SHJ	MR MUHAMMAD JANANZAIB	2024-03-26 19:00:00+00	\N	AIR ARABIA	59479.00	58979.00	IS	\N	56	13	3	0	\N
372	2024-03-12 05:30:00+00	1C64ZI	MUX-JED-MUX	MRS ANEELA KHANUM	2024-03-30 19:00:00+00	2024-04-14 19:00:00+00	AIR SIAL	139990.00	137736.00	IS	\N	50	10	3	0	\N
373	2024-03-12 05:33:00+00	1C64PI	MUX-JED-MUX	MR MUHAMMAD HUNZA KHAN	2024-03-30 19:00:00+00	2024-04-14 19:00:00+00	AIR SIAL	144550.00	142179.00	IS	\N	50	10	3	0	\N
374	2024-03-13 09:43:00+00	1231	12231		\N	\N		1231.00	12312.00	IS	\N	28	1	1	0	\N
375	2024-03-13 09:57:00+00	123	12312		2024-03-21 19:00:00+00	\N		1231.00	12.00	IS	\N	28	1	1	0	\N
376	2024-03-13 09:57:00+00	123	12312		2024-03-21 19:00:00+00	\N		1231.00	12.00	IS	\N	28	1	1	0	\N
336	2024-03-12 07:04:00+00	1883X7	MUX JED MUX	KHALID SAEED	2024-04-10 19:00:00+00	\N	PF	125000.00	124042.38	IS	\N	24	3	2	0	\N
356	2024-03-12 11:20:00+00	8TTA9E	JED - LHE	AQSA RUBAB *3	2024-05-27 19:00:00+00	\N	PK	2000.00	900.00	VO	\N	14	3	2	0	\N
332	2024-03-12 06:47:00+00	8TSR5Q	JED MUX JED	ABDUL AZIZ	2024-03-25 19:00:00+00	2024-08-16 19:00:00+00	PK	98600.00	97443.55	IS	\N	6	3	2	0	\N
364	2024-03-12 17:41:00+00	Visa	Umrah	Sahar Sultan/ Amal	\N	\N		90000.00	86000.00	IS	\N	5	23	2	0	\N
377	2024-03-13 09:57:00+00	123	12312		2024-03-21 19:00:00+00	\N		1231.00	12.00	IS	\N	28	1	1	0	\N
378	2024-03-13 09:57:00+00	123	12312		2024-03-21 19:00:00+00	\N		1231.00	12.00	IS	\N	28	1	1	0	\N
380	2024-03-13 09:58:00+00	12312	21312	12321	2024-03-13 19:00:00+00	\N	12312	5000.00	1000.00	IS	\N	28	1	1	0	\N
381	2024-03-13 09:59:00+00	1231	1231		2024-03-22 19:00:00+00	\N		1231.00	1231.00	IS	\N	28	1	1	0	\N
383	2024-03-13 10:03:00+00	1231	12312	1231	\N	\N	1231	1.00	1.00	IS	\N	28	1	1	0	\N
385	2024-03-13 10:07:00+00	12312	12312		2024-03-13 19:00:00+00	\N		12312.00	12321.00	IS	\N	28	1	1	0	\N
387	2024-03-13 10:08:00+00	123123	213123	21312	\N	\N	12312	12312.00	12312.00	IS	\N	28	1	1	0	\N
423	2024-03-15 09:12:00+00	8U0JDA	MUX - MED	MUHAMMAD BILAL	2024-03-28 19:00:00+00	\N	PK	81500.00	77589.00	IS	\N	24	31	2	0	\N
426	2024-03-14 09:18:00+00	78H5R2	RUH-DXB-MUX	SUGHRAN MAI	\N	\N	FZ	1500.00	700.00	VO	\N	46	3	2	0	\N
427	2024-03-15 09:18:00+00	78H5R2	RUH-DXB-MUX	KHALIL YAQOOB	\N	\N	FZ	1500.00	700.00	VO	\N	46	3	2	0	\N
428	2024-03-15 09:18:00+00	78H5R2	RUH-DXB-MUX	MAHAM YAQOOB	\N	\N	FZ	1500.00	700.00	VO	\N	46	3	2	0	\N
429	2024-03-14 09:18:00+00	78NP37	MED-MUX	SUGHRAN MAI	2024-04-09 19:00:00+00	\N	SV	43700.00	42376.00	IS	\N	60	3	2	0	\N
430	2024-03-14 09:18:00+00	8TDHUA	MUX-JED	MUHAMMAD YASIN KHAN	\N	\N	PK	-130500.00	-133264.00	RF	\N	14	3	2	0	\N
431	2024-03-15 09:18:00+00	8TUPYG	JED-MUX	MUHAMMAD YASIN KHAN	2024-04-12 19:00:00+00	\N	PK	1000.00	300.00	VO	\N	14	3	2	0	\N
433	2024-03-15 09:18:00+00	8U08HR	JED-KHI	LIAQAT ALI	2024-06-04 19:00:00+00	\N	PK	1000.00	300.00	VO	\N	19	3	2	0	\N
434	2024-03-15 09:18:00+00	8U09YD	MED-MUX	SAIMA MAI	2024-05-07 19:00:00+00	\N	PK	1000.00	300.00	VO	\N	14	3	2	0	\N
399	2024-03-13 05:21:00+00	77ZIZP	DXB-MUX	MR WALI BAKHSH	2024-04-22 19:00:00+00	\N	FLY DUBAI	1500.00	700.00	VO	\N	105	25	3	0	\N
400	2024-03-13 05:24:00+00	8TT9RN	MCT-MUX	MUHAMMAD AKRAM	2024-04-05 19:00:00+00	\N	PIA	1000.00	300.00	VO	\N	86	25	3	0	\N
401	2024-03-13 05:26:00+00	8TTFPC	JED-MUX	FNU ANEELA	2024-04-08 19:00:00+00	\N	PIA	1000.00	300.00	VO	\N	73	25	3	0	\N
402	2024-03-13 05:30:00+00	8TTFPC	JED-MUX	MUHAMMAD SHAHZAD SHAMI	2024-04-08 19:00:00+00	\N	PIA	1000.00	300.00	VO	\N	73	25	3	0	\N
403	2024-03-13 05:31:00+00	8TTFPC	JED-MUX	MUHAMMAD RAYAN SHAMI	2024-04-08 19:00:00+00	\N	PIA	1000.00	300.00	VO	\N	73	25	3	0	\N
404	2024-03-13 05:33:00+00	8TTFPC	JED-MUX	SHAMI MUHAMMAD	2024-04-08 19:00:00+00	\N	PIA	1000.00	300.00	VO	\N	73	25	3	0	\N
405	2024-03-13 05:34:00+00	8TTJG9	MUX-MED, JED-MUX	JAVEED IQBAL	2024-03-26 19:00:00+00	2024-04-09 19:00:00+00	PIA	175415.00	174157.00	IS	\N	50	17	3	0	\N
406	2024-03-13 05:39:00+00	613186483	SHJ-MUX	MR REHMAT KHAN	2024-04-01 19:00:00+00	\N	AIR ARABIA	57500.00	56970.00	IS	\N	48	13	3	0	\N
407	2024-03-13 06:11:00+00	8TU1Y7	KHI-MUX	MUNIR AHMAD BOSAN	2024-04-04 19:00:00+00	\N	PIA	20860.00	20486.00	IS	\N	73	17	3	0	\N
408	2024-03-13 06:15:00+00	613188492	UET-SHJ-MCT	MR NAQEEB ULLAH	2024-03-21 19:00:00+00	\N	AIR ARABIA	53995.00	53491.00	IS	\N	48	13	3	0	\N
409	2024-03-13 06:19:00+00	401262751	LHE-KHI	MR MUHAMMAD FARHAN	2024-03-16 19:00:00+00	\N	AIR ARABIA	18570.00	17499.00	IS	\N	70	13	3	0	\N
410	2024-03-14 06:48:00+00	8TUP95	MUX - SHJ	MUHAMMAD SAEED	2024-04-22 19:00:00+00	\N	PK	72950.00	68873.00	IS	\N	5	29	2	0	\N
411	2024-03-14 07:23:00+00	1K24EF	MUX - JED	ABDUL QAYYUM	2024-03-20 19:00:00+00	\N	PF	97500.00	95910.00	IS	\N	47	8	2	0	\N
337	2024-03-12 07:10:00+00	1883RK	MUX JED MUX	ISMAIL SHAD	2024-04-10 19:00:00+00	\N	PF	125000.00	124042.38	IS	\N	24	3	2	0	\N
412	2024-03-12 09:09:00+00	77ZG7V	DMS PEW	WAQAR ALI	2024-04-07 19:00:00+00	\N	GF	83800.00	83289.00	IS	\N	43	3	2	0	\N
413	2024-03-13 09:09:00+00	7882VM	RUH MUX	MUHAMMAD NADEEM	2024-03-12 19:00:00+00	\N	GF	50340.00	49035.00	IS	\N	6	3	2	0	\N
414	2024-03-14 09:09:00+00	78BDND	JED LHR	SAIN BUX	\N	\N	EY	1500.00	700.00	VO	\N	76	3	2	0	\N
415	2024-03-14 09:09:00+00	8RER6N	MED/ISB	SHAHZAD KOMAL / Ammir/ Yousaf	\N	\N	PK	3000.00	900.00	RF	\N	76	3	2	0	\N
416	2024-03-14 09:09:00+00	8SPR98	MUX MED	MUHAMMAD SAJID INAD	\N	\N		130000.00	130000.00	IS	\N	19	3	2	0	\N
417	2024-03-13 09:09:00+00	8TTN1E	SJH MUX	Tariq Ali	\N	\N	PK	1000.00	300.00	IS	\N	47	3	2	0	\N
418	2024-03-13 09:09:00+00	8TTPUE	JED MUX	SHABINA /MUHAMMAD HARIB	\N	\N	PK	2000.00	600.00	VO	\N	14	3	2	0	\N
419	2024-03-13 09:09:00+00	8TTQJP	JED KHI	FAIZ / Raz/ Gulzar	\N	\N	PK	3000.00	900.00	VO	\N	16	3	2	0	\N
420	2024-03-13 09:09:00+00	8TTQR2	MED/KHI/MUX	Atta Muhammad	\N	\N	PK	1000.00	300.00	VO	\N	7	3	2	0	\N
421	2024-03-14 09:09:00+00	8TU39D	JED MUX	Yasir Khan	2024-04-19 19:00:00+00	\N	PK	50450.00	49838.35	IS	\N	14	3	2	0	\N
435	2024-03-13 09:18:00+00	AXTYBM	MCT-KHI	ABDUL REHMAN	2024-03-13 19:00:00+00	\N	PK	18000.00	17522.82	IS	\N	17	3	2	0	\N
436	2024-03-14 09:18:00+00	DEQUDV	DXB-LHE-DXB	ZEESHAN ALI	2024-03-16 19:00:00+00	2024-04-22 19:00:00+00	PA	78410.00	77910.00	IS	\N	22	3	2	0	\N
437	2024-03-15 09:18:00+00	DXIDPW	RUH-LHE	MUMTAZ BEGUM	\N	\N	SV	1500.00	700.00	VO	\N	76	3	2	0	\N
438	2024-03-15 09:18:00+00	H0ZXYW	TAS-DXB-TAS	FAROGAT MAJITOVA	2024-03-14 19:00:00+00	2024-03-17 19:00:00+00	FZ	120000.00	109118.38	IS	\N	16	3	2	0	\N
439	2024-03-13 09:18:00+00	UF5144803	SHJ-VISA	MUHAMMAD SAFTAIN ALI SHAH	\N	\N		41000.00	32980.00	IS	\N	16	3	2	0	\N
425	2024-03-09 09:18:00+00	6NRBBP	CGK-ISB	AFTAB AKMAL	2024-06-05 19:00:00+00	\N	EY	28500.00	28394.00	RI	\N	76	3	2	0	\N
168	2024-03-06 08:55:00+00	8TPLZB	MUX JED MUX	AMAL Sultan 1 Adult 1 Child	2024-03-14 19:00:00+00	2024-05-26 19:00:00+00	PK	299260.00	298534.00	IS	\N	5	3	2	0	\N
432	2024-03-15 09:18:00+00	8TUYEP	DXB-MUX	MUHAMMAD IMRAN	2024-03-17 19:00:00+00	\N	PK	8500.00	4605.00	RI	\N	76	3	2	0	\N
440	2024-03-03 10:59:00+00	8TUYEP	DXB-MUX	MUHAMMAD IMRAN	2024-03-17 19:00:00+00	\N	PK	78300.00	77386.05	IS	\N	76	3	2	0	\N
441	2024-03-14 11:12:00+00	1K1XB2	MUX JED MUX	ABDUL SATTAR	2024-03-29 19:00:00+00	2024-04-26 19:00:00+00	PF	129770.00	127370.00	IS	\N	24	8	2	0	\N
442	2024-03-14 11:12:00+00	1K25QU	MUX JED MUX	RAZIA BIBI	2024-03-29 19:00:00+00	2024-04-26 19:00:00+00	PF	129770.00	127370.00	IS	\N	24	8	2	0	\N
443	2024-03-14 04:53:00+00	BAJFQK	KHI-DXB-JED	MR MUJAHID CHANDIO	2024-04-01 19:00:00+00	\N	FLY DUBAI	62034.00	60954.00	IS	\N	67	9	3	0	\N
444	2024-03-14 04:53:00+00	1K26T5	MUX-JED	MR SHABBIR HUSSAIN	2024-03-19 19:00:00+00	\N	AIR SIAL	90300.00	89043.00	IS	\N	70	10	3	0	\N
445	2024-03-14 04:53:00+00	1K26T5	MUX-JED	MR MUHAMMAD ASLAM	2024-03-19 19:00:00+00	\N	AIR SIAL	90300.00	89043.00	IS	\N	70	10	3	0	\N
446	2024-03-14 04:53:00+00	1K26T5	MUX-JED	MR AKBAR ALI	2024-03-19 19:00:00+00	\N	AIR SIAL	90300.00	89043.00	IS	\N	70	10	3	0	\N
447	2024-03-14 04:53:00+00	PTSCFY	MUX-JED	MR MUHAMMAD ISMAIL	2024-04-19 19:00:00+00	\N	AIR BLUE	76890.00	76275.00	IS	\N	48	11	3	0	\N
448	2024-03-14 04:53:00+00	78NYPM	DXB-MUX	MR SAFDAR ALI	2024-04-15 19:00:00+00	\N	FLY DUBAI	1000.00	700.00	VO	\N	73	9	3	0	\N
449	2024-03-14 04:53:00+00	8U01HC	MUX-JED	MUHAMMAD NAWAZ	2024-03-28 19:00:00+00	\N	PIA	80907.00	79548.00	IS	\N	48	17	3	0	\N
450	2024-03-14 05:18:00+00	8SZ8LN	DXB-MUX	IQRA AYAZ	2024-03-03 19:00:00+00	\N	PIA	5380.00	5080.00	RI	\N	107	17	3	0	\N
451	2024-03-14 05:18:00+00	ZGEWHV	MUX-JED-MUX	MR SAEED AHMAD	2024-02-21 19:00:00+00	2024-04-08 19:00:00+00	AIR BLUE	8500.00	0.00	RI	\N	73	11	3	0	\N
452	2024-03-14 05:31:00+00	1K2A65	MUX-JED	SAJJAD AHMAD	2024-03-19 19:00:00+00	\N	AIR SIAL	90500.00	89043.00	IS	\N	108	10	3	0	\N
453	2024-03-14 05:31:00+00	1K2A65	MUX-JED	ZAHIDA KANWAL	2024-03-19 19:00:00+00	\N	AIR SIAL	90500.00	89043.00	IS	\N	108	10	3	0	\N
454	2024-03-14 05:31:00+00	1K2A65	MUX-JED	SANABAL SIDDIQUE AMMAR	2024-03-19 19:00:00+00	\N	AIR SIAL	90500.00	89043.00	IS	\N	108	10	3	0	\N
455	2024-03-14 05:31:00+00	1K2A65	MUX-JED	MUHAMMAD ESSA AMMAR	2024-03-19 19:00:00+00	\N	AIR SIAL	76910.00	75692.00	IS	\N	108	10	3	0	\N
456	2024-03-14 05:31:00+00	8TUPPB	MUX-JED-MUX	MUHAMMAD SHABBIR	2024-03-14 19:00:00+00	2024-04-19 19:00:00+00	PIA	180907.00	175312.00	IS	\N	73	17	3	0	\N
457	2024-03-14 05:31:00+00	8TUPPB	MUX-JED-MUX	AZRA PARVEEN	2024-03-14 19:00:00+00	2024-04-19 19:00:00+00	PIA	180907.00	175312.00	IS	\N	73	17	3	0	\N
458	2024-03-14 05:31:00+00	8TUPPB	MUX-JED-MUX	MUHAMMAD WAQAR SHABBIR	2024-03-14 19:00:00+00	2024-04-19 19:00:00+00	PIA	180907.00	175312.00	IS	\N	73	17	3	0	\N
459	2024-03-15 05:31:00+00	CVXPVZ	MUX-MED-MUX	MOHSIN HASSAN	2024-03-13 19:00:00+00	2024-04-12 19:00:00+00	AIR BLUE	158000.00	151000.00	IS	\N	91	34	3	0	\N
460	2024-03-15 05:31:00+00	CVXPVZ	MUX-MED-MUX	ARBAZ KHAN	2024-03-13 19:00:00+00	2024-04-12 19:00:00+00	AIR BLUE	158000.00	151000.00	IS	\N	91	34	3	0	\N
461	2024-03-15 05:31:00+00	CVXPVZ	MUX-MED-MUX	MUHAMMAD ASIF	2024-03-13 19:00:00+00	2024-04-12 19:00:00+00	AIR BLUE	158000.00	151000.00	IS	\N	91	34	3	0	\N
462	2024-03-15 06:24:00+00	LNSBAJ	MUX-JED-MUX	HAJI MUHAMMAD NAWAZ	2024-03-24 19:00:00+00	2024-04-20 19:00:00+00	AIR BLUE	142000.00	139042.00	IS	\N	109	11	3	0	\N
463	2024-03-15 06:24:00+00	LNSBAJ	MUX-JED-MUX	PARVEEN AKHTAR	2024-03-24 19:00:00+00	2024-04-20 19:00:00+00	AIR BLUE	142000.00	139042.00	IS	\N	109	11	3	0	\N
464	2024-03-15 06:24:00+00	DZLQZO	MUX-JED	AYESHA SHABBIR	2024-03-24 19:00:00+00	\N	AIR BLUE	92396.00	88027.00	IS	\N	109	11	3	0	\N
465	2024-03-15 06:24:00+00	1O05BS	MUX-JED-MUX	MEHBOOB AHMAD	2024-03-23 19:00:00+00	2024-06-04 19:00:00+00	AIR SIAL	138887.00	137018.00	IS	\N	75	10	3	0	\N
466	2024-03-15 06:24:00+00	1O05BS	MUX-JED-MUX	SAMI ULLAH	2024-03-23 19:00:00+00	2024-06-04 19:00:00+00	AIR SIAL	138887.00	137018.00	IS	\N	75	10	3	0	\N
467	2024-03-15 06:24:00+00	8U0K48	MUX-JED	HAMEEDA BIBI	2024-03-20 19:00:00+00	\N	PIA	110686.00	109173.00	IS	\N	48	19	3	0	\N
468	2024-03-15 06:24:00+00	UFK4LV	MUX-DXB-DMM	MS. JEEMA BIBI	2024-03-16 19:00:00+00	\N	FLY DUBAI	78913.00	77413.00	IS	\N	86	9	3	0	\N
469	2024-03-15 06:24:00+00	8U0LGP	MUX-MED-MUX	MUHAMMAD AYUB	2024-03-21 19:00:00+00	2024-04-15 19:00:00+00	PIA	167800.00	166398.00	IS	\N	100	19	3	0	\N
470	2024-03-15 06:24:00+00	OHBHNR	MUX-JED	KHAIR BAKHSH	2024-04-15 19:00:00+00	\N	AIR BLUE	76900.00	76275.00	IS	\N	48	11	3	0	\N
471	2024-03-15 06:24:00+00	BGPJZE	DXB-MUX	MUHAMMAD ABBAS	2024-03-28 19:00:00+00	\N	AIR BLUE	37220.00	36692.00	IS	\N	50	11	3	0	\N
472	2024-03-15 07:01:00+00	VDTGWL	MUX-JED-MUX	AZIZ FATIMA	2024-04-05 19:00:00+00	2024-05-01 19:00:00+00	AIR BLUE	133000.00	128647.00	IS	\N	85	11	3	0	\N
473	2024-03-15 07:01:00+00	VDTGWL	MUX-JED-MUX	MUZNA AZIZ	2024-04-05 19:00:00+00	2024-05-01 19:00:00+00	AIR BLUE	133000.00	128647.00	IS	\N	85	11	3	0	\N
474	2024-03-15 07:01:00+00	VDTGWL	MUX-JED-MUX	MAIDA AZIZ	2024-04-05 19:00:00+00	2024-05-01 19:00:00+00	AIR BLUE	133000.00	128647.00	IS	\N	85	11	3	0	\N
475	2024-03-16 07:40:00+00	123	32221	131	\N	\N	12231	1231.00	123.00	IS	\N	28	1	1	0	\N
477	2024-03-13 08:07:00+00	8TUGLM	JED-MUX	AZRA PARVEEN	2024-04-12 19:00:00+00	\N	PIA	1000.00	300.00	VO	\N	73	25	3	0	\N
478	2024-03-13 08:07:00+00	8TUGLM	JED-MUX	MUHAMMAD WAQAR SHABBIR	2024-04-12 19:00:00+00	\N	PIA	1000.00	300.00	VO	\N	73	25	3	0	\N
479	2024-03-14 08:12:00+00	INVHBZ	KHI-ISB	SYED MUHAMMAD YOUNUS ZAIDI	2024-03-13 19:00:00+00	\N	AIR BLUE	15090.00	15000.00	IS	\N	110	11	3	0	\N
476	2024-03-13 08:07:00+00	8TUGLM	JED-MUX	MUHAMMAD SHABBIR	2024-04-12 19:00:00+00	\N	PIA	1000.00	300.00	VO	\N	73	25	3	0	\N
480	2024-03-16 09:42:00+00	GOGOUA	MUX-DXB	MUHAMMAD SAID	2024-03-16 19:00:00+00	\N	AIR BLUE	86130.00	84549.00	IS	\N	66	11	3	0	\N
482	2024-03-16 09:42:00+00	78SV36	DMM-KHI	MUHAMMAD SADIQ SIDDIQUI	\N	\N	EY	1500.00	700.00	VO	\N	76	3	2	0	\N
483	2024-03-16 09:42:00+00	78SV36	DMM-KHI	SHAHIDA SADIQ	\N	\N	EY	1500.00	700.00	VO	\N	76	3	2	0	\N
484	2024-03-16 09:42:00+00	78SV36	DMM-KHI	MUHAMMAD BIN SADIQ	\N	\N	EY	1500.00	700.00	VO	\N	76	3	2	0	\N
485	2024-03-16 09:42:00+00	78SV36	DMM-KHI	AHMED BIN SADIQ	\N	\N	EY	1500.00	700.00	VO	\N	76	3	2	0	\N
486	2024-03-16 09:42:00+00	78V475	DMS-PEW	MUHAMMAD SHAFIQ	2024-04-07 19:00:00+00	\N	GF	83770.00	83270.00	IS	\N	43	3	2	0	\N
488	2024-03-16 09:42:00+00	8U0FT5	JED-MUX	SHAHEEN BIBI	\N	\N	PK	1000.00	300.00	VO	\N	46	3	2	0	\N
489	2024-03-16 09:42:00+00	8U0GKF	JED-MUX	SALEEM MAI	\N	\N	PK	700.00	300.00	VO	\N	46	3	2	0	\N
490	2024-03-16 09:42:00+00	8U0ULF	JED-MUX	YOUNAS KHAN	\N	\N	PK	1000.00	300.00	VO	\N	46	3	2	0	\N
491	2024-03-16 09:42:00+00	8U0UYG	JED-MUX	ABDUL MAJEEDPK	\N	\N	PK	1000.00	300.00	VO	\N	46	3	2	0	\N
492	2024-03-16 09:42:00+00	GSWHAC	DXB-MUX	MUHAMMAD ARIF	2024-03-16 19:00:00+00	\N	PA	27300.00	26778.00	IS	\N	88	3	2	0	\N
494	2024-03-15 10:18:00+00	Visa	\N	4 Multiple	\N	\N		92000.00	92000.00	IS	\N	16	23	2	0	\N
495	2024-03-17 22:39:00+00	123	123		\N	\N		1321.00	123.00	IS	\N	28	1	1	0	\N
496	2024-03-17 22:41:00+00	1223	2131		\N	\N		1231.00	1231.00	IS	\N	28	1	1	0	\N
497	2024-03-17 22:41:00+00	1223	2131		\N	\N		1231.00	1231.00	IS	\N	28	1	1	0	\N
498	2024-03-16 05:05:00+00	VSCZNH	MUX-JED-MUX	MR ABDUL WAJID	2024-03-19 19:00:00+00	2024-04-12 19:00:00+00	AIR BLUE	161600.00	159652.00	IS	\N	97	11	3	0	\N
499	2024-03-16 05:05:00+00	VSCZNH	MUX-JED-MUX	MRS HUMAIRA TAHIR	2024-03-19 19:00:00+00	2024-04-12 19:00:00+00	AIR BLUE	161600.00	159652.00	IS	\N	97	11	3	0	\N
501	2024-03-18 10:31:00+00	123	123		\N	\N	None	1321.00	123.00	IS	\N	28	1	1	0	\N
504	2024-03-18 11:00:00+00	613262630	MUX - MED	MUHAMMAD SAIFAL	2024-03-28 19:00:00+00	\N	G9	80300.00	79772.00	IS	\N	7	6	2	0	\N
505	2024-03-17 05:05:00+00	YBFPWN	JED-DXB-MUX	MR NAVEED ABDUL HAMEED	2024-04-13 19:00:00+00	\N	FLY DUBAI	1200.00	700.00	VO	\N	110	25	3	0	\N
502	2024-03-17 05:05:00+00	792GBW	DMM-DXB-MUX	MR JEEMA BIBI	2024-03-28 19:00:00+00	2024-03-28 19:00:00+00	FLY DUBAI	1200.00	700.00	VO	\N	86	25	3	0	\N
503	2024-03-17 05:05:00+00	797M7C	DXB-KHI	MR BHUTTU KHAN	2024-04-15 19:00:00+00	\N	FLY DUBAI	1200.00	700.00	VO	\N	48	25	3	0	\N
564	2024-03-20 08:50:00+00	8U3YUS	MCT KHI	ABDUL REHMAN	\N	\N	PK	1000.00	300.00	VO	\N	16	3	2	0	\N
951	2024-03-19 07:45:00+00	7B0FQY	LHE/DXB/DAR/DXB/LHE	ZEENAT AMMAN	\N	\N		500.00	500.00	RI	\N	22	3	2	0	\N
507	2024-03-18 11:00:00+00	613262807	MUX - MED	ZAHOOR AHMAD	2024-03-28 19:00:00+00	\N	G9	80300.00	79772.00	IS	\N	7	6	2	0	\N
511	2024-03-17 05:05:00+00	YCJQGD	JED-DXB-MUX	MR MUHAMMAD ABDULLAH	2024-04-13 19:00:00+00	\N	FLY DUBAI	1200.00	700.00	VO	\N	66	25	3	0	\N
508	2024-03-18 11:01:00+00	1RY8MW	ISB KHI	ASAD BILAL *4	2024-03-25 19:00:00+00	\N	PF	66576.00	63600.00	IS	\N	76	8	2	0	\N
510	2024-03-18 11:04:00+00	1RY8RD	ISB KHI	SABA NOREEN *2	2024-03-25 19:00:00+00	\N		33300.00	31813.00	IS	\N	76	8	2	0	\N
512	2024-03-17 05:05:00+00	8U1RDC	MUX-SHJ	MUHAMMAD AJMAL	2024-03-25 19:00:00+00	\N	PIA	46880.00	46483.00	IS	\N	86	17	3	0	\N
513	2024-03-17 05:05:00+00	ZLH5FB	MUX-DXB	MS SWERA AKRAM	2024-04-26 19:00:00+00	\N	FLY DUBAI	80620.00	80320.00	IS	\N	50	9	3	0	\N
514	2024-03-16 05:05:00+00	8U1EF3	MUX-MED	MUHAMMAD RAZZAQ	2024-04-15 19:00:00+00	\N	PIA	81200.00	80860.00	IS	\N	58	19	3	0	\N
515	2024-03-16 05:05:00+00	613053169	SKT-SHJ-MED	GHULAM FAREED (BAG ADDED 1 PC)	2024-03-18 19:00:00+00	\N	AIR ARABIA	2230.00	1925.00	IS	\N	87	13	3	0	\N
516	2024-03-18 11:32:00+00	NYBYES	MUX - JED	MUHAMMAD WAQAS	2024-04-15 19:00:00+00	\N	PA	76600.00	76322.00	IS	\N	3	21	2	0	\N
517	2024-03-18 11:31:00+00	8U29C5	LHE-DOH	QASAD HUSSAIN	2024-03-21 19:00:00+00	\N	PIA	83497.00	82968.00	IS	\N	70	17	3	0	\N
518	2024-03-18 11:38:00+00	79HV05	MUX-JED	KHAN MUHAMMAD	2024-04-17 19:00:00+00	\N	SAUDI ARABIAN AIRLINES	112772.00	109085.00	IS	\N	48	25	3	0	\N
519	2024-03-18 11:38:00+00	79HV05	MUX-JED	BAZ KHAN	2024-04-17 19:00:00+00	\N	SAUDI ARABIAN AIRLINES	112772.00	109085.00	IS	\N	48	25	3	0	\N
520	2024-03-18 11:38:00+00	8U2YQ3	DXB-SKT-DXB	MUHAMMAD AFZAAL	2024-03-18 19:00:00+00	2024-06-24 19:00:00+00	PIA	66490.00	66147.00	IS	\N	70	19	3	0	\N
521	2024-03-18 11:38:00+00	8U2G4T	SHJ-MUX	GHULAM RASOOL	2024-03-18 19:00:00+00	2024-04-08 19:00:00+00	PIA	1000.00	0.00	VO	\N	48	25	3	0	\N
522	2024-03-05 05:37:00+00	FCQ8P7	MUX-DXB-AHB	MUHAMAD JAWAD	2024-03-19 19:00:00+00	\N	FLY DUBAI	86274.00	82321.00	IS	\N	80	25	3	0	\N
523	2024-03-18 07:10:00+00	2MTP5E	KHI-DXB-MED	GHULAM NAZIK	2024-03-19 19:00:00+00	\N	FLY DUBAI	-16100.00	-20660.00	RF	\N	50	9	3	0	\N
524	2024-03-19 07:49:00+00	8U2UEH	JED KHI	MUSTAFA / Rahisdi / SAFIULLAH	\N	\N	PK	3000.00	1500.00	VO	\N	16	2	2	0	\N
525	2024-03-19 09:20:00+00	SXQHAJ	MED-DXB-MUX	ALI RAZA	2024-04-13 19:00:00+00	\N	FLY DUBAI	2000.00	700.00	VO	\N	73	25	3	0	\N
526	2024-03-18 09:20:00+00	TZVKCK	DXB-MUX	MOOSA ZAFAR ALI	2024-03-18 19:00:00+00	\N	AIR BLUE	30980.00	30506.00	IS	\N	48	11	3	0	\N
527	2024-03-19 10:15:00+00	1ZUK0Z	MUX-JED-MUX	AMAN MAI	2024-03-27 19:00:00+00	2024-04-24 19:00:00+00	AIR SIAL	141500.00	138893.00	IS	\N	111	25	3	0	\N
528	2024-03-19 10:15:00+00	1ZUK0Z	MUX-JED-MUX	BASHIR AHMAD	2024-03-27 19:00:00+00	2024-04-24 19:00:00+00	AIR SIAL	141500.00	138893.00	IS	\N	111	25	3	0	\N
529	2024-03-19 10:15:00+00	8TGDDG	PNR CANCELLED	FAISAL PERVAIZ	\N	\N		-149780.00	-150280.00	RF	\N	70	17	3	0	\N
530	2024-03-19 10:15:00+00	8TAFCZ	KUL-LHE	ABBAS ALI	2024-02-27 19:00:00+00	2024-03-19 19:00:00+00	PIA	-47221.00	-47721.00	RF	\N	70	17	3	0	\N
531	2024-03-19 10:51:00+00	8TGYKC	LHE-JED	ZEESHAN SHAHID	2024-02-23 19:00:00+00	\N	PIA	-58295.00	-58795.00	RF	\N	112	17	3	0	\N
532	2024-03-19 10:51:00+00	8TNS0R	MUX-GASSIM	MUHAMMAD SADIQ	2024-03-08 19:00:00+00	\N		-136498.00	-136998.00	RF	\N	56	17	3	0	\N
533	2024-03-19 10:51:00+00	8TECBH	MUX-JED-MUX	MUHAMMAD NAWAZ	2024-03-04 19:00:00+00	2024-05-14 19:00:00+00		-136881.00	-147031.00	RF	\N	48	17	3	0	\N
534	2024-03-19 11:53:00+00	1231	12312	3131	\N	\N	1321	13213.00	1312.00	IS	\N	28	1	1	0	\N
535	2024-03-19 11:53:00+00	KU6VME	MUX-JED-MUX	MUHAMMAD IQBAL ANJUM	2024-03-11 19:00:00+00	2024-03-31 19:00:00+00	SAUDI ARABIAN AIRLINES	161000.00	151352.00	IS	\N	95	35	3	0	\N
536	2024-03-19 11:53:00+00	KU6VME	MUX-JED-MUX	RASHEEDA ANJUM	2024-03-11 19:00:00+00	2024-03-31 19:00:00+00	SAUDI ARABIAN AIRLINES	161000.00	151352.00	IS	\N	95	35	3	0	\N
537	2024-03-19 11:53:00+00	KU6VME	MUX-JED-MUX	RIFAT ANJUM	2024-03-11 19:00:00+00	2024-03-31 19:00:00+00	SAUDI ARABIAN AIRLINES	161000.00	151352.00	IS	\N	95	35	3	0	\N
538	2024-03-19 11:53:00+00	KU6VME	MUX-JED-MUX	MEHTAB ALI	2024-03-11 19:00:00+00	2024-03-31 19:00:00+00	SAUDI ARABIAN AIRLINES	162000.00	151352.00	IS	\N	114	35	3	0	\N
539	2024-03-19 11:53:00+00	KU6VME	MUX-JED-MUX	MUHAMMAD USMAN	2024-03-11 19:00:00+00	2024-03-31 19:00:00+00	SAUDI ARABIAN AIRLINES	162000.00	151352.00	IS	\N	114	35	3	0	\N
540	2024-03-19 11:53:00+00	KU6VME	MUX-JED-MUX	ABDUL HAFEEZ	2024-03-11 19:00:00+00	2024-03-31 19:00:00+00	SAUDI ARABIAN AIRLINES	162000.00	151352.00	IS	\N	114	35	3	0	\N
541	2024-03-19 11:53:00+00	KU6VME	MUX-JED-MUX	ASHRAF YASIN	2024-03-11 19:00:00+00	2024-03-31 19:00:00+00	SAUDI ARABIAN AIRLINES	157000.00	151352.00	IS	\N	113	35	3	0	\N
542	2024-03-19 11:53:00+00	KU6VME	MUX-JED-MUX	MUHAMMAD YAMEEN	2024-03-11 19:00:00+00	2024-03-31 19:00:00+00	SAUDI ARABIAN AIRLINES	157000.00	151352.00	IS	\N	113	35	3	0	\N
543	2024-03-19 11:53:00+00	KU6VME	MUX-JED-MUX	MALIK GHULAM NABI	2024-03-11 19:00:00+00	2024-03-31 19:00:00+00	SAUDI ARABIAN AIRLINES	164000.00	151352.00	IS	\N	65	35	3	0	\N
544	2024-03-19 11:53:00+00	KU6VME	MUX-JED-MUX	KHIZAR ABBAS	2024-03-11 19:00:00+00	2024-03-31 19:00:00+00	SAUDI ARABIAN AIRLINES	155000.00	151352.00	IS	\N	73	35	3	0	\N
545	2024-03-19 12:31:00+00	12321	1312		\N	\N		1321.00	1231.00	IS	\N	28	1	1	0	\N
546	2024-03-19 12:31:00+00	1231	131``	1	\N	\N		1231.00	1231.00	IS	\N	28	1	1	0	\N
547	2024-03-19 13:23:00+00	42345	345		\N	\N		3456.00	234.00	IS	\N	28	1	1	0	\N
549	2024-03-19 05:57:00+00	WR43GZ	MUX-JED-MUX	SHAKEELA BIBI	2024-03-15 19:00:00+00	2024-04-05 19:00:00+00	SAUDI ARABIAN AIRLINES	160000.00	144441.00	IS	\N	115	36	3	0	\N
550	2024-03-19 05:57:00+00	WR43GZ	MUX-JED-MUX	RABIA BIBI	2024-03-15 19:00:00+00	2024-04-05 19:00:00+00	SAUDI ARABIAN AIRLINES	160000.00	144441.00	IS	\N	115	36	3	0	\N
551	2024-03-19 05:57:00+00	WR43GZ	MUX-JED-MUX	AMIR ALAM	2024-03-15 19:00:00+00	2024-04-05 19:00:00+00	SAUDI ARABIAN AIRLINES	162000.00	144441.00	IS	\N	48	36	3	0	\N
552	2024-03-19 05:57:00+00	WR43GZ	MUX-JED-MUX	HASINA BEGUM	2024-03-15 19:00:00+00	2024-04-05 19:00:00+00	SAUDI ARABIAN AIRLINES	162000.00	144441.00	IS	\N	116	36	3	0	\N
553	2024-03-19 05:57:00+00	WR43GZ	MUX-JED-MUX	IZHAR UL QADIR	2024-03-15 19:00:00+00	2024-04-05 19:00:00+00	SAUDI ARABIAN AIRLINES	162000.00	144441.00	IS	\N	116	36	3	0	\N
554	2024-03-19 05:57:00+00	WR43GZ	MUX-JED-MUX	MUHAMMAD MUDASSIR (CHILD)	2024-03-15 19:00:00+00	2024-04-05 19:00:00+00	SAUDI ARABIAN AIRLINES	142000.00	113737.00	IS	\N	116	36	3	0	\N
555	2024-03-19 05:57:00+00	WR43GZ	MUX-JED-MUX	NAWAZISH UL QADIR	2024-03-15 19:00:00+00	2024-04-05 19:00:00+00	SAUDI ARABIAN AIRLINES	162000.00	144441.00	IS	\N	116	36	3	0	\N
556	2024-03-19 05:57:00+00	WR43GZ	MUX-JED-MUX	MISBAH QADIR	2024-03-15 19:00:00+00	2024-04-05 19:00:00+00	SAUDI ARABIAN AIRLINES	162000.00	144441.00	IS	\N	116	36	3	0	\N
557	2024-03-19 08:04:00+00	WR43GZ	MUX-JED-MUX	ABDUL SATTAR	2024-03-15 19:00:00+00	2024-04-05 19:00:00+00	SAUDI ARABIAN AIRLINES	157000.00	144441.00	IS	\N	50	36	3	0	\N
558	2024-03-19 08:04:00+00	WR43GZ	MUX-JED-MUX	RUBINA KOUSAR	2024-03-15 19:00:00+00	2024-04-05 19:00:00+00	SAUDI ARABIAN AIRLINES	157000.00	144441.00	IS	\N	50	36	3	0	\N
559	2024-03-19 08:04:00+00	WR43GZ	MUX-JED-MUX	AREEB REHMAN	2024-03-15 19:00:00+00	2024-04-05 19:00:00+00	SAUDI ARABIAN AIRLINES	157000.00	144441.00	IS	\N	50	36	3	0	\N
560	2024-03-20 08:46:00+00	7B45FV	LHE DAR LHE	ZEENAT AMMAN	2024-03-28 19:00:00+00	2024-03-27 19:00:00+00		204765.00	204165.00	IS	\N	22	3	2	0	\N
562	2024-03-20 08:47:00+00	TVN4LK	PEW MCT	AFZAL KHAN	2024-03-24 19:00:00+00	\N	OV	54300.00	53997.67	IS	\N	76	3	2	0	\N
563	2024-03-20 08:47:00+00	P7DAMI	KHI AHB	AHMAD MUSTAFA	2024-03-21 19:00:00+00	\N	FZ	66100.00	65595.20	IS	\N	76	3	2	0	\N
565	2024-03-16 08:54:00+00	401271400	SHJ SB	ABDUL MAJEED	2024-04-14 19:00:00+00	\N	G9	44600.00	44066.00	IS	\N	44	3	2	0	\N
567	2024-03-16 08:54:00+00	TPTOJV	LHE SHJ	NAVEED AHMAD	2024-03-21 19:00:00+00	\N	PA	65750.00	64260.00	IS	\N	8	3	2	0	\N
899	2024-03-27 09:00:00+00	7CSG84	VOID	MIRHA MAJID (03007192474)	\N	\N		0.00	700.00	VO	\N	73	25	3	0	\N
568	2024-03-16 08:54:00+00	8U1GRP	LHE AUH LHE	MUHAMMAD IBRAHIM	2024-04-09 19:00:00+00	2024-06-03 19:00:00+00	PK	79950.00	79631.00	IS	\N	8	3	2	0	\N
569	2024-03-16 09:05:00+00	795NRK	ISB JED	IKRAM ULLAH SHERAZ	2024-03-19 19:00:00+00	\N	SV	81413.00	81113.00	IS	\N	22	3	2	0	\N
571	2024-03-17 09:09:00+00	8U18CB	MCT KHI	MUHAMMAD ABDULLAH	\N	\N	PK	1000.00	300.00	VO	\N	76	3	2	0	\N
570	2024-03-17 09:05:00+00	8U1K1R	MCT KHI	BABO JAN *2	\N	\N	PK	2000.00	600.00	VO	\N	17	3	2	0	\N
572	2024-03-17 09:12:00+00	795XP8	RUH MUX	MUHAMMAD KHALID *2	\N	\N	SV	3000.00	1400.00	VO	\N	21	3	2	0	\N
573	2024-03-17 09:18:00+00	1VWJY2	JED MUX	MUHAMMAD ROSHAN	2024-03-19 19:00:00+00	\N	PF	29900.00	29390.00	IS	\N	37	3	2	0	\N
574	2024-03-17 09:18:00+00	799M76	DOH SKT	Hassan Jalil	2024-03-16 19:00:00+00	\N	FZ	51000.00	47129.00	IS	\N	76	3	2	0	\N
575	2024-03-18 09:18:00+00	YRROCT	DXB KHI	SHAHZADA BASIT ALI	\N	\N	FZ	1500.00	700.00	VO	\N	22	3	2	0	\N
576	2024-03-18 09:18:00+00	FSKCSK	JED MUX	MUHAMMAD ISHAQ	\N	\N	FZ	1500.00	700.00	VO	\N	5	3	2	0	\N
577	2024-03-18 09:18:00+00	8U29GZ	jed mux	MUHAMMAD ALLAH DITTA *2	\N	\N	pk	2000.00	600.00	VO	\N	7	3	2	0	\N
578	2024-03-19 09:21:00+00	WR9YGE	MUX-JED-MUX	SARDAR BEGUM	2024-03-25 19:00:00+00	2024-04-15 19:00:00+00	SAUDI ARABIAN AIRLINES	160000.00	147261.00	IS	\N	118	36	3	0	\N
581	2024-03-20 09:28:00+00	8U3Y3A	MCT MUX	MUHAMMAD MEHMOOD	\N	\N	PK	1000.00	300.00	VO	\N	76	3	2	0	\N
582	2024-03-19 09:21:00+00	WR9YGE	MUX-JED-MUX	HASSINA BIBI	2024-03-25 19:00:00+00	2024-04-15 19:00:00+00	SAUDI ARABIAN AIRLINES	162000.00	147261.00	IS	\N	117	36	3	0	\N
583	2024-03-20 09:28:00+00	8U3GF5	JED  MUX	MUHAMMAD QASIM	\N	\N	PK	1000.00	300.00	VO	\N	46	3	2	0	\N
584	2024-03-18 09:28:00+00	8U2CM2	JED MUX	ABDUL GHAFFAR	\N	\N	PK	1000.00	300.00	VO	\N	46	3	2	0	\N
587	2024-03-19 09:21:00+00	WR9YGE	MUX-JED-MUX	KHALIDA PARVEEN	2024-03-25 19:00:00+00	2024-04-15 19:00:00+00	SAUDI ARABIAN AIRLINES	160000.00	147261.00	IS	\N	69	36	3	0	\N
588	2024-03-19 09:21:00+00	WR9YGE	MUX-JED-MUX	HUMA SAEED	2024-03-25 19:00:00+00	2024-04-15 19:00:00+00	SAUDI ARABIAN AIRLINES	160000.00	147261.00	IS	\N	69	36	3	0	\N
589	2024-03-19 09:28:00+00	79W8SF	KHI RUH	ALI ABBAS	2024-03-21 19:00:00+00	\N	EY	58540.00	58235.00	IS	\N	22	3	2	0	\N
590	2024-03-19 09:21:00+00	WR9YGE	MUX-JED-MUX	MAHMOOD YOUSAF	2024-03-25 19:00:00+00	2024-04-15 19:00:00+00	SAUDI ARABIAN AIRLINES	160000.00	147261.00	IS	\N	69	36	3	0	\N
586	2024-03-19 09:28:00+00	79W4J9	KTM DXB	BISHNU KUMAR SUNAR	\N	\N	FZ	1500.00	700.00	VO	\N	76	3	2	0	\N
585	2024-03-19 09:28:00+00	7B0D44	LHE DAR LHE	KALSOOM AKHTAR	2024-05-28 19:00:00+00	\N	PK	204313.00	203713.00	IS	\N	22	3	2	0	\N
591	2024-03-19 09:37:00+00	79VB15	MUX BAH	JAMSHAID AKHTAR	2024-04-11 19:00:00+00	\N	GF	74730.00	73594.00	IS	\N	3	3	2	0	\N
592	2024-03-18 09:38:00+00	DATRGV	MED MUX	MUHAMMAD IBRAHIM	\N	\N	fz	1000.00	700.00	VO	\N	119	3	2	0	\N
593	2024-03-19 09:21:00+00	WR9YGE	MUX-JED-MUX	MALIK FAIZ	2024-03-25 19:00:00+00	2024-04-15 19:00:00+00	SAUDI ARABIAN AIRLINES	161000.00	147261.00	IS	\N	93	36	3	0	\N
594	2024-03-18 09:38:00+00	SXGSSM	MED MUX	NISAR AHMAD	\N	\N		1000.00	700.00	VO	\N	119	3	2	0	\N
595	2024-03-19 09:21:00+00	WR9YGE	MUX-JED-MUX	MUHAMMAD RAMZAN	2024-03-25 19:00:00+00	2024-04-15 19:00:00+00	SAUDI ARABIAN AIRLINES	161000.00	147261.00	IS	\N	93	36	3	0	\N
596	2024-03-19 09:21:00+00	WR9YGE	MUX-JED-MUX	MUHAMMAD RAMZAN	2024-03-25 19:00:00+00	2024-04-15 19:00:00+00	SAUDI ARABIAN AIRLINES	161000.00	147261.00	IS	\N	93	36	3	0	\N
597	2024-03-19 09:21:00+00	WR9YGE	MUX-JED-MUX	MAZHAR SALEEM	2024-03-25 19:00:00+00	2024-04-15 19:00:00+00	SAUDI ARABIAN AIRLINES	161000.00	147261.00	IS	\N	93	36	3	0	\N
599	2024-03-19 09:21:00+00	WR9YGE	MUX-JED-MUX	MUHAMMAD SHAHID	2024-03-25 19:00:00+00	2024-04-15 19:00:00+00	SAUDI ARABIAN AIRLINES	161000.00	147261.00	IS	\N	93	36	3	0	\N
601	2024-03-18 09:38:00+00	NHWLXG	JED MUX	MUHAMMAD AQIB	2024-03-21 19:00:00+00	\N	PA	29200.00	28690.00	IS	\N	5	3	2	0	\N
602	2024-03-19 09:21:00+00	WR9YGE	MUX-JED-MUX	MUHAMMAD ZAKI	2024-03-25 19:00:00+00	2024-04-15 19:00:00+00	SAUDI ARABIAN AIRLINES	160000.00	147261.00	IS	\N	50	36	3	0	\N
603	2024-03-18 09:38:00+00	79FNJY	MUX JED	YASIR HUSSAIN	2024-04-06 19:00:00+00	\N	SV	59000.00	56660.00	IS	\N	5	3	2	0	\N
605	2024-03-19 09:38:00+00	8U2QUT	JED MUX	ABDUL GHAFFAR	\N	\N	PK	1000.00	300.00	VO	\N	46	3	2	0	\N
606	2024-03-19 09:38:00+00	8U2QA3	MED MUX	SHAHNAWAZ BURIRO*4	\N	\N	PK	4000.00	1200.00	VO	\N	16	3	2	0	\N
607	2024-03-19 09:38:00+00	79P386	MED MUX	ABDUL SATTAR BURIRO	\N	\N	FZ	1000.00	700.00	VO	\N	16	3	2	0	\N
608	2024-03-19 09:38:00+00	GQGUPM	KHI JED	ARBAB JOGRO	2024-04-06 19:00:00+00	\N	SV	51000.00	49155.00	IS	\N	102	3	2	0	\N
609	2024-03-19 09:53:00+00	401279683	ISB ALA	IZAZUR RAHMAN	2024-03-26 19:00:00+00	\N	G9	105700.00	105182.00	IS	\N	120	6	2	0	\N
610	2024-03-19 09:53:00+00	401280655	ISB ALA	AFAQ AHMAD	2024-03-26 19:00:00+00	\N	G9	105700.00	105182.00	IS	\N	120	6	2	0	\N
611	2024-03-19 09:38:00+00	8U31CR	DXB KHI	ABDUL REHMAN	\N	\N		1000.00	300.00	VO	\N	8	3	2	0	\N
612	2024-03-19 09:38:00+00	8U31YZ	MED MUX	MUMTAZ MAI	\N	\N		1000.00	300.00	VO	\N	7	3	2	0	\N
613	2024-03-19 09:59:00+00	8U39A7	MUX DXB	KHAILD HUSSAIN	2024-03-26 19:00:00+00	\N	PK	50793.00	48613.00	IS	\N	5	22	2	0	\N
614	2024-03-19 09:38:00+00	613290264	LYP AHB	MUHAMMAD AWAIS	2024-03-11 19:00:00+00	\N	G-9	84900.00	84582.00	IS	\N	22	3	2	0	\N
615	2024-03-19 09:59:00+00	79PL8F	MUX JED	ZAFAR IQBAL	2024-03-25 19:00:00+00	\N	SV	84027.00	80961.50	IS	\N	6	3	2	0	\N
616	2024-03-19 09:38:00+00	8U322A	SHJ MUX	MUHAMMAD YOUSAF	\N	\N	pk	1000.00	300.00	VO	\N	7	3	2	0	\N
617	2024-03-19 09:59:00+00	8U35Q8	JED MUX	MUHAMMAD ASIF	\N	\N	PK	1000.00	300.00	VO	\N	46	3	2	0	\N
618	2024-03-19 09:38:00+00	RUPKMG	JED MUX	ABDUL REHMAN	2024-03-28 19:00:00+00	\N		29200.00	28690.00	IS	\N	5	3	2	0	\N
619	2024-03-19 10:04:00+00	8U2UA7	MUX JED	MUHAMMAD ARIF	2024-03-19 19:00:00+00	\N	PK	90550.00	85500.00	IS	\N	47	22	2	0	\N
620	2024-03-19 10:16:00+00	1ZULKK	JED MUX	HABIB AHMAD	2024-03-19 19:00:00+00	\N		34500.00	33867.00	IS	\N	6	39	2	0	\N
621	2024-03-19 10:35:00+00	PUKW43	MUX-JED-MUX	SHAHNAZ BIBI	2024-03-16 19:00:00+00	2024-04-10 19:00:00+00	SAUDI ARABIAN AIRLINES	153000.00	144613.00	IS	\N	121	36	3	0	\N
622	2024-03-19 10:35:00+00	PUKW43	MUX-JED-MUX	SURAYYA BIBI	2024-03-16 19:00:00+00	2024-04-10 19:00:00+00	SAUDI ARABIAN AIRLINES	153000.00	144613.00	IS	\N	121	36	3	0	\N
566	2024-03-16 08:54:00+00	8U1DD7	LHE SHJ LHE	RAI MUHAMMAD FEROZ * 2	\N	\N	PK	3000.00	900.00	VO	\N	76	3	2	0	\N
579	2024-03-20 09:28:00+00	8U3HAD	DXB KHI	YASIR AHMED	2024-03-19 19:00:00+00	\N	PK	1000.00	300.00	IS	\N	16	3	2	0	\N
598	2024-03-18 09:38:00+00	KUJYSG	KHI TIF	ALTAF HUSSAIN MAHESAR	\N	\N	qr	75400.00	74382.00	IS	\N	16	3	2	0	\N
604	2024-03-18 09:38:00+00	79KXX7	JED MUX	IBTISAM SAJID	\N	\N	SV	1500.00	700.00	VO	\N	14	3	2	0	\N
600	2024-03-19 09:37:00+00	QAZK8Q	MUX MCT	MUHAMMAD SHAHBAZ	2024-03-28 19:00:00+00	\N	OV	58370.00	57867.30	IS	\N	119	3	2	0	\N
623	2024-03-19 10:35:00+00	PUKW43	MUX-JED-MUX	SHARAF DIN	2024-03-16 19:00:00+00	2024-04-10 19:00:00+00	SAUDI ARABIAN AIRLINES	153000.00	144613.00	IS	\N	121	36	3	0	\N
624	2024-03-19 10:35:00+00	PUKW43	MUX-JED-MUX	KHALIDA PARVEEN	2024-03-16 19:00:00+00	2024-04-10 19:00:00+00	SAUDI ARABIAN AIRLINES	153000.00	144613.00	IS	\N	121	36	3	0	\N
625	2024-03-19 10:35:00+00	PUKW43	MUX-JED-MUX	MUHAMMAD UMAR (CHILD)	2024-03-16 19:00:00+00	2024-04-10 19:00:00+00	SAUDI ARABIAN AIRLINES	135000.00	113870.00	IS	\N	121	36	3	0	\N
626	2024-03-19 10:49:00+00	8U2L8Q	SHJ MUX	MUHAMMAD AMJAD	2024-03-18 19:00:00+00	\N	PK	33695.00	35750.00	IS	\N	76	22	2	0	\N
627	2024-03-19 10:50:00+00	PUKW43	MUX-JED-MUX	MUHAMMAD UMAIR (INFANT)	2024-03-16 19:00:00+00	2024-04-10 19:00:00+00	SAUDI ARABIAN AIRLINES	24000.00	18551.00	IS	\N	121	36	3	0	\N
628	2024-03-19 10:49:00+00	1ZULPB	JED MUX	MOHAMMAD ARIF	2024-03-19 19:00:00+00	\N	PF	99000.00	98665.00	IS	\N	3	8	2	0	\N
629	2024-03-19 10:53:00+00	PUKW43	MUX-JED-MUX	USAMA YOUNAS	2024-03-16 19:00:00+00	2024-04-10 19:00:00+00	SAUDI ARABIAN AIRLINES	157000.00	144613.00	IS	\N	53	36	3	0	\N
630	2024-03-19 10:53:00+00	PUKW43	MUX-JED-MUX	FAREEDA BIBI	2024-03-16 19:00:00+00	2024-04-10 19:00:00+00	SAUDI ARABIAN AIRLINES	157000.00	144613.00	IS	\N	53	36	3	0	\N
631	2024-03-19 10:53:00+00	PUKW43	MUX-JED-MUX	RASHIDA PARVEEN	2024-03-16 19:00:00+00	2024-04-10 19:00:00+00	SAUDI ARABIAN AIRLINES	160000.00	144613.00	IS	\N	97	36	3	0	\N
632	2024-03-19 10:53:00+00	PUKW43	MUX-JED-MUX	MUHAMMAD MOBIN AKRAM	2024-03-16 19:00:00+00	2024-04-10 19:00:00+00	SAUDI ARABIAN AIRLINES	160000.00	144613.00	IS	\N	97	36	3	0	\N
633	2024-03-19 10:53:00+00	PUKW43	MUX-JED-MUX	MUHAMMAD MOBIN	2024-03-16 19:00:00+00	2024-04-10 19:00:00+00	SAUDI ARABIAN AIRLINES	160000.00	144613.00	IS	\N	97	36	3	0	\N
634	2024-03-19 10:53:00+00	PUKW43	MUX-JED-MUX	HASNAIN AKRAM	2024-03-16 19:00:00+00	2024-04-10 19:00:00+00	SAUDI ARABIAN AIRLINES	160000.00	144613.00	IS	\N	97	36	3	0	\N
636	2024-03-19 10:53:00+00	PUKW43	MUX-JED-MUX	MUHAMMAD IQBAL	2024-03-16 19:00:00+00	2024-04-10 19:00:00+00	SAUDI ARABIAN AIRLINES	159000.00	144613.00	IS	\N	122	36	3	0	\N
637	2024-03-19 10:53:00+00	PUKW43	MUX-JED-MUX	IRSHAD BIBI	2024-03-16 19:00:00+00	2024-04-10 19:00:00+00	SAUDI ARABIAN AIRLINES	159000.00	144613.00	IS	\N	122	36	3	0	\N
638	2024-03-19 10:53:00+00	PUKW43	MUX-JED-MUX	MUHAMMAD YOUSAF	2024-03-16 19:00:00+00	2024-04-10 19:00:00+00	SAUDI ARABIAN AIRLINES	159000.00	144613.00	IS	\N	122	36	3	0	\N
635	2024-03-19 10:53:00+00	PUKW43	MUX-JED-MUX	PATHANI MAI	2024-03-16 19:00:00+00	2024-04-10 19:00:00+00	SAUDI ARABIAN AIRLINES	159000.00	144613.00	IS	\N	122	36	3	0	\N
639	2024-03-19 11:10:00+00	PUKW43	MUX-JED-MUX	NOSHEEN KANWAL	2024-03-16 19:00:00+00	2024-04-10 19:00:00+00	SAUDI ARABIAN AIRLINES	162000.00	144613.00	IS	\N	123	36	3	0	\N
640	2024-03-19 11:10:00+00	PUKW43	MUX-JED-MUX	MUHAMMAD NAVEED	2024-03-16 19:00:00+00	2024-04-10 19:00:00+00	SAUDI ARABIAN AIRLINES	162000.00	144613.00	IS	\N	123	36	3	0	\N
641	2024-03-19 11:10:00+00	PUKW43	MUX-JED-MUX	SHAMIM FATIMA	2024-03-16 19:00:00+00	2024-04-10 19:00:00+00	SAUDI ARABIAN AIRLINES	162000.00	144613.00	IS	\N	123	36	3	0	\N
642	2024-03-19 11:10:00+00	PUKW43	MUX-JED-MUX	NAGINA BIBI	2024-03-16 19:00:00+00	2024-04-10 19:00:00+00	SAUDI ARABIAN AIRLINES	160000.00	144613.00	IS	\N	91	36	3	0	\N
643	2024-03-19 11:10:00+00	PUKW43	MUX-JED-MUX	IRSHAD PERVEEN	2024-03-16 19:00:00+00	2024-04-10 19:00:00+00	SAUDI ARABIAN AIRLINES	160000.00	144613.00	IS	\N	91	36	3	0	\N
644	2024-03-19 11:21:00+00	23SHLU	MUX-JED	SULTAN UMER KHAN	2024-04-12 19:00:00+00	\N	AIR SIAL	75400.00	74307.00	IS	\N	48	10	3	0	\N
645	2024-03-19 11:27:00+00	5W6712	KHI-MCT	MUHAMMAD YOUNIS	2024-03-19 19:00:00+00	\N	SALAM AIR	59173.00	58873.00	IS	\N	124	12	3	0	\N
646	2024-03-19 11:27:00+00	I6607J	MUX-DXB	MUHAMMAD USMAN	2024-04-08 19:00:00+00	\N	FLY DUBAI	44490.00	42494.00	IS	\N	53	25	3	0	\N
647	2024-03-19 11:27:00+00	10C56U	MUX-JED	SAFDAR ALI	2024-03-17 19:00:00+00	\N	AIR SIAL	-95785.00	-96285.00	RF	\N	70	10	3	0	\N
648	2024-03-19 11:27:00+00	A82JMR	MUX-DXB	MUHAMMAD AWAIS	2024-04-05 19:00:00+00	\N	FLY DUBAI	43350.00	41345.00	IS	\N	53	25	3	0	\N
649	2024-03-19 11:41:00+00	LBJCZM	MUX-DXB-DMM-MUX	ABDUL WAHEED AKHTAR	2024-03-20 19:00:00+00	2024-04-09 19:00:00+00	FLY DUBAI	143500.00	127134.00	IS	\N	73	25	3	0	\N
650	2024-03-19 11:41:00+00	613312162	MUX-SHJ-TIF	MAZAR KHAN	2024-03-31 19:00:00+00	\N	AIR ARABIA	80433.00	79932.00	IS	\N	48	13	3	0	\N
651	2024-03-19 11:41:00+00	G415EC	MUX-DXB-MED	NAZIRAN MAI	2024-03-26 19:00:00+00	\N	FLY DUBAI	79868.00	79368.00	IS	\N	53	9	3	0	\N
652	2024-03-19 11:58:00+00	8U31YN	MUX-MED-MUX	MANZOOR MAI	2024-03-21 19:00:00+00	2024-04-21 19:00:00+00	PIA	164290.00	155262.00	IS	\N	125	19	3	0	\N
653	2024-03-19 11:58:00+00	8U31YN	MUX-MED-MUX	ALLAH BACHAYA	2024-03-21 19:00:00+00	2024-04-21 19:00:00+00	PIA	164290.00	155262.00	IS	\N	125	19	3	0	\N
654	2024-03-20 05:07:00+00	8U3H8N	SHJ-LHE	ZUBAIR KHAN	2024-03-20 19:00:00+00	\N	PIA	28954.00	28557.00	IS	\N	70	17	3	0	\N
655	2024-03-20 05:07:00+00	8U3G5K	JED-MUX	MUHAMMAD AAMIR	2024-04-24 19:00:00+00	\N	PIA	90978.00	90189.00	IS	\N	48	17	3	0	\N
656	2024-03-20 05:07:00+00	8U3H2D	JED-MUX	JAHAN KHAN	2024-04-24 19:00:00+00	2024-10-19 19:00:00+00	PIA	152869.00	150996.00	IS	\N	48	17	3	0	\N
657	2024-03-20 05:07:00+00	8U3Q1Q	SHJ-MUX	GHULAM RASOOL	2024-04-13 19:00:00+00	\N	PIA	1000.00	300.00	VO	\N	48	25	3	0	\N
658	2024-03-20 05:07:00+00	8U3MJY	MUX-JED	SAJID WAQAR (HAMZA OFFICE)	2024-03-25 19:00:00+00	\N	PIA	80000.00	79518.00	IS	\N	73	25	3	0	\N
659	2024-03-20 05:07:00+00	8U3EEM	MCT-MUX	ADAM KHAN	2024-04-12 19:00:00+00	\N	PIA	1000.00	300.00	VO	\N	48	25	3	0	\N
660	2024-03-20 05:07:00+00	8U3Z38	MUX-MED-MUX	MUHAMMAD DAS	2024-03-26 19:00:00+00	2024-04-25 19:00:00+00	PIA	171174.00	154924.00	IS	\N	65	17	3	0	\N
661	2024-03-20 05:07:00+00	8U3Z38	MUX-MED-MUX	PARVEEN AKHTAR	2024-03-26 19:00:00+00	2024-04-25 19:00:00+00	PIA	171174.00	154924.00	IS	\N	65	17	3	0	\N
662	2024-03-20 05:07:00+00	8U3Z38	MUX-MED-MUX	SHAKEELA BIB	2024-03-26 19:00:00+00	2024-04-25 19:00:00+00	PIA	171174.00	154924.00	IS	\N	65	17	3	0	\N
663	2024-03-20 05:07:00+00	OIM0E4	AHB-DXB-MUX	MUHAMMAD RAMZAN ABUBAKAR	2024-04-14 19:00:00+00	\N	FLY DUBAI	1200.00	700.00	VO	\N	80	25	3	0	\N
664	2024-03-20 05:07:00+00	QMS2VH	AHB-DXB-MUX	MUHAMMAD JAWAD	2024-04-14 19:00:00+00	\N	FLY DUBAI	1200.00	700.00	VO	\N	80	25	3	0	\N
665	2024-03-20 05:07:00+00	4XURSJ	RUH-DXB-MUX	MUHAMMAD IMRAN	2024-04-16 19:00:00+00	\N	FLY DUBAI	1200.00	700.00	VO	\N	53	25	3	0	\N
666	2024-03-20 05:52:00+00	8U3ELP	DXB-MUX	SHAH JAHAN	2024-04-14 19:00:00+00	\N	PIA	1000.00	300.00	VO	\N	105	25	3	0	\N
667	2024-03-20 05:52:00+00	8U3EQ6	DXB-MUX	MUHAMMAD HARIS AYAZ	2024-04-14 19:00:00+00	\N	PIA	1000.00	300.00	VO	\N	62	25	3	0	\N
668	2024-03-20 05:52:00+00	8U3ZHY	JED-MUX	FNU FARHAT	2024-04-23 19:00:00+00	\N	PIA	53390.00	47540.00	IS	\N	73	17	3	0	\N
669	2024-03-20 06:24:00+00	613337065	SHJ-MUX	MUHAMMAD AKRAM	2024-03-20 19:00:00+00	\N	AIR ARABIA	44750.00	44244.00	IS	\N	48	13	3	0	\N
670	2024-03-20 06:24:00+00	613337065	SHJ-MUX	MUHAMMAD TAHIR	2024-03-20 19:00:00+00	\N	AIR ARABIA	44750.00	44244.00	IS	\N	48	13	3	0	\N
671	2024-03-20 06:24:00+00	XTHADZ	LHE-DXB	MIAN AZHAR ABBAS	2024-04-11 19:00:00+00	\N	AIR BLUE	39986.00	38486.00	RI	\N	69	11	3	0	\N
674	2024-03-20 07:03:00+00	GPEXLD	LHE-JED-LHE	MUHAMMAD IMRAN	2024-03-19 19:00:00+00	2024-03-28 19:00:00+00	AIR BLUE	153538.00	152677.00	IS	\N	50	11	3	0	\N
675	2024-03-20 07:03:00+00	RXAPAY	MUX-JED	MUHAMMAD MUKHTIAR	2024-03-23 19:00:00+00	\N	AIR BLUE	80992.00	80309.00	IS	\N	50	11	3	0	\N
673	2024-03-20 07:03:00+00	YVDJWG	JED-MUX	DOULAT MAI	2024-03-20 19:00:00+00	\N	AIR BLUE	28690.00	28536.00	IS	\N	75	11	3	0	\N
676	2024-03-20 07:03:00+00	613327683	MUX-SHJ-MED	KAFIA MAI	2024-03-22 19:00:00+00	\N	AIR ARABIA	89192.00	88492.00	IS	\N	67	13	3	0	\N
677	2024-03-21 09:54:00+00	27QI3G	MUX-JED-MUX	SHAHZADA IBRAR BABER KHAN	2024-03-27 19:00:00+00	2024-04-12 19:00:00+00	AIR SIAL	135518.00	132824.00	IS	\N	126	10	3	0	\N
678	2024-03-21 09:54:00+00	27QI3G	MUX-JED-MUX	SYED ABID ALI BUKHARI	2024-03-27 19:00:00+00	2024-04-12 19:00:00+00	AIR SIAL	135518.00	132824.00	IS	\N	126	10	3	0	\N
580	2024-03-18 09:28:00+00	79FSYF	JED MUX	NAZIM UMAIR	\N	\N	FZ	1500.00	700.00	VO	\N	17	3	2	0	\N
679	2024-03-19 11:16:00+00	NYBYES	MUX JED	MUHAMMAD WAQAS	2024-04-15 19:00:00+00	\N		76600.00	76332.00	IS	\N	3	21	2	0	\N
680	2024-03-18 11:19:00+00	8U2B01	MUX JED	KALSOOM MAI	2024-03-21 19:00:00+00	\N	PK	90400.00	86015.00	IS	\N	76	29	2	0	\N
681	2024-03-18 11:19:00+00	79S87P	MUX JED	ALLAH WASAYA	2024-04-07 19:00:00+00	\N	SV	57250.00	56743.00	IS	\N	42	3	2	0	\N
682	2024-03-21 05:30:00+00	8U45A7	DXB-MUX	MUHAMMAD HARIS AYAZ	2024-04-14 19:00:00+00	\N	PIA	1000.00	300.00	VO	\N	62	25	3	0	\N
683	2024-03-21 05:30:00+00	8U45F0	JED-MUX	HAMEEDA BIBI	2024-04-20 19:00:00+00	\N	PIA	1000.00	300.00	VO	\N	48	25	3	0	\N
684	2024-03-21 05:30:00+00	27QHUQ	LHE-JED	SAFDAR ALI	2024-03-23 19:00:00+00	\N	AIR SIAL	100400.00	98867.00	IS	\N	70	10	3	0	\N
685	2024-03-21 05:46:00+00	8U43JD	MUX-JED-MUX	MUHAMMAD IMRAN	2024-03-20 19:00:00+00	2024-04-03 19:00:00+00	PIA	151601.00	150929.00	IS	\N	50	17	3	0	\N
686	2024-03-20 05:46:00+00	613332442	MUX-SHJ	MUHAMMAD FAIZ	2024-03-27 19:00:00+00	\N	AIR ARABIA	43900.00	43351.00	IS	\N	48	13	3	0	\N
687	2024-03-21 05:46:00+00	G5D3BM	KHI-MCT	MUHAMMAD HANIF	2024-03-27 19:00:00+00	\N	SALAM AIR	42329.00	41929.00	IS	\N	48	12	3	0	\N
688	2024-03-21 10:53:00+00	27QUKX	MUX-JED-MUX	QAYYUM NAWAZ	2024-04-16 19:00:00+00	2024-05-11 19:00:00+00	AIR SIAL	130400.00	128383.00	IS	\N	127	10	3	0	\N
689	2024-03-21 10:53:00+00	27QUKX	MUX-JED-MUX	MUHAMMAD AYUB	2024-04-16 19:00:00+00	2024-05-11 19:00:00+00	AIR SIAL	130400.00	128383.00	IS	\N	127	10	3	0	\N
690	2024-03-21 11:05:00+00	HNCNXR	MUX-JED-MUX	MUKHTIAR HUSSAIN SHAHID	2024-03-20 19:00:00+00	2024-04-11 19:00:00+00	AIR BLUE	163798.00	162813.00	IS	\N	128	11	3	0	\N
691	2024-03-21 11:17:00+00	MOFTWA	KHI-MCT	ZAFAR ALI	2024-03-31 19:00:00+00	\N	SALAM AIR	30184.00	29784.00	IS	\N	129	12	3	0	\N
692	2024-03-21 11:36:00+00	YIEVHG	JED-DXB-MUX	GHULAM MUSTAFA	2024-04-24 19:00:00+00	\N	FLY DUBAI	1200.00	700.00	VO	\N	53	9	3	0	\N
693	2024-03-21 12:09:00+00	7SXU7L	MUX-DXB-JED	SABIR ALI	2024-04-21 19:00:00+00	\N	FLY DUBAI	80900.00	80513.00	IS	\N	53	9	3	0	\N
694	2024-03-21 12:09:00+00	613327683	MUX-SHJ-MED	KAFIA MAI (BAG ADDED)	2024-03-22 19:00:00+00	\N	AIR ARABIA	1971.00	1771.00	IS	\N	67	13	3	0	\N
695	2024-03-21 05:51:00+00	BQCZXI	AUH-ISB	MIR BAHADAR	2024-03-26 19:00:00+00	\N	AIR BLUE	37830.00	37604.00	IS	\N	73	11	3	0	\N
696	2024-03-21 05:51:00+00	2BORT5	MUX-JED-MUX	MUHAMMAD RIAZ	2024-03-27 19:00:00+00	2024-04-14 19:00:00+00	AIR SIAL	139318.00	137736.00	IS	\N	124	10	3	0	\N
697	2024-03-21 05:51:00+00	7BNJPY	KHI-DXB	SAJJAN AMEEN	2024-03-27 19:00:00+00	\N	FLY DUBAI	45571.00	42791.00	IS	\N	52	25	3	0	\N
698	2024-03-21 05:51:00+00	7BNJPY	KHI-DXB	HUMAIRA SAJJAN AMEEN	2024-03-27 19:00:00+00	\N	FLY DUBAI	45571.00	42791.00	IS	\N	52	25	3	0	\N
699	2024-03-21 05:51:00+00	7BNJPY	KHI-DXB	JOY DANIEL	2024-03-27 19:00:00+00	\N	FLY DUBAI	45571.00	42791.00	IS	\N	52	25	3	0	\N
700	2024-03-21 05:51:00+00	8U4H6J	MUX-JED	MUHAMMAD QASIM 03088625354	2024-03-30 19:00:00+00	\N	PIA	80000.00	74086.00	IS	\N	73	17	3	0	\N
701	2024-03-21 05:51:00+00	613354962	MUX-SHJ	GHULAM QADIR	2024-04-01 19:00:00+00	\N	AIR ARABIA	43851.00	43351.00	IS	\N	48	13	3	0	\N
702	2024-03-21 05:51:00+00	KQVZYX	MUX-JED	RIAZ AHMAD	2024-04-19 19:00:00+00	\N	AIR BLUE	76990.00	76275.00	IS	\N	48	11	3	0	\N
703	2024-03-21 05:51:00+00	8U4HDU	MUX-JED	FAIZ MUHAMMAD	2024-03-28 19:00:00+00	\N	PIA	75300.00	74086.00	IS	\N	48	17	3	0	\N
704	2024-03-21 05:51:00+00	8U4HDU	MUX-JED	FNU ROZY	2024-03-28 19:00:00+00	\N	PIA	75300.00	74086.00	IS	\N	48	17	3	0	\N
705	2024-03-21 05:51:00+00	8U4HDU	MUX-JED	AHMAD BAKHSH	2024-03-28 19:00:00+00	\N	PIA	75300.00	74086.00	IS	\N	48	17	3	0	\N
706	2024-03-22 05:51:00+00	613372287	MUX-SHJ-FRU	MUHAMMAD IMRAN	2024-03-23 19:00:00+00	\N	AIR ARABIA	101485.00	100556.00	IS	\N	130	13	3	0	\N
707	2024-03-22 05:51:00+00	2FMM69	MUX-JED-MUX	ABDUL QAYYUM	2024-04-17 19:00:00+00	2024-05-08 19:00:00+00	AIR SIAL	134319.00	132825.00	IS	\N	124	10	3	0	\N
708	2024-03-22 05:51:00+00	613371754	UET-SHJ	REHMATULLAH MUHAMMAD ALI	2024-04-02 19:00:00+00	\N	AIR ARABIA	43258.00	42658.00	IS	\N	48	13	3	0	\N
709	2024-03-22 05:51:00+00	613371754	UET-SHJ	MAZAR KHAN	2024-04-02 19:00:00+00	\N	AIR ARABIA	43258.00	42658.00	IS	\N	48	13	3	0	\N
710	2024-03-22 05:51:00+00	613371754	UET-SHJ	AHMED DIN	2024-04-02 19:00:00+00	\N	AIR ARABIA	43258.00	42658.00	IS	\N	48	13	3	0	\N
424	2024-03-14 09:18:00+00	5MDAGP	KHI-MCT	MUHUAMMAD ABDULLAH	2024-03-16 19:00:00+00	\N	OV	62000.00	61298.85	IS	\N	76	3	2	0	\N
711	2024-03-23 07:48:00+00	APOVLD	MUX SHJ	SHAN E MUSTAFA MUREED HUSSAIN	2024-03-09 19:00:00+00	\N	PA	42150.00	40682.00	IS	\N	5	21	2	0	\N
712	2024-03-22 07:26:00+00	7BT15F	ELQ-DXB-KHI	MUHAMMAD IMRAN	2024-04-19 19:00:00+00	\N	FLY DUBAI	1500.00	700.00	VO	\N	67	9	3	0	\N
713	2024-03-23 07:26:00+00	QUOJO1	MUX-DXB-GIZ	ARSLAN ALI	2024-04-20 19:00:00+00	\N	FLY DUBAI	95050.00	94748.00	IS	\N	53	9	3	0	\N
714	2024-03-23 07:26:00+00	7BZNSQ	MUX-BAH-MAN	HAIDER ALI	2024-03-29 19:00:00+00	\N	GULF AIR	143239.00	141899.00	IS	\N	58	25	3	0	\N
715	2024-03-23 07:26:00+00	7BZNSQ	MUX-BAH-MAN	MANAHIL EMAN	2024-03-29 19:00:00+00	\N	GULF AIR	143239.00	141899.00	IS	\N	58	25	3	0	\N
716	2024-03-22 07:26:00+00	7BZVYL	JED-KHI	MUHAMMAD AZAM	2024-03-24 19:00:00+00	\N	PIA	1000.00	300.00	VO	\N	53	25	3	0	\N
717	2024-03-22 07:26:00+00	7BZVYL	JED-KHI	MUHAMMAD AZAM	2024-04-24 19:00:00+00	\N	PIA	1000.00	300.00	VO	\N	53	25	3	0	\N
718	2024-03-22 07:26:00+00	8U5DNG	JED-MUX	ABDUL RAHIM	2024-04-03 19:00:00+00	\N	PIA	90835.00	89924.00	IS	\N	48	17	3	0	\N
719	2024-03-22 07:26:00+00	7BYLFV	JED-BAH-KHI	SHAHZAD KHAN	2024-04-22 19:00:00+00	\N	GULF AIR	61910.00	60210.00	IS	\N	48	25	3	0	\N
720	2024-03-22 07:26:00+00	VKHETI	MUX-DXB	MUHAMMAD ZUBAIR	2024-03-28 19:00:00+00	\N	AIR BLUE	42720.00	42160.00	IS	\N	56	11	3	0	\N
721	2024-03-22 07:26:00+00	2FMTO8	MUX-JED	SALAMAT ALI	2024-04-23 19:00:00+00	\N	AIR SIAL	75000.00	74307.00	IS	\N	53	10	3	0	\N
722	2024-03-22 07:26:00+00	HFQDVM	MUX-SHJ	SYED RIZWAN HUSSAIN	2024-04-07 19:00:00+00	\N	AIR BLUE	38330.00	37914.00	IS	\N	72	11	3	0	\N
723	2024-03-22 07:26:00+00	ETKTFU	MUX-JED-MUX	MUHAMMAD IMTIAZ	2024-03-30 19:00:00+00	2024-04-18 19:00:00+00	AIR BLUE	130000.00	128219.00	IS	\N	73	11	3	0	\N
724	2024-03-20 09:35:00+00	AZBVV2	MUX BAH	MUHAMMAD NAEEM KHAN	2024-03-23 19:00:00+00	\N	FZ	72500.00	72191.00	IS	\N	22	3	2	0	\N
725	2024-03-22 07:26:00+00	ETKTFU	MUX-JED-MUX	ROMAISA	2024-03-30 19:00:00+00	2024-04-18 19:00:00+00	AIR BLUE	130000.00	128219.00	IS	\N	73	11	3	0	\N
726	2024-03-22 07:26:00+00	ETKTFU	MUX-JED-MUX	MAHAM SIDDIQUI	2024-03-30 19:00:00+00	2024-04-18 19:00:00+00	AIR BLUE	130000.00	128219.00	IS	\N	73	11	3	0	\N
727	2024-03-20 09:35:00+00	Z27E07	LYP DXB	MOHSIN RAZA	2024-03-27 19:00:00+00	\N	FZ	452421.00	43857.18	IS	\N	37	3	2	0	\N
728	2024-03-20 09:35:00+00	O50XEI	LYP DXB	MUHAMMAD IZHAR*3	2024-03-27 19:00:00+00	\N	FZ	130263.00	124650.00	IS	\N	37	3	2	0	\N
729	2024-03-22 07:26:00+00	ETKTFU	MUX-JED-MUX	MUHAMMAD ESA	2024-03-30 19:00:00+00	2024-04-18 19:00:00+00	AIR BLUE	18000.00	14375.00	IS	\N	73	11	3	0	\N
730	2024-03-22 07:26:00+00	ETKTFU	MUX-JED-MUX	MEERAB	2024-03-30 19:00:00+00	2024-04-18 19:00:00+00	AIR BLUE	115000.00	109146.00	IS	\N	73	11	3	0	\N
731	2024-03-20 09:35:00+00	27QJXA	MCT LHE	MUHAMMAD ASAD	2024-03-30 19:00:00+00	\N	PF	29580.00	29274.16	IS	\N	22	3	2	0	\N
732	2024-03-21 09:35:00+00	DPKGNR	ELQ KHI	MUHAMMAD ZAFAR	\N	\N	QR	1500.00	700.00	VO	\N	37	3	2	0	\N
733	2024-03-22 09:42:00+00	44TOR2	MUX DXB	Shabrat Iqbal	2024-04-10 19:00:00+00	\N	FZ	43350.00	43020.00	IS	\N	14	5	2	0	\N
735	2024-03-22 09:42:00+00	9D7AOU	DXB SKT	Muhammad Mustafa	2024-03-22 19:00:00+00	\N	FZ	41450.00	40861.00	IS	\N	22	5	2	0	\N
734	2024-03-21 09:35:00+00	7B7DVZ	RUH MUX	MUHAMMAD KHALID*2	\N	\N	SV	3000.00	1400.00	VO	\N	21	3	2	0	\N
736	2024-03-21 09:35:00+00	7BC3MN	JED MUX	MUHAMMAD ABUBAKAR*2	\N	\N	FZ	3000.00	1400.00	VO	\N	17	3	2	0	\N
737	2024-03-21 09:46:00+00	8U477F	MUX KHI	HAFIZ ABDUL RAUF*2	2024-03-24 19:00:00+00	\N	PK	40940.00	40408.00	IS	\N	23	3	2	0	\N
738	2024-03-22 09:42:00+00	8U599H	LHE KUL LHE	MUHAMMAD NAVEED	2024-03-30 19:00:00+00	\N	PK	161450.00	156750.00	IS	\N	22	22	2	0	\N
739	2024-03-21 09:46:00+00	7BDP7H	LUN MED LUN	ALI HAIDER Murtaza *2	2024-04-01 19:00:00+00	\N	QR	668560.00	666560.00	IS	\N	22	3	2	0	\N
740	2024-03-22 09:46:00+00	ZEHASY	MUX-JED-MUX	AHMAR SHAHZAD	2024-03-30 19:00:00+00	2024-04-18 19:00:00+00	AIR BLUE	135000.00	131777.00	IS	\N	73	11	3	0	\N
741	2024-03-22 09:42:00+00	2FN0NK	JED MUX	MUHAMMAD MUSHTAQ	2024-03-22 19:00:00+00	\N	PF	29400.00	29270.00	IS	\N	37	8	2	0	\N
742	2024-03-21 09:46:00+00	7B7KLV	MUX AUH	Muhammad Waqas	2024-04-21 19:00:00+00	\N	GF	70611.00	70311.00	IS	\N	36	3	2	0	\N
743	2024-03-23 09:42:00+00	OTTSVB	JED MUX	MUHAMMAD RASHID	\N	\N	SV	1500.00	700.00	VO	\N	3	3	2	0	\N
744	2024-03-22 09:46:00+00	ZEHASY	MUX-JED-MUX	SAIMA ALTAF	2024-03-30 19:00:00+00	2024-04-18 19:00:00+00	AIR BLUE	135000.00	131777.00	IS	\N	73	11	3	0	\N
746	2024-03-23 09:42:00+00	ORHRMD	JED MUX	ABID HUSSAIN	\N	\N	SV	1500.00	700.00	VO	\N	3	3	2	0	\N
747	2024-03-22 09:46:00+00	ZEHASY	MUX-JED-MUX	MAKIA	2024-03-30 19:00:00+00	2024-04-18 19:00:00+00	AIR BLUE	135000.00	131777.00	IS	\N	73	11	3	0	\N
749	2024-03-21 09:46:00+00	8U4EM3	MUX MED	MUHAMMAD KHALID MUHAMMAD BASHIR	2024-04-22 19:00:00+00	\N	PK	81450.00	77580.00	IS	\N	14	22	2	0	\N
750	2024-03-23 09:42:00+00	8U5FAU	DXB ISB	GHULAM QADIR	\N	\N	PK	1000.00	300.00	VO	\N	101	3	2	0	\N
745	2024-03-21 09:46:00+00	8U49SP	JED MUX	MUHAMMAD ALI	\N	\N	PK	1000.00	200.00	VO	\N	7	40	2	0	\N
751	2024-03-21 09:58:00+00	8U4DMR	MUX MED	ASIF ALI	2024-03-28 19:00:00+00	\N	PK	83980.00	80389.00	IS	\N	3	29	2	0	\N
752	2024-03-21 09:58:00+00	8U40YA	RUH MUX	KHURRAM SHAHZAD	\N	\N	PK	1000.00	200.00	VO	\N	11	40	2	0	\N
753	2024-03-23 09:42:00+00	8U5FHK	JED MUX	FARWA KOUSAR / SEERAT FATIMA	2024-05-29 19:00:00+00	\N	PK	52000.00	51800.00	IS	\N	22	22	2	0	\N
754	2024-03-21 09:58:00+00	8U4FL5	DMM ISB	ASMA IMRAN*3	\N	\N	PK	3000.00	600.00	VO	\N	44	40	2	0	\N
755	2024-03-23 09:42:00+00	613383180	MUX SHJ MUX	ZOHAIB MASHKOOR AHMAD SUMRA	2024-03-25 19:00:00+00	\N	G9	117500.00	116039.00	IS	\N	6	6	2	0	\N
756	2024-03-23 09:42:00+00	8U5GY4	LHE KUL	AMIR SAJJAD	2024-03-30 19:00:00+00	\N	PK	85466.00	80768.00	IS	\N	22	31	2	0	\N
757	2024-03-21 09:58:00+00	L2YBCI	MUX DXB	Mr ZEESHAN AKBAR	2024-03-30 19:00:00+00	\N	FZ	44770.00	44464.00	IS	\N	22	3	2	0	\N
758	2024-03-22 09:59:00+00	GPEXLD	LHE-JED-LHE	MUHAMMAD IMRAN	2024-03-19 19:00:00+00	2024-03-28 19:00:00+00	AIR BLUE	-120677.00	-120677.00	RF	\N	50	11	3	0	\N
759	2024-03-23 09:42:00+00	2JKG1H	MUX JED	MUHAMMAD AKHTAR	2024-03-23 19:00:00+00	\N	PF	103000.00	102467.00	IS	\N	37	8	2	0	\N
760	2024-03-21 09:58:00+00	FUNAS6	LHE DXB	Mr ASFAND PERVAIZ	2024-04-04 19:00:00+00	\N	ER	37450.00	37057.92	IS	\N	37	3	2	0	\N
762	2024-03-21 09:58:00+00	G91F3W	DXB MUX	"Mr JAVED ASHRAF\t"	2024-04-09 19:00:00+00	\N	OV	53100.00	52816.00	IS	\N	37	3	2	0	\N
763	2024-03-21 09:58:00+00	BXRVRF	DXB LHE	MUHAMMAD RIZWAN	2024-03-27 19:00:00+00	\N	PA	37900.00	37375.65	IS	\N	8	3	2	0	\N
764	2024-03-21 09:58:00+00	2BOY68	MUX JED	KHALID RASHEED	2024-04-17 19:00:00+00	\N	PF	75000.00	74307.00	IS	\N	21	8	2	0	\N
765	2024-03-22 09:58:00+00	MLKPUY	RUH MUX	MR MUHAMMAD IMRAN*4	\N	\N	FZ	6000.00	2800.00	VO	\N	46	3	2	0	\N
766	2024-03-22 09:58:00+00	8U4QBU	JED MUX	"MR MUHAMMAD AKHTAR\t"	\N	\N	PK	800.00	300.00	VO	\N	42	3	2	0	\N
767	2024-03-22 09:58:00+00	EFIPXQ	AHB KHI	"MR AHMAD MUSTAFA\t"	\N	\N	FZ	1000.00	700.00	VO	\N	8	3	2	0	\N
768	2024-03-23 10:10:00+00	14924706	MUX-AUH	ABDUL MANAN MAQBOOL AHMAD	2024-04-05 19:00:00+00	\N	AIR ARABIA	45570.00	44968.00	IS	\N	131	13	3	0	\N
769	2024-03-22 09:58:00+00	7BHDDN	RUH MUX	MR MUHAMMAD MURSLEEN	\N	\N	FZ	1500.00	700.00	VO	\N	6	3	2	0	\N
770	2024-03-23 10:10:00+00	613391439	SHJ-MUX	RASHID ALI	2024-03-30 19:00:00+00	\N	AIR ARABIA	48725.00	48125.00	IS	\N	48	13	3	0	\N
771	2024-03-22 09:58:00+00	8U50G9	JED MUX	MR MUHAMMAD ALI	\N	\N	PK	1000.00	300.00	VO	\N	7	3	2	0	\N
772	2024-03-23 10:10:00+00	613391439	SHJ-MUX	QAISAR KHAN	2024-03-30 19:00:00+00	\N	AIR ARABIA	48725.00	48125.00	IS	\N	48	13	3	0	\N
773	2024-03-22 09:58:00+00	401290790	KHI ISB	Mrs NUSRAT KAMAL	2024-03-21 19:00:00+00	\N	9P	16700.00	16164.00	IS	\N	16	3	2	0	\N
774	2024-03-22 09:58:00+00	QVYQCB	ISB KHI	Mrs NUSRAT KAMAL	2024-03-23 19:00:00+00	\N	9P	14900.00	14379.00	IS	\N	16	3	2	0	\N
775	2024-03-22 09:58:00+00	Q8ZLQA	MUX DXB	MUHAMMAD ZIA SHAHID	2024-04-10 19:00:00+00	\N	FZ	44600.00	44303.00	IS	\N	36	3	2	0	\N
776	2024-03-22 09:58:00+00	8U597D	LHE KUL LHE	MUHAMMAD SUFYAN	2024-03-30 19:00:00+00	\N	PK	161450.00	160684.00	IS	\N	22	3	2	0	\N
777	2024-03-22 09:58:00+00	5DOTPF	MUX MED	WAHEED AHMAD	2024-04-01 19:00:00+00	\N	FZ	66500.00	65969.00	IS	\N	60	3	2	0	\N
778	2024-03-23 09:58:00+00	8U4RPN	MUX JED	SAEED AHMAD	2024-03-28 19:00:00+00	\N	PK	74400.00	70650.00	IS	\N	76	22	2	0	\N
779	2024-03-23 09:58:00+00	7C2VGC	MUX MED MUX	TARIQ SOHAIL *3	2024-04-17 19:00:00+00	\N	FZ	445850.00	441357.00	IS	\N	7	3	2	0	\N
783	2024-03-23 10:44:00+00	8U417U	ISB-MED-JED-KHI-ISB	HAMZAH RASHID AHMAD (IRFAN SHAHID)	2024-03-31 19:00:00+00	2024-04-05 19:00:00+00	PIA	125000.00	115332.00	IS	\N	73	20	3	0	\N
782	2024-03-23 10:44:00+00	8U39D5	ISB-MED-JED-KHI-ISB	RASHID AHMAD (IRFAN SHAHID)	2024-03-31 19:00:00+00	2024-04-05 19:00:00+00	PIA	150000.00	144173.00	IS	\N	73	20	3	0	\N
781	2024-03-23 10:44:00+00	8U39D5	ISB-MED-JED-KHI-ISB	SAIMA RASHID AHMAD (IRFAN SHAHID)	2024-03-31 19:00:00+00	2024-04-05 19:00:00+00	PIA	150000.00	144173.00	IS	\N	73	20	3	0	\N
784	2024-03-23 05:48:00+00	FRHFAI	MUX-JED	MUHAMMAD ISHFAQ	2024-04-14 19:00:00+00	\N	AIR BLUE	76799.00	76499.00	IS	\N	86	25	3	0	\N
780	2024-03-23 09:58:00+00	7C2YWH	MED KHI	MUNEER BULEDI *2	\N	\N	FZ	2000.00	1400.00	VO	\N	16	3	2	0	\N
786	2024-03-23 05:59:00+00	J1R9ML	HGA-DXB-SKT	GHULAM SHABBIR	2024-03-24 19:00:00+00	\N	FLY DUBAI	106580.00	106271.00	IS	\N	82	9	3	0	\N
672	2024-03-20 07:03:00+00	YVDJWG	JED-MUX	AKHTAR HUSSAIN	2024-03-20 19:00:00+00	\N	AIR BLUE	28690.00	28536.00	IS	\N	75	11	3	0	\N
787	2024-03-23 06:13:00+00	8U5MLP	MUX-MED	ASGHAR ALI	2024-04-28 19:00:00+00	\N	PIA	81292.00	80861.00	IS	\N	58	17	3	0	\N
788	2024-03-23 06:16:00+00	8U5REB	ISB-MED-DMM-ISB	FAZAL RAUF	2024-03-28 19:00:00+00	2024-05-05 19:00:00+00	PIA	136720.00	135853.00	IS	\N	131	17	3	0	\N
789	2024-03-23 06:16:00+00	8TMVD1	MUX-DXB-DOH	MUHAMMAD TAHIR MASOOD	2024-04-02 19:00:00+00	\N	FLY DUBAI	68070.00	67768.00	IS	\N	50	9	3	0	\N
785	2024-03-23 05:59:00+00	2JKSUC	MUX-JED	SAFOORAN KHATOON	2024-03-23 19:00:00+00	\N	AIR SIAL	102990.00	101805.00	IS	\N	124	10	3	0	\N
790	2024-03-23 07:56:00+00	8U43JD	JED-MUX	MUHAMMAD IMRAN	2024-03-25 19:00:00+00	\N	PIA	11000.00	301.00	IS	\N	50	17	3	0	\N
791	2024-03-22 10:42:00+00	8U5AQ3	MUX-JED-MUX	MUHAMMAD KHURRAM ABRAR	2024-03-28 19:00:00+00	2024-05-24 19:00:00+00	PIA	138777.00	137046.00	IS	\N	73	17	3	0	\N
792	2024-03-22 10:42:00+00	8SC2LE	DXB-KHI	ISHTIAQ AHMAD	2024-03-26 19:00:00+00	\N	PIA	5750.00	5210.00	RI	\N	56	17	3	0	\N
793	2024-03-23 10:42:00+00	MFZPQD	MUX-JED-MUX	MANZOOR AHMAD	2024-03-27 19:00:00+00	2024-04-24 19:00:00+00	AIR BLUE	245000.00	135343.00	IS	\N	109	11	3	0	\N
794	2024-03-23 10:42:00+00	MFZPQD	MUX-JED-MUX	FOUZIA GULL	2024-03-27 19:00:00+00	2024-04-24 19:00:00+00	AIR BLUE	245000.00	135343.00	IS	\N	109	11	3	0	\N
795	2024-03-23 10:42:00+00	VMUKWN	MUX-JED-MUX	ABEERA MANZOOR	2024-03-27 19:00:00+00	2024-04-24 19:00:00+00	AIR BLUE	245000.00	132284.00	IS	\N	109	11	3	0	\N
796	2024-03-23 10:42:00+00	VMUKWN	MUX-JED-MUX	HAJIRA NADEEM (CHILD)	2024-03-27 19:00:00+00	2024-04-24 19:00:00+00	AIR BLUE	177000.00	112194.00	IS	\N	109	11	3	0	\N
797	2024-03-23 11:11:00+00	BYWFCR	JED-MUX	MUHAMMAD SIDDIQ	2024-04-04 19:00:00+00	\N	AIR BLUE	37500.00	35051.00	RI	\N	132	11	3	0	\N
798	2024-03-24 11:11:00+00	27QHUQ	LHE-JED	SAFDAR ALI	2024-03-23 19:00:00+00	\N	AIR SIAL	-82000.00	-82500.00	RF	\N	70	10	3	0	\N
799	2024-03-24 11:11:00+00	FPTZOP	MUX-JED	MUHAMMAD IMRAN MALIK	2024-03-26 19:00:00+00	\N	AIR BLUE	92848.00	92409.00	IS	\N	59	25	3	0	\N
800	2024-03-24 11:11:00+00	IYPHBN	DXB-MUX	ATTA MUHAMMAD	2024-04-13 19:00:00+00	\N	AIR BLUE	32875.00	32575.00	IS	\N	82	25	3	0	\N
801	2024-03-23 11:11:00+00	7C3555	MUX-JED	MUHAMMAD RIZWAN AHMAD	2024-03-29 19:00:00+00	\N	SAUDI ARABIAN AIRLINES	83403.00	80663.00	IS	\N	79	25	3	0	\N
802	2024-03-23 11:11:00+00	DMHFZA	HGA-DXB-MUX	ABRAR SHAH TIPU	2024-03-24 19:00:00+00	\N	FLY DUBAI	122353.00	121853.00	IS	\N	82	9	3	0	\N
803	2024-03-23 11:11:00+00	SDTWN4	MUX-MCT	ALLAH BAKHSH	2024-04-01 19:00:00+00	\N	SALAM AIR	50495.00	49928.00	IS	\N	72	12	3	0	\N
804	2024-03-25 05:35:00+00	8U6Z72	MUX-JED	MUHAMMAD IDREES	2024-04-20 19:00:00+00	\N	PIA	74481.00	73852.00	IS	\N	48	17	3	0	\N
805	2024-03-25 05:35:00+00	4C8EOD	MUX-DXB	MUHAMMAD BILAL	2024-04-10 19:00:00+00	\N	FLY DUBAI	46350.00	46050.00	IS	\N	50	9	3	0	\N
806	2024-03-25 05:35:00+00	RL4AME	DXB-LHE	MUHAMMAD ADEEL	2024-03-31 19:00:00+00	\N	SERENE AIR	39826.00	39335.00	IS	\N	70	25	3	0	\N
807	2024-03-24 05:35:00+00	YRICWT	JED-MUX	BASHIR AHMAD	2024-03-24 19:00:00+00	\N	AIR BLUE	24662.00	24628.00	IS	\N	53	25	3	0	\N
808	2024-03-24 05:35:00+00	YRICWT	JED-MUX	SALEEM AKHTAR	2024-03-24 19:00:00+00	\N	AIR BLUE	24662.00	24628.00	IS	\N	53	25	3	0	\N
809	2024-03-24 05:35:00+00	WZSQ0P	HGA-DXB-LYP	ABID HUSSAIN	2024-03-24 19:00:00+00	\N	FLY DUBAI	118950.00	118610.00	IS	\N	82	9	3	0	\N
810	2024-03-24 05:35:00+00	7C8XT2	JED-MUX	MUHAMMAD MUKHTIAR	2024-04-24 19:00:00+00	\N	PIA	1000.00	300.00	VO	\N	50	25	3	0	\N
811	2024-03-24 05:35:00+00	7C7K62	JED-MUX	MUHAMMAD IRSHAD	2024-04-04 19:00:00+00	\N	PIA	1000.00	300.00	VO	\N	86	25	3	0	\N
812	2024-03-24 05:35:00+00	7C9Q7Z	DXB-MUX	MUHAMMAD AAMIR	2024-05-01 19:00:00+00	\N	FLY DUBAI	1200.00	700.00	VO	\N	62	25	3	0	\N
813	2024-03-24 05:57:00+00	7CB7GT	AHB-DMM-LHE	RUBAB SHABBIR	2024-03-26 19:00:00+00	\N	FLY NAS	61070.00	60022.00	IS	\N	133	25	3	0	\N
814	2024-03-24 05:57:00+00	8U6DHP	MUX-MED	MUHAMMAD IQBAL	2024-04-11 19:00:00+00	\N	PIA	70384.00	70111.00	IS	\N	56	17	3	0	\N
815	2024-03-25 05:57:00+00	8U6MGQ	JED-MUX	AYESHA SHABBIR	2024-04-22 19:00:00+00	\N	PIA	1000.00	300.00	VO	\N	109	25	3	0	\N
816	2024-03-23 06:42:00+00	U8ZC83	MUX-JED-MUX	PARVEEN AKHTAR	2024-03-31 19:00:00+00	2024-04-24 19:00:00+00	SAUDI ARABIAN AIRLINES	145000.00	138899.00	IS	\N	134	36	3	0	\N
817	2024-03-23 06:42:00+00	U8ZC83	MUX-JED-MUX	MUHAMMAD ASLAM	2024-03-31 19:00:00+00	2024-04-24 19:00:00+00	SAUDI ARABIAN AIRLINES	145000.00	138899.00	IS	\N	134	36	3	0	\N
818	2024-03-23 06:42:00+00	U8ZC83	MUX-JED-MUX	HASEENA BIBI	2024-03-31 19:00:00+00	2024-04-24 19:00:00+00	SAUDI ARABIAN AIRLINES	145000.00	138899.00	IS	\N	134	36	3	0	\N
819	2024-03-23 06:42:00+00	U8ZC83	MUX-JED-MUX	RAZIA BIBI	2024-03-31 19:00:00+00	2024-04-24 19:00:00+00	SAUDI ARABIAN AIRLINES	145000.00	138899.00	IS	\N	134	36	3	0	\N
820	2024-03-23 06:42:00+00	U8ZC83	MUX-JED-MUX	NOREEN FATIMA	2024-03-31 19:00:00+00	2024-04-24 19:00:00+00	SAUDI ARABIAN AIRLINES	145000.00	138899.00	IS	\N	134	36	3	0	\N
821	2024-03-23 06:42:00+00	U8ZC83	MUX-JED-MUX	SYED NAJMA GILLANI	2024-03-31 19:00:00+00	2024-04-24 19:00:00+00	SAUDI ARABIAN AIRLINES	145000.00	138899.00	IS	\N	134	36	3	0	\N
822	2024-03-23 06:42:00+00	U8ZC83	MUX-JED-MUX	SYEDA RIFFAT GILLANI	2024-03-31 19:00:00+00	2024-04-24 19:00:00+00	SAUDI ARABIAN AIRLINES	145000.00	138899.00	IS	\N	134	36	3	0	\N
823	2024-03-23 06:42:00+00	U8ZC83	MUX-JED-MUX	SYED MUHAMMAD HUSSNAIN GILLANI	2024-03-31 19:00:00+00	2024-04-24 19:00:00+00	SAUDI ARABIAN AIRLINES	145000.00	138899.00	IS	\N	134	36	3	0	\N
824	2024-03-23 06:42:00+00	U8ZC83	MUX-JED-MUX	SYED JAWAD AHMAD GILLANI	2024-03-31 19:00:00+00	2024-04-24 19:00:00+00	SAUDI ARABIAN AIRLINES	145000.00	138899.00	IS	\N	134	36	3	0	\N
825	2024-03-23 06:42:00+00	U8ZC83	MUX-JED-MUX	MAQSOOD MAI	2024-03-31 19:00:00+00	2024-04-24 19:00:00+00	SAUDI ARABIAN AIRLINES	145000.00	138899.00	IS	\N	134	36	3	0	\N
826	2024-03-23 06:42:00+00	U8ZC83	MUX-JED-MUX	ABDUL MALIK	2024-03-31 19:00:00+00	2024-04-24 19:00:00+00	SAUDI ARABIAN AIRLINES	145000.00	138899.00	IS	\N	134	36	3	0	\N
827	2024-03-23 06:42:00+00	U8ZC83	MUX-JED-MUX	PAKEEZA MUNEER	2024-03-31 19:00:00+00	2024-04-24 19:00:00+00	SAUDI ARABIAN AIRLINES	145000.00	138899.00	IS	\N	134	36	3	0	\N
828	2024-03-23 06:42:00+00	U8ZC83	MUX-JED-MUX	FARZANA SHAHEEN	2024-03-31 19:00:00+00	2024-04-24 19:00:00+00	SAUDI ARABIAN AIRLINES	145000.00	138899.00	IS	\N	134	36	3	0	\N
829	2024-03-23 06:42:00+00	U8ZC83	MUX-JED-MUX	MUNIR AHMAD SHAHID	2024-03-31 19:00:00+00	2024-04-24 19:00:00+00	SAUDI ARABIAN AIRLINES	145000.00	138899.00	IS	\N	134	36	3	0	\N
830	2024-03-25 07:05:00+00	2RGX00	JED-ISB	HAJIRAN BAKHSH MUHAMMAD	2024-04-30 19:00:00+00	\N	AIR SIAL	54041.00	53038.00	IS	\N	127	10	3	0	\N
831	2024-03-25 07:05:00+00	2RGX00	JED-ISB	NASREEN BIBI	2024-04-30 19:00:00+00	\N	AIR SIAL	54041.00	53038.00	IS	\N	127	10	3	0	\N
832	2024-03-25 07:05:00+00	2RGX00	JED-ISB	REHANA SHAMSHAD	2024-04-30 19:00:00+00	\N	AIR SIAL	54041.00	53038.00	IS	\N	127	10	3	0	\N
833	2024-03-25 07:05:00+00	2RGX00	JED-ISB	TAJU BIBI	2024-04-30 19:00:00+00	\N	AIR SIAL	54041.00	53038.00	IS	\N	127	10	3	0	\N
834	2024-03-25 07:05:00+00	2RGX00	JED-ISB	MUHAMMAD BAKHSH	2024-04-30 19:00:00+00	\N	AIR SIAL	54041.00	53038.00	IS	\N	127	10	3	0	\N
835	2024-03-25 07:05:00+00	2RGX00	JED-ISB	PARVEEN BIBI	2024-04-30 19:00:00+00	\N	AIR SIAL	54041.00	53038.00	IS	\N	127	10	3	0	\N
836	2024-03-25 07:39:00+00	8SHT2F	JED-MUX	MUHAMMAD ARSHAD	2024-04-03 19:00:00+00	\N	PIA	5000.00	2690.00	RI	\N	73	17	3	0	\N
837	2024-03-25 07:39:00+00	8U719F	MUX-SHJ	ABDUL SAMAD	2024-03-30 19:00:00+00	\N	PIA	44200.00	43791.00	IS	\N	48	17	3	0	\N
838	2024-03-25 07:39:00+00	8U6TSZ	MUX-JED-MUX	AFTAB AHMAD	2024-03-28 19:00:00+00	2024-04-22 19:00:00+00	PIA	137915.00	137512.00	IS	\N	50	19	3	0	\N
839	2024-03-25 07:39:00+00	8U6TSZ	MUX-JED-MUX	KIRAN AFTAB	2024-03-28 19:00:00+00	2024-04-22 19:00:00+00	PIA	137915.00	137512.00	IS	\N	50	19	3	0	\N
840	2024-03-25 07:39:00+00	8U6TSZ	MUX-JED-MUX	RABIA BIBI	2024-03-28 19:00:00+00	2024-04-22 19:00:00+00	PIA	137915.00	137512.00	IS	\N	50	19	3	0	\N
841	2024-03-25 07:39:00+00	8U6TSZ	MUX-JED-MUX	MUHAMMAD SADIQ	2024-03-28 19:00:00+00	2024-04-22 19:00:00+00	PIA	137915.00	137512.00	IS	\N	50	19	3	0	\N
842	2024-03-25 07:59:00+00	8U6U46	MUX-JED-MUX	MUHAMMAD LATIF	2024-03-28 19:00:00+00	2024-04-05 19:00:00+00	PIA	137915.00	137512.00	IS	\N	50	19	3	0	\N
843	2024-03-25 07:59:00+00	SN6YFJ	ISB-JED	HAJIRAN MUHAMMAD BAKHSH	2024-04-06 19:00:00+00	\N	SERENE AIR	57928.00	57483.00	IS	\N	127	25	3	0	\N
844	2024-03-25 07:59:00+00	SN6YFJ	ISB-JED	NASREEN BIBI	2024-04-06 19:00:00+00	\N	SERENE AIR	57928.00	57483.00	IS	\N	127	25	3	0	\N
845	2024-03-25 07:59:00+00	SN6YFJ	ISB-JED	REHANA SHAMSHAD	2024-04-06 19:00:00+00	\N	SERENE AIR	57928.00	57483.00	IS	\N	127	25	3	0	\N
846	2024-03-25 07:59:00+00	SN6YFJ	ISB-JED	TAJU BIBI	2024-04-06 19:00:00+00	\N	SERENE AIR	57928.00	57483.00	IS	\N	127	25	3	0	\N
847	2024-03-25 07:59:00+00	SN6YFJ	ISB-JED	MUHAMMAD BAKHSH	2024-04-06 19:00:00+00	\N	SERENE AIR	57928.00	57483.00	IS	\N	127	25	3	0	\N
848	2024-03-25 07:59:00+00	SN6YFJ	ISB-JED	PARVEEN BIBI	2024-04-06 19:00:00+00	\N	SERENE AIR	57928.00	57483.00	IS	\N	127	25	3	0	\N
849	2024-03-25 08:45:00+00	8U6MLQ	MUX-KHI	MUNIR AHMAD BOSAN	2024-04-12 19:00:00+00	\N	PIA	22190.00	21788.00	IS	\N	73	17	3	0	\N
850	2024-03-23 08:47:00+00	8U5DG2	DXB MUX	MUHAMMAD RASHID	\N	\N	PK	1000.00	300.00	VO	\N	46	3	2	0	\N
852	2024-03-25 08:45:00+00	WQBRWG	ISB-KHI	SYED MUHAMMAD YOUNUS ZAIDI	2024-03-24 19:00:00+00	\N	AIR BLUE	13800.00	13774.00	IS	\N	110	25	3	0	\N
856	2024-03-23 08:52:00+00	2FMHXL	MUX JED	MUHAMMAD IRFAN	2024-03-23 19:00:00+00	\N	PF	84500.00	84131.00	IS	\N	37	8	2	0	\N
857	2024-03-25 08:45:00+00	RFGUFD	MUX-JED	BALACH KHAN	2024-04-18 19:00:00+00	\N	AIR BLUE	72936.00	72358.00	IS	\N	129	11	3	0	\N
858	2024-03-25 08:45:00+00	8U759M	MUX-JED	DOST MUHAMMAD	2024-04-11 19:00:00+00	\N	PIA	64100.00	63103.00	IS	\N	105	17	3	0	\N
859	2024-03-25 08:45:00+00	8U759M	MUX-JED	AHMAD KHAN	2024-04-11 19:00:00+00	\N	PIA	64100.00	63103.00	IS	\N	105	17	3	0	\N
860	2024-03-25 08:45:00+00	8U71MJ	MUX-DXB	MUHAMMAD AJMAL HAFEEZ SHEIKH	2024-03-28 19:00:00+00	\N	PIA	43966.00	43790.00	IS	\N	62	17	3	0	\N
861	2024-03-25 08:45:00+00	JXLYBR	LHE-RUH-LHE	BASHIR AHMAD	2024-03-31 19:00:00+00	2024-04-26 19:00:00+00	AIR BLUE	89242.00	88766.00	IS	\N	75	11	3	0	\N
862	2024-03-25 08:45:00+00	QKDI0I	DXB-MUX-DXB	SAMI ULLAH	2024-03-30 19:00:00+00	2024-04-29 19:00:00+00	AIR BLUE	115000.00	107924.00	IS	\N	73	11	3	0	\N
865	2024-03-23 09:23:00+00	2ESOFV	MUX DXB	ZAIN ALI	2024-04-10 19:00:00+00	\N	FZ	44550.00	44262.00	IS	\N	36	3	2	0	\N
866	2024-03-25 10:07:00+00	IXVVEO	DXB KHI	YASIR AHMED	2024-03-24 19:00:00+00	\N	FZ	29000.00	28077.00	IS	\N	16	5	2	0	\N
867	2024-03-24 10:13:00+00	63A76R	MUX DXB	WASEEM ABBAS	2024-03-23 19:00:00+00	\N	FZ	58000.00	56950.00	IS	\N	76	5	2	0	\N
869	2024-03-26 10:17:00+00	2VEU3G	MUX JED	MUHAMMAD ABDULLAH	2024-03-27 19:00:00+00	\N	PF	145807.00	145068.00	IS	\N	119	8	2	0	\N
864	2024-03-25 08:45:00+00	YYNMCP	RUH-DXB-MUX	MUHAMMAD ASGHAR	2024-04-25 19:00:00+00	\N	FLY DUBAI	1200.00	700.00	VO	\N	53	9	3	0	\N
870	2024-03-25 11:33:00+00	FPMMKB	RUH-DXB-MUX	MUHAMMAD KHALIL ABDUL GHAFOOR	2024-04-25 19:00:00+00	\N	FLY DUBAI	1200.00	700.00	VO	\N	53	9	3	0	\N
871	2024-03-25 11:33:00+00	CGHXRB	RUH-DXB-MUX	MUHAMMAD BASHIR	2024-04-25 19:00:00+00	\N	FLY DUBAI	1200.00	700.00	VO	\N	53	9	3	0	\N
872	2024-03-25 11:33:00+00	NTJGWR	RUH-DXB-MUX	MUHAMMAD ADNAN	2024-04-25 19:00:00+00	\N	FLY DUBAI	1200.00	700.00	VO	\N	53	9	3	0	\N
873	2024-03-25 11:33:00+00	CGFKLX	RUH-DXB-MUX	MUHAMMAD TARIQ	2024-04-25 19:00:00+00	\N	FLY DUBAI	1200.00	700.00	VO	\N	53	9	3	0	\N
874	2024-03-26 11:41:00+00	2RH0G6	LHE-JED	YASMIN NAZIR	2024-03-31 19:00:00+00	\N	AIR SIAL	85300.00	84131.00	IS	\N	70	10	3	0	\N
875	2024-03-25 11:41:00+00	PAGRXK	LHE-RUH	AHAD ALI	2024-04-07 19:00:00+00	\N	AIR BLUE	72860.00	72129.00	IS	\N	56	11	3	0	\N
876	2024-03-25 11:41:00+00	MOIOOO	JED-DXB	ABDUL REHMAN	2024-04-06 19:00:00+00	\N	FLY DUBAI	1200.00	700.00	VO	\N	62	9	3	0	\N
877	2024-03-26 11:41:00+00	6KPCJ6	KHI-MCT	BAZ MUHAMMAD	2024-04-18 19:00:00+00	\N	SALAM AIR	40249.00	39757.00	IS	\N	129	12	3	0	\N
878	2024-03-26 11:41:00+00	PERJBE	MUX-JED	MUHAMMAD IDREES	2024-04-20 19:00:00+00	\N	AIR BLUE	72936.00	72358.00	IS	\N	48	11	3	0	\N
879	2024-03-26 11:41:00+00	8U7H0A	MUX-JED	HAZOOR BAKHSH	2024-04-11 19:00:00+00	\N	PIA	66592.00	65756.00	IS	\N	48	17	3	0	\N
880	2024-03-26 11:41:00+00	JNRBLE	LHE-RUH	ABDUL REHMAN	2024-04-11 19:00:00+00	\N	AIR BLUE	98200.00	97364.00	IS	\N	70	11	3	0	\N
881	2024-03-27 05:32:00+00	613455744	MUX-SHJ	MUHAMMAD NAWAZ	2024-03-30 19:00:00+00	\N	AIR ARABIA	43851.00	43351.00	IS	\N	48	13	3	0	\N
882	2024-03-27 05:32:00+00	8U87Q0	JED-MUX	MUHAMMAD AYOOOB	2024-04-29 19:00:00+00	\N	PIA	1000.00	300.00	VO	\N	48	25	3	0	\N
883	2024-03-27 05:32:00+00	NZGBTW	LHE-RUH	ALLAH JAWI NOSHEEN	2024-03-31 19:00:00+00	\N	AIR BLUE	72560.00	72129.00	IS	\N	70	11	3	0	\N
884	2024-03-27 05:32:00+00	7D1BG2	MED-DXB-MUX	NAZIRAN MAI	2024-04-29 19:00:00+00	\N	FLY DUBAI	1200.00	700.00	VO	\N	53	25	3	0	\N
888	2024-03-27 05:47:00+00	DALILQ	MUX-DXB-JED, MED-DXB-MUX	MEMOONA KHALID (03007192474)	2024-04-06 19:00:00+00	2024-04-18 19:00:00+00	FLY DUBAI	148856.00	148856.00	IS	\N	73	25	3	0	\N
887	2024-03-26 05:47:00+00	4ZQ5LW	MUX-DXB-JED, MED-DXB-MUX	ALLAH BAKHSH ALLAH DITTA (03007192474)	2024-04-06 19:00:00+00	2024-04-18 19:00:00+00	FLY DUBAI	148856.00	147356.00	IS	\N	73	25	3	0	\N
885	2024-03-26 05:47:00+00	4ZQ5LW	MUX-DXB-JED, MED-DXB-MUX	MUHAMMAD KHALID SIAL (03007192474)	2024-04-06 19:00:00+00	2024-04-18 19:00:00+00	FLY DUBAI	148856.00	147356.00	IS	\N	73	25	3	0	\N
886	2024-03-26 05:47:00+00	4ZQ5LW	MUX-DXB-JED, MED-DXB-MUX	KALSOOM AKHTAR (03007192474)	2024-04-06 19:00:00+00	2024-04-18 19:00:00+00	FLY DUBAI	148856.00	147356.00	IS	\N	73	25	3	0	\N
890	2024-03-27 06:15:00+00	JZMX1U	MUX-DXB-MED	JAFAR HUSSAIN	2024-04-10 19:00:00+00	\N	FLY DUBAI	67902.00	65902.00	IS	\N	109	9	3	0	\N
891	2024-03-26 06:15:00+00	8U6Z72	MUX-JED	MUHAMMAD IDREES	2024-04-20 19:00:00+00	\N	PIA	-71852.00	-73252.00	RF	\N	48	17	3	0	\N
892	2024-03-26 06:51:00+00	8TQ5K6	MUX-JED	MUHAMMAD ISHFAQ	2024-03-21 19:00:00+00	\N	PIA	-61316.00	-66228.00	RF	\N	86	17	3	0	\N
893	2024-03-26 07:09:00+00	TMH6MJ	MUX-JED-MUX	SOHAIL ANJUM	2024-03-27 19:00:00+00	2024-04-24 19:00:00+00	SAUDI ARABIAN AIRLINES	160000.00	142570.00	IS	\N	135	35	3	0	\N
894	2024-03-26 07:09:00+00	TMH6MJ	MUX-JED-MUX	NASREEN SOHAIL	2024-03-27 19:00:00+00	2024-04-24 19:00:00+00	SAUDI ARABIAN AIRLINES	160000.00	142570.00	IS	\N	135	35	3	0	\N
895	2024-03-26 07:09:00+00	TMH6MJ	MUX-JED-MUX	SAKINA MAI	2024-03-27 19:00:00+00	2024-04-24 19:00:00+00	SAUDI ARABIAN AIRLINES	150000.00	142570.00	IS	\N	136	35	3	0	\N
896	2024-03-26 07:09:00+00	TMH6MJ	MUX-JED-MUX	ALLAH DITTA	2024-03-27 19:00:00+00	2024-04-24 19:00:00+00	SAUDI ARABIAN AIRLINES	150000.00	142570.00	IS	\N	136	35	3	0	\N
897	2024-03-27 07:09:00+00	NORQHY	DXB-MUX	MUHAMMAD JUNAID GHAFFAR	2024-03-30 19:00:00+00	\N	AIR BLUE	50568.00	50225.00	IS	\N	62	11	3	0	\N
898	2024-03-28 07:29:00+00	8U8J80	MUX JED	KHALIDA BIBI	2024-03-28 19:00:00+00	\N	PK	79600.00	79049.00	IS	\N	14	2	2	0	\N
900	2024-03-27 09:00:00+00	7CSG84	VOID	MUHAMMAD MAJID (03007192474)	\N	\N	None	0.00	700.00	VO	\N	73	25	3	0	\N
901	2024-03-27 09:00:00+00	7CSG84	VOID	MUZNA BILAL (03007192474)	\N	\N	None	0.00	700.00	VO	\N	73	25	3	0	\N
902	2024-03-27 09:00:00+00	7CSG84	VOID	MUSTAFA MAJID INF (03007192474)	\N	\N	None	0.00	700.00	VO	\N	73	25	3	0	\N
903	2024-03-27 09:00:00+00	8TYLYS	LHE-RUH-JED-MUX	ABDUL RAUF ADIL	2024-04-16 19:00:00+00	\N	PIA	-133200.00	-128133.00	RF	\N	73	17	3	0	\N
904	2024-03-27 09:00:00+00	2ZD30X	MUX-JED-MUX	MUHAMMAD NAUMAN	2024-03-27 19:00:00+00	2024-04-14 19:00:00+00	AIR SIAL	158914.00	156987.00	IS	\N	124	10	3	0	\N
905	2024-03-27 09:48:00+00	N5LUTX	MED-DXB	MUHAMMAD SAJID SIYAL (03007192474)	2024-04-18 19:00:00+00	\N	FLY DUBAI	70669.00	65669.00	IS	\N	73	25	3	0	\N
909	2024-03-27 09:48:00+00	7CR5VJ	MED-DXB	MUSTAFA MAJID INF 03007192474	2024-04-18 19:00:00+00	\N	FLY DUBAI	17115.00	12115.00	IS	\N	73	18	3	0	\N
906	2024-03-27 09:48:00+00	7CR5VJ	MED-DXB	MUHAMMAD MAJID 03007192474	2024-04-18 19:00:00+00	\N	FLY DUBAI	70669.00	65669.00	IS	\N	73	18	3	0	\N
907	2024-03-27 09:48:00+00	7CR5VJ	MED-DXB	MUZNA BILAL 03007192474	2024-04-18 19:00:00+00	\N	FLY DUBAI	70669.00	65669.00	IS	\N	73	18	3	0	\N
908	2024-03-27 09:48:00+00	7CR5VJ	MED-DXB	MIRHA MAJID 03007192474	2024-04-18 19:00:00+00	\N	FLY DUBAI	70669.00	65669.00	IS	\N	73	18	3	0	\N
910	2024-03-28 10:36:00+00	613497001	SHJ MED	MUHAMMAD AWAIS	2024-03-30 19:00:00+00	\N	G9	65180.00	64680.00	IS	\N	37	6	2	0	\N
913	2024-03-27 10:39:00+00	7D8Z0N	VOID	MOHSIN RAZA	2024-05-07 19:00:00+00	\N	FLY DUBAI	1200.00	700.00	VO	\N	55	25	3	0	\N
914	2024-03-28 10:39:00+00	8U8C7B	MUX-MED-JED-MUX	ANAYA ALI CHLD	2024-04-01 19:00:00+00	2024-04-24 19:00:00+00	PIA	115648.00	114997.00	IS	\N	53	17	3	0	\N
915	2024-03-28 10:39:00+00	8U8C7B	MUX-MED-JED-MUX	AHSAN ALI	2024-04-01 19:00:00+00	2024-04-24 19:00:00+00	PIA	144864.00	144063.00	IS	\N	53	17	3	0	\N
916	2024-03-28 10:39:00+00	8U8C7B	MUX-MED-JED-MUX	FATIMA AKRAM BUTT	2024-04-01 19:00:00+00	2024-04-24 19:00:00+00	PIA	144864.00	144063.00	IS	\N	53	17	3	0	\N
917	2024-03-28 10:39:00+00	8U8C7B	MUX-MED-JED-MUX	MUHAMMAD ALI INF	2024-04-01 19:00:00+00	2024-04-24 19:00:00+00	PIA	18290.00	17950.00	IS	\N	53	17	3	0	\N
918	2024-03-28 10:39:00+00	7AA7S8	MUX-DXB-JED	NAYYAR ABBAS	2024-04-06 19:00:00+00	\N	FLY DUBAI	54975.00	54675.00	IS	\N	53	9	3	0	\N
919	2024-03-28 10:39:00+00	8U8PYQ	OK TO BOARD CHARGES	REHMATULLAH MUHAMMAD ALI	2024-04-20 19:00:00+00	\N	PIA	1000.00	0.00	IS	\N	48	25	3	0	\N
920	2024-03-28 10:39:00+00	8U8PYQ	OK TO BOARD CHARGES	AHMAD DIN	2024-04-20 19:00:00+00	\N	PIA	1000.00	0.00	IS	\N	48	25	3	0	\N
921	2024-03-28 10:39:00+00	8U8PYQ	OK TO BOARD CHARGES	MAZAR KHAN	2024-04-20 19:00:00+00	\N	PIA	1000.00	0.00	IS	\N	48	25	3	0	\N
922	2024-03-28 10:39:00+00	V9K7XF	ISB-JED	JAVED IQBAL	2024-04-06 19:00:00+00	\N	SERENE AIR	57983.00	57483.00	IS	\N	127	25	3	0	\N
923	2024-03-28 10:39:00+00	V9K7XF	ISB-JED	PARVEEN BIBI	2024-04-06 19:00:00+00	\N	SERENE AIR	57983.00	57483.00	IS	\N	127	25	3	0	\N
924	2024-03-28 10:39:00+00	V9K7XF	ISB-JED	ALLAH NAWAZ	2024-04-06 19:00:00+00	\N	SERENE AIR	57983.00	57483.00	IS	\N	127	25	3	0	\N
925	2024-03-28 10:39:00+00	V9K7XF	ISB-JED	HAMIDAN MAI	2024-04-06 19:00:00+00	\N	SERENE AIR	57983.00	57483.00	IS	\N	127	25	3	0	\N
926	2024-03-28 10:39:00+00	7DG763	JED-ISB	JAVED IQBAL	2024-05-01 19:00:00+00	\N	SAUDI ARABIAN AIRLINES	51522.00	50422.00	IS	\N	127	25	3	0	\N
927	2024-03-28 10:39:00+00	7DG763	JED-ISB	PARVEEN BIBI	2024-05-01 19:00:00+00	\N	SAUDI ARABIAN AIRLINES	51522.00	50422.00	IS	\N	127	25	3	0	\N
928	2024-03-28 10:39:00+00	7DG96R	JED-ISB	ALLAH NAWAZ	2024-05-01 19:00:00+00	\N	SAUDI ARABIAN AIRLINES	51522.00	50422.00	IS	\N	127	25	3	0	\N
929	2024-03-28 10:39:00+00	7DG96R	JED-ISB	HAMIDAN MAI	2024-05-01 19:00:00+00	\N	SAUDI ARABIAN AIRLINES	51522.00	50422.00	IS	\N	127	25	3	0	\N
930	2024-03-28 10:39:00+00	YLO4XB	MUX-DXB	ABDUL KHALIQ YOUSAF MUHAMMAD	2024-04-12 19:00:00+00	\N	FLY DUBAI	67590.00	67290.00	IS	\N	53	9	3	0	\N
931	2024-03-28 10:39:00+00	33AZCK	MUX-JED	IQRA NAZAR	2024-04-07 19:00:00+00	\N	AIR SIAL	60972.00	60526.00	IS	\N	124	10	3	0	\N
932	2024-03-28 10:39:00+00	33AZCK	MUX-JED	MUHAMMAD NOMAN	2024-04-07 19:00:00+00	\N	AIR SIAL	60972.00	60526.00	IS	\N	124	10	3	0	\N
912	2024-03-27 10:39:00+00	7D8Y8D	VOID	MUHAMMAD IZHAR	2024-05-07 19:00:00+00	\N	FLY DUBAI	1200.00	700.00	VO	\N	55	25	3	0	\N
933	2024-03-27 11:37:00+00	7D8Y8D	VOID	MUHAMMAD ZEESHAN	2024-05-07 19:00:00+00	\N	FLY DUBAI	1200.00	700.00	VO	\N	55	25	3	0	\N
934	2024-03-27 11:37:00+00	7D8Y8D	VOID	ALI HAIDER	2024-05-07 19:00:00+00	\N	FLY DUBAI	1200.00	700.00	VO	\N	55	25	3	0	\N
911	2024-03-27 10:39:00+00	7D19WG	VOID	SAJJAN AMEEN	2024-05-19 19:00:00+00	\N	FLY DUBAI	1200.00	700.00	VO	\N	52	25	3	0	\N
935	2024-03-27 11:46:00+00	7D19WG	VOID	HUMAIRA SAJJAN AMEEN	2024-05-19 19:00:00+00	\N	FLY DUBAI	1200.00	700.00	VO	\N	52	25	3	0	\N
936	2024-03-23 11:46:00+00	2JKNSV	MUX JED	ALLAH NAWAZ	2024-04-13 19:00:00+00	\N	PF	75500.00	74307.00	IS	\N	5	8	2	0	\N
937	2024-03-27 11:46:00+00	7D19WG	VOID	JOY DANIEL CHLD	2024-05-19 19:00:00+00	\N	FLY DUBAI	1200.00	700.00	VO	\N	52	25	3	0	\N
939	2024-03-24 11:46:00+00	8U6C3D	DXB LHE	JASPER ZULFIQAR	\N	\N	PK	1000.00	200.00	VO	\N	101	40	2	0	\N
938	2024-03-24 11:46:00+00	8U64UN	SHJ MUX	MAJEED UR REHMAN *2	\N	\N	PK	2000.00	400.00	VO	\N	7	40	2	0	\N
940	2024-03-24 11:50:00+00	8U6ED6	DXB LLHE	JASPER ZULFIQAR	\N	\N	PK	1000.00	200.00	VO	\N	101	40	2	0	\N
941	2024-03-24 11:50:00+00	8U68HE	MUX SHJ	ABDUL AZIZ SALEEM	2024-03-23 19:00:00+00	\N	PK	67000.00	63598.00	IS	\N	47	22	2	0	\N
942	2024-03-24 11:50:00+00	8U678L	KHI DXB	MARIA MASHOOQ	2024-03-25 19:00:00+00	\N	PK	37374.00	35263.00	IS	\N	22	22	2	0	\N
943	2024-03-24 11:50:00+00	2NJ0BX	JED MUX	SAIF UR RAHMAN IQBAL HUSSAIN	2024-03-27 19:00:00+00	\N	PF	31809.00	31492.00	IS	\N	37	8	2	0	\N
944	2024-03-24 11:50:00+00	7C5S95	RUH MUX	FARWA KOUSAR *2	\N	\N	FZ	3000.00	1400.00	VO	\N	22	3	2	0	\N
945	2024-03-28 07:36:00+00	33BCZE	JED-MUX	ABDUL RAHIM	2024-04-02 19:00:00+00	\N	AIR SIAL	59618.00	58517.00	IS	\N	48	10	3	0	\N
946	2024-03-28 07:36:00+00	4RPI7M	UET-DXB	NOOR BAKHSH	2024-04-14 19:00:00+00	\N	FLY DUBAI	63600.00	63100.00	IS	\N	48	9	3	0	\N
863	2024-03-23 09:23:00+00	7C1YTZ	MUX JED	SALMAN SHABBIR	2024-03-29 19:00:00+00	\N	SV	91000.00	87352.50	IS	\N	3	3	2	0	\N
947	2024-03-18 07:45:00+00	726ZG9	MUX/JED	MUHAMMAD ASIM	\N	\N		-75896.25	-75896.25	RF	\N	19	3	2	0	\N
948	2024-03-29 07:36:00+00	8U9ER0	MUX-KHI-DXB	MUHAMMAD UMAR RAZA 03066994996	2024-04-21 19:00:00+00	\N	PIA	68000.00	66691.00	IS	\N	73	17	3	0	\N
949	2024-03-29 07:36:00+00	33B8PU	JED-KHI	SAFDAR HUSSAIN	2024-03-29 19:00:00+00	\N	AIR SIAL	22764.00	22606.00	IS	\N	124	10	3	0	\N
950	2024-03-29 07:36:00+00	33B8PU	JED-KHI	HANIFA MAI	2024-03-29 19:00:00+00	\N	AIR SIAL	22764.00	22606.00	IS	\N	124	10	3	0	\N
952	2024-03-24 07:45:00+00	7C5QDB	MUX JED	SULTAN ALI	2024-03-29 19:00:00+00	\N	GF	76400.00	74565.00	IS	\N	5	3	2	0	\N
953	2024-03-29 07:36:00+00	33B8PU	JED-KHI	ZAINAB BIBI INF	2024-03-29 19:00:00+00	\N	AIR SIAL	1508.00	1492.00	IS	\N	124	10	3	0	\N
954	2024-03-29 08:11:00+00	MUU1O5	MUX-MCT	ADNAN ALI	2024-04-05 19:00:00+00	\N	SALAM AIR	44500.00	43602.00	IS	\N	137	12	3	0	\N
955	2024-03-24 07:45:00+00	7C6LR6	JED KHI	MUHAMMAD HABIB ULLAH	\N	\N	FZ	1000.00	700.00	VO	\N	25	3	2	0	\N
956	2024-03-24 07:45:00+00	7C6NLJ	7C6NLJ	WASEEM ABBAS	\N	\N	FZ	1500.00	700.00	IS	\N	76	3	2	0	\N
957	2024-03-29 07:45:00+00	7CMB68	DMM/DXB/SKT	MUHAMMAD SALMAN	\N	\N	FZ	0.00	700.00	VO	\N	45	3	2	0	\N
958	2024-03-26 07:45:00+00	7CQ951	MED MUX	SANAM BIBI *2	\N	\N	FZ	3000.00	1400.00	VO	\N	14	3	2	0	\N
959	2024-03-26 07:45:00+00	7CQCX0	RUH MUX	ZAVIYAAR IHSAN*3	\N	\N	FZ	2100.00	4500.00	VO	\N	22	3	2	0	\N
960	2024-03-28 09:50:00+00	PLFWVP	LHE-SHJ	SHARJEEL MUNIR	2024-04-02 19:00:00+00	\N	AIR BLUE	37818.00	37632.00	IS	\N	70	11	3	0	\N
961	2024-03-28 09:50:00+00	8U96KD	MUX-SHJ	MUHAMMAD AMEER NAWAZ	2024-03-30 19:00:00+00	\N	PIA	33190.00	32770.00	IS	\N	129	17	3	0	\N
962	2024-03-29 09:50:00+00	613507347	MUX-SHJ-TIF	MUHAMMAD AZEEM	2024-05-03 19:00:00+00	\N	AIR ARABIA	80563.00	79932.00	IS	\N	48	13	3	0	\N
963	2024-03-29 09:50:00+00	8U9HN7	JED-MUX	AHMAD BAKHSH	2024-04-25 19:00:00+00	\N	PIA	1000.00	300.00	VO	\N	48	25	3	0	\N
964	2024-03-29 09:50:00+00	8U9HN7	JED-MUX	FNU ROZY	2024-04-25 19:00:00+00	\N	PIA	1000.00	300.00	VO	\N	48	25	3	0	\N
965	2024-03-29 09:50:00+00	8U9HN7	JED-MUX	FAIZ MUHAMMAD	2024-04-25 19:00:00+00	\N	PIA	1000.00	300.00	VO	\N	48	25	3	0	\N
966	2024-03-29 09:50:00+00	8U9YFK	MUX-JED	SHAKEEL AHMAD	2024-05-03 19:00:00+00	\N	PIA	74215.00	73881.00	IS	\N	110	17	3	0	\N
968	2024-03-12 11:19:00+00	8TTK3B	MUX RUH	KHALID MAHMOOD	2024-04-20 19:00:00+00	\N	PK	77150.00	76635.00	IS	\N	6	2	2	0	\N
967	2024-03-27 09:50:00+00	R79EQ8	MUX-JED-MUX	AYESHA NAWAZ	2024-03-30 19:00:00+00	2024-04-19 19:00:00+00	SAUDI ARABIAN AIRLINES	145000.00	129368.00	IS	\N	134	36	3	0	\N
969	2024-03-27 09:50:00+00	R79EQ8	MUX-JED-MUX	KALEEM ULLAH	2024-03-30 19:00:00+00	2024-04-19 19:00:00+00	SAUDI ARABIAN AIRLINES	145000.00	129368.00	IS	\N	134	36	3	0	\N
971	2024-03-27 09:50:00+00	R79EQ8	MUX-JED-MUX	RAB NAWAZ	2024-03-30 19:00:00+00	2024-04-19 19:00:00+00	SAUDI ARABIAN AIRLINES	145000.00	129368.00	IS	\N	134	36	3	0	\N
972	2024-03-27 09:50:00+00	R79EQ8	MUX-JED-MUX	SHAMIM BIBI	2024-03-30 19:00:00+00	2024-04-19 19:00:00+00	SAUDI ARABIAN AIRLINES	145000.00	129368.00	IS	\N	134	36	3	0	\N
973	2024-03-29 11:58:00+00	UWHMNO	AUH-LHE	ARSLAN AZHAR	2024-04-11 19:00:00+00	\N	AIR BLUE	34620.00	34107.00	IS	\N	110	11	3	0	\N
974	2024-03-29 11:58:00+00	AMUMIA	AUH-LHE	ZAFAR IQBAL	2024-04-11 19:00:00+00	\N	AIR BLUE	26430.00	25989.00	IS	\N	110	11	3	0	\N
975	2024-03-29 11:58:00+00	8TCLSZ	JED-MUX	SALEM DIL JAAN	2024-04-24 19:00:00+00	\N	PIA	3692.00	1192.00	RI	\N	48	17	3	0	\N
976	2024-03-29 11:58:00+00	8TCLSZ	JED-MUX	RASTI MAI	2024-04-24 19:00:00+00	\N	PIA	3692.00	1192.00	RI	\N	48	17	3	0	\N
977	2024-03-29 05:16:00+00	KNBK92	DXB-MCT-MUX	MUHAMMAD AJMAL HAFEEZ SHEIKH	2024-03-31 19:00:00+00	\N	SALAM AIR	52178.00	51878.00	IS	\N	62	12	3	0	\N
978	2024-03-27 07:06:00+00	R79EQ8	MUX-JED-MUX	TASLEEM BIBI	2024-03-30 19:00:00+00	2024-04-19 19:00:00+00	SAUDI ARABIAN AIRLINES	145000.00	129368.00	IS	\N	66	36	3	0	\N
979	2024-03-27 07:06:00+00	R79EQ8	MUX-JED-MUX	MUHAMMAD TAHIR	2024-03-30 19:00:00+00	2024-04-19 19:00:00+00	SAUDI ARABIAN AIRLINES	145000.00	129368.00	IS	\N	66	36	3	0	\N
980	2024-03-27 07:06:00+00	R79EQ8	MUX-JED-MUX	MUHAMMAD ZIA ATTA ILAHI	2024-03-30 19:00:00+00	2024-04-19 19:00:00+00	SAUDI ARABIAN AIRLINES	145000.00	129368.00	IS	\N	66	36	3	0	\N
981	2024-03-27 07:06:00+00	R79EQ8	MUX-JED-MUX	AQEELA ZIA	2024-03-30 19:00:00+00	2024-04-19 19:00:00+00	SAUDI ARABIAN AIRLINES	145000.00	129368.00	IS	\N	66	36	3	0	\N
982	2024-03-27 07:06:00+00	R79EQ8	MUX-JED-MUX	ZAHOORAN BIBI	2024-03-30 19:00:00+00	2024-04-19 19:00:00+00	SAUDI ARABIAN AIRLINES	145000.00	129368.00	IS	\N	66	36	3	0	\N
983	2024-03-27 07:06:00+00	R79EQ8	MUX-JED-MUX	MADAD ALI	2024-03-30 19:00:00+00	2024-04-19 19:00:00+00	SAUDI ARABIAN AIRLINES	145000.00	129368.00	IS	\N	66	36	3	0	\N
984	2024-03-27 07:34:00+00	R79EQ8	MUX-JED-MUX	SHAGUFTA RANI	2024-03-30 19:00:00+00	2024-04-19 19:00:00+00	SAUDI ARABIAN AIRLINES	160000.00	129368.00	IS	\N	50	36	3	0	\N
985	2024-03-27 07:49:00+00	R79EQ8	MUX-JED-MUX	MUHAMMAD ALI	2024-03-30 19:00:00+00	2024-04-19 19:00:00+00	SAUDI ARABIAN AIRLINES	145000.00	129368.00	IS	\N	138	36	3	0	\N
986	2024-03-27 07:57:00+00	R79EQ8	MUX-JED-MUX	GHULAM HUSSAIN	2024-03-30 19:00:00+00	2024-04-19 19:00:00+00	SAUDI ARABIAN AIRLINES	145000.00	129368.00	IS	\N	139	36	3	0	\N
987	2024-03-27 07:57:00+00	R79EQ8	MUX-JED-MUX	SYED MEHBOOB AHMAD GILLANI	2024-03-30 19:00:00+00	2024-04-19 19:00:00+00	SAUDI ARABIAN AIRLINES	145000.00	129368.00	IS	\N	139	36	3	0	\N
988	2024-03-27 07:57:00+00	R79EQ8	MUX-JED-MUX	MUHAMMAD AQIB	2024-03-30 19:00:00+00	2024-04-19 19:00:00+00	SAUDI ARABIAN AIRLINES	145000.00	129368.00	IS	\N	139	36	3	0	\N
989	2024-03-27 08:08:00+00	R79EQ8	MUX-JED-MUX	ISRAR AHMAD	2024-03-30 19:00:00+00	2024-04-19 19:00:00+00	SAUDI ARABIAN AIRLINES	145000.00	129368.00	IS	\N	54	36	3	0	\N
990	2024-03-27 08:08:00+00	R79EQ8	MUX-JED-MUX	HAFIZ MUHAMMAD BAKHSH	2024-03-30 19:00:00+00	2024-04-19 19:00:00+00	SAUDI ARABIAN AIRLINES	145000.00	129368.00	IS	\N	81	36	3	0	\N
991	2024-03-27 08:18:00+00	R79EQ8	MUX-JED-MUX	LALAAN MAI	2024-03-30 19:00:00+00	2024-04-19 19:00:00+00	SAUDI ARABIAN AIRLINES	145000.00	129368.00	IS	\N	140	36	3	0	\N
992	2024-03-27 09:03:00+00	R79EQ8	MUX-JED-MUX	MUHAMMAD MUSA MAJEEDAN	2024-03-30 19:00:00+00	2024-04-19 19:00:00+00	SAUDI ARABIAN AIRLINES	145000.00	129368.00	IS	\N	141	36	3	0	\N
993	2024-03-27 09:03:00+00	R79EQ8	MUX-JED-MUX	HANIFAN BIBI	2024-03-30 19:00:00+00	2024-04-19 19:00:00+00	SAUDI ARABIAN AIRLINES	145000.00	129368.00	IS	\N	141	36	3	0	\N
994	2024-03-29 09:32:00+00	U8ZC83	MUX-JED-MUX	PARVEEN AKHTAR	2024-03-31 19:00:00+00	2024-04-24 19:00:00+00	SAUDI ARABIAN AIRLINES	145000.00	138899.00	IS	\N	134	36	3	0	\N
995	2024-03-29 09:32:00+00	U8ZC83	MUX-JED-MUX	PAKEEZA MUNEER	2024-03-31 19:00:00+00	2024-04-24 19:00:00+00	SAUDI ARABIAN AIRLINES	145000.00	138899.00	IS	\N	134	36	3	0	\N
996	2024-03-29 09:32:00+00	U8ZC83	MUX-JED-MUX	MUNEER AHMAD SHAHID	2024-03-31 19:00:00+00	2024-04-24 19:00:00+00	SAUDI ARABIAN AIRLINES	145000.00	138899.00	IS	\N	134	36	3	0	\N
997	2024-03-29 09:32:00+00	U8ZC83	MUX-JED-MUX	HASEENA BIBI	2024-03-31 19:00:00+00	2024-04-24 19:00:00+00	SAUDI ARABIAN AIRLINES	145000.00	138899.00	IS	\N	134	36	3	0	\N
998	2024-03-29 09:32:00+00	U8ZC83	MUX-JED-MUX	SYED MUHAMMAD HUSSNAIN GILLANI	2024-03-31 19:00:00+00	2024-04-24 19:00:00+00	SAUDI ARABIAN AIRLINES	145000.00	138899.00	IS	\N	134	36	3	0	\N
999	2024-03-29 09:32:00+00	U8ZC83	MUX-JED-MUX	SYED JAWAD AHMAD GILLANI	2024-03-31 19:00:00+00	2024-04-24 19:00:00+00	SAUDI ARABIAN AIRLINES	145000.00	138899.00	IS	\N	134	36	3	0	\N
1000	2024-03-29 09:32:00+00	U8ZC83	MUX-JED-MUX	NOUREEN FATIMA	2024-03-31 19:00:00+00	2024-04-24 19:00:00+00	SAUDI ARABIAN AIRLINES	145000.00	138899.00	IS	\N	134	36	3	0	\N
1001	2024-03-29 09:32:00+00	U8ZC83	MUX-JED-MUX	SYED NAJMA GILANI	2024-03-31 19:00:00+00	2024-04-24 19:00:00+00	SAUDI ARABIAN AIRLINES	145000.00	138899.00	IS	\N	134	36	3	0	\N
1002	2024-03-29 09:32:00+00	U8ZC83	MUX-JED-MUX	MUHAMMAD ASLAM	2024-03-31 19:00:00+00	2024-04-24 19:00:00+00	SAUDI ARABIAN AIRLINES	145000.00	138899.00	IS	\N	134	36	3	0	\N
1003	2024-03-29 09:32:00+00	U8ZC83	MUX-JED-MUX	SYEDA RIFFAT GILANI	2024-03-31 19:00:00+00	2024-04-24 19:00:00+00	SAUDI ARABIAN AIRLINES	145000.00	138899.00	IS	\N	134	36	3	0	\N
1004	2024-03-29 09:32:00+00	U8ZC83	MUX-JED-MUX	RAZIA BIBI	2024-03-31 19:00:00+00	2024-04-24 19:00:00+00	SAUDI ARABIAN AIRLINES	145000.00	138899.00	IS	\N	134	36	3	0	\N
1005	2024-03-29 09:32:00+00	U8ZC83	MUX-JED-MUX	FARZANA SHAHEEN	2024-03-31 19:00:00+00	2024-04-24 19:00:00+00	SAUDI ARABIAN AIRLINES	145000.00	138899.00	IS	\N	134	36	3	0	\N
1006	2024-03-29 09:32:00+00	U8ZC83	MUX-JED-MUX	MAQSOOD MAI	2024-03-31 19:00:00+00	2024-04-24 19:00:00+00	SAUDI ARABIAN AIRLINES	145000.00	138899.00	IS	\N	134	36	3	0	\N
1007	2024-03-29 09:32:00+00	U8ZC83	MUX-JED-MUX	ABDUL MALIK	2024-03-31 19:00:00+00	2024-04-24 19:00:00+00	SAUDI ARABIAN AIRLINES	145000.00	138899.00	IS	\N	134	36	3	0	\N
1008	2024-03-29 09:32:00+00	U8ZC83	MUX-JED-MUX	MASHAL FATIMA	2024-03-31 19:00:00+00	2024-04-24 19:00:00+00	SAUDI ARABIAN AIRLINES	125000.00	109334.00	IS	\N	134	36	3	0	\N
1009	2024-03-29 09:32:00+00	U8ZC83	MUX-JED-MUX	AMNAN MAI	2024-03-31 19:00:00+00	2024-04-24 19:00:00+00	SAUDI ARABIAN AIRLINES	141500.00	138577.00	IS	\N	134	36	3	0	\N
1010	2024-03-29 09:32:00+00	U8ZC83	MUX-JED-MUX	MUHAMMAD AFZAL	2024-03-31 19:00:00+00	2024-04-24 19:00:00+00	SAUDI ARABIAN AIRLINES	141500.00	138577.00	IS	\N	134	36	3	0	\N
1011	2024-03-29 09:32:00+00	U8ZC83	MUX-JED-MUX	MUHAMMAD KAMRAN	2024-03-31 19:00:00+00	2024-04-24 19:00:00+00	SAUDI ARABIAN AIRLINES	145000.00	138577.00	IS	\N	81	36	3	0	\N
1012	2024-03-29 09:32:00+00	U8ZC83	MUX-JED-MUX	MEHMOODA PARVEEN	2024-03-31 19:00:00+00	2024-04-24 19:00:00+00	SAUDI ARABIAN AIRLINES	145000.00	138577.00	IS	\N	81	36	3	0	\N
1013	2024-03-29 09:32:00+00	U8ZC83	MUX-JED-MUX	ARZO MUBEEN	2024-03-31 19:00:00+00	2024-04-24 19:00:00+00	SAUDI ARABIAN AIRLINES	145000.00	138577.00	IS	\N	81	36	3	0	\N
1014	2024-03-29 09:32:00+00	U8ZC83	MUX-JED-MUX	MUHAMMAD YAMEEN	2024-03-31 19:00:00+00	2024-04-24 19:00:00+00	SAUDI ARABIAN AIRLINES	145000.00	138577.00	IS	\N	81	36	3	0	\N
1015	2024-03-29 09:32:00+00	U8ZC83	MUX-JED-MUX	MUHAMMAD AMIR	2024-03-31 19:00:00+00	2024-04-24 19:00:00+00	SAUDI ARABIAN AIRLINES	145000.00	138577.00	IS	\N	81	36	3	0	\N
1016	2024-03-29 09:32:00+00	U8ZC83	MUX-JED-MUX	HAFIZ ABU SUFYAN	2024-03-31 19:00:00+00	2024-04-24 19:00:00+00	SAUDI ARABIAN AIRLINES	145000.00	138577.00	IS	\N	81	36	3	0	\N
1017	2024-03-29 09:32:00+00	U8ZC83	MUX-JED-MUX	MUHAMMAD ADNAN	2024-03-31 19:00:00+00	2024-04-24 19:00:00+00	SAUDI ARABIAN AIRLINES	145000.00	138577.00	IS	\N	81	36	3	0	\N
1018	2024-03-29 09:32:00+00	U8ZC83	MUX-JED-MUX	LAIBA MALIK	2024-03-31 19:00:00+00	2024-04-24 19:00:00+00	SAUDI ARABIAN AIRLINES	145000.00	138577.00	IS	\N	81	36	3	0	\N
1019	2024-03-29 09:32:00+00	U8ZC83	MUX-JED-MUX	SIFFAT BIBI	2024-03-31 19:00:00+00	2024-04-24 19:00:00+00	SAUDI ARABIAN AIRLINES	145000.00	138577.00	IS	\N	81	36	3	0	\N
1020	2024-03-29 09:32:00+00	U8ZC83	MUX-JED-MUX	GHULAM YASIN	2024-03-31 19:00:00+00	2024-04-24 19:00:00+00	SAUDI ARABIAN AIRLINES	145000.00	138577.00	IS	\N	81	36	3	0	\N
1021	2024-03-29 09:32:00+00	U8ZC83	MUX-JED-MUX	MUHAMMAD HASNAIN MUAVIA	2024-03-31 19:00:00+00	2024-04-24 19:00:00+00	SAUDI ARABIAN AIRLINES	145000.00	138577.00	IS	\N	97	36	3	0	\N
1022	2024-03-29 09:32:00+00	U8ZC83	MUX-JED-MUX	UMME KALSOOM	2024-03-31 19:00:00+00	2024-04-24 19:00:00+00	SAUDI ARABIAN AIRLINES	145000.00	138577.00	IS	\N	97	36	3	0	\N
1023	2024-03-29 09:32:00+00	U8ZC83	MUX-JED-MUX	FATIMA TUL ZAHRA	2024-03-31 19:00:00+00	2024-04-24 19:00:00+00	SAUDI ARABIAN AIRLINES	145000.00	138577.00	IS	\N	97	36	3	0	\N
1024	2024-03-30 11:39:00+00	8UA0JJ	SKT-DXB-SKT	MUHAMMAD FAYYAZ	2024-04-01 19:00:00+00	2024-06-15 19:00:00+00	PIA	64728.00	64297.00	IS	\N	70	17	3	0	\N
1025	2024-03-30 11:39:00+00	ODIGPY	MUX-JED-MUX	MUHAMMAD JAN LEGHARI	2024-03-31 19:00:00+00	2024-04-06 19:00:00+00	AIR BLUE	169840.00	163449.00	IS	\N	105	11	3	0	\N
1026	2024-03-29 11:39:00+00	NRBPRL	MUX-SHJ	MUHAMMAD BALAKH SHER	2024-04-05 19:00:00+00	\N	AIR BLUE	41990.00	41393.00	IS	\N	48	11	3	0	\N
1027	2024-03-30 11:39:00+00	QDFEXO	MUX-SHJ	BALACH KHAN	2024-04-02 19:00:00+00	\N	AIR BLUE	38330.00	37913.00	IS	\N	48	11	3	0	\N
1028	2024-03-30 11:39:00+00	QDFEXO	MUX-SHJ	MUHAMMAD RAMZAN	2024-04-02 19:00:00+00	\N	AIR BLUE	38330.00	37913.00	IS	\N	48	11	3	0	\N
1029	2024-03-29 11:59:00+00	7DTXD1	DXB-MUX	IFTIKHAR AHMAD	2024-04-17 19:00:00+00	\N	FLY DUBAI	1200.00	700.00	VO	\N	142	25	3	0	\N
1030	2024-03-29 11:59:00+00	7DTXD1	DXB-MUX	ALI HASSNAIN	2024-04-17 19:00:00+00	\N	FLY DUBAI	1200.00	700.00	VO	\N	142	25	3	0	\N
1031	2024-03-29 11:59:00+00	TQUHTS	DXB-KHI	ALIYA ZAIBI	2024-04-11 19:00:00+00	\N	AIR BLUE	26820.00	26379.00	IS	\N	141	11	3	0	\N
1032	2024-03-30 11:59:00+00	8UA1FG	JED-MUX	MUHAMMAD QASIM	2024-04-25 19:00:00+00	\N	PIA	0.00	300.00	VO	\N	73	25	3	0	\N
1033	2024-03-30 11:59:00+00	RH6KHW	MUX-DXB-JED	NAZIK HUSSAIN	2024-04-09 19:00:00+00	\N	FLY DUBAI	55120.00	54619.00	IS	\N	112	9	3	0	\N
1034	2024-03-30 11:59:00+00	PFAFVL	DXB-MUX	MUHAMMAD SHAN	2024-04-11 19:00:00+00	\N	AIR BLUE	31068.00	30896.00	IS	\N	128	11	3	0	\N
1035	2024-03-30 11:59:00+00	7DXJZW	LHE-KUL	RAHEEL ABBAS KALROO	2024-04-01 19:00:00+00	\N	MALINDO AIRWAYS	84913.00	83913.00	IS	\N	50	25	3	0	\N
1036	2024-03-29 11:59:00+00	7DQL5Z	DXB-MUX	NAEEM BABAR	2024-05-08 19:00:00+00	\N	FLY DUBAI	1200.00	700.00	VO	\N	50	25	3	0	\N
1037	2024-03-30 11:59:00+00	LQ4DO7	MUX-DXB-RUH	MUHAMMAD DILAWER	2024-03-31 19:00:00+00	\N	FLY DUBAI	55000.00	54619.00	IS	\N	53	9	3	0	\N
1039	2024-03-29 08:41:00+00	SL7UM4	MUX-JED-MUX	TAHIRA PARVEEN	2024-04-15 19:00:00+00	2024-05-04 19:00:00+00	SAUDI ARABIAN AIRLINES	135000.00	133000.00	IS	\N	50	41	3	0	\N
1040	2024-03-29 08:41:00+00	SL7UM4	MUX-JED-MUX	MUHAMMAD SAFDAR ALI	2024-04-15 19:00:00+00	2024-05-04 19:00:00+00	SAUDI ARABIAN AIRLINES	135000.00	133000.00	IS	\N	50	41	3	0	\N
1041	2024-03-30 11:40:00+00	FBEZPN	MUX-DXB-MUX	MUHAMMAD WASEEM	2024-03-28 19:00:00+00	2024-04-25 19:00:00+00	AIR BLUE	65000.00	57206.00	IS	\N	73	11	3	0	\N
1042	2024-03-30 11:40:00+00	JHTJBD	MUX-JED-MUX	SALMA KAUSAR	2024-04-05 19:00:00+00	2024-04-19 19:00:00+00	AIR BLUE	139782.00	139042.00	IS	\N	53	11	3	0	\N
1043	2024-03-31 11:40:00+00	TOWQHN	SHJ-MUX	MUHAMMAD BILAL	2024-03-31 19:00:00+00	\N	AIR BLUE	55380.00	54995.00	IS	\N	70	11	3	0	\N
1044	2024-03-30 11:40:00+00	DEUHEV	MUX-DXB	SYED SHAHZAD ALI	2024-04-10 19:00:00+00	\N	FLY DUBAI	46350.00	46040.00	IS	\N	50	9	3	0	\N
1045	2024-03-30 11:40:00+00	7DYFVB	JED-MUX	MUHAMMAD SARFRAZ	2024-04-11 19:00:00+00	\N	SAUDI ARABIAN AIRLINES	63701.00	62601.00	IS	\N	59	25	3	0	\N
1046	2024-03-30 11:59:00+00	8UA8RK	MUX-JED	MUHAMMAD ANSAR	2024-04-05 19:00:00+00	\N	PIA	68769.00	68467.00	IS	\N	53	17	3	0	\N
1047	2024-03-31 11:59:00+00	8UAL8L	SHJ-MUX	ABDUL SAMAD	2024-05-04 19:00:00+00	\N	PIA	1000.00	300.00	VO	\N	48	25	3	0	\N
1048	2024-03-31 11:59:00+00	7F44K3	RUH-DXB-MUX	MUHAMMAD DILAWER	2024-05-04 19:00:00+00	\N	FLY DUBAI	1200.00	700.00	VO	\N	53	25	3	0	\N
1049	2024-03-30 11:59:00+00	7F07FM	KHI-JED	GHULAM YASIN	2024-04-07 19:00:00+00	\N	FLY NAS	45455.00	44492.00	IS	\N	72	25	3	0	\N
1050	2024-03-30 11:59:00+00	613541717	MUX-SHJ-MED	KHURRAM SHAHZAD	2024-04-21 19:00:00+00	\N	AIR ARABIA	84520.00	84007.00	IS	\N	86	13	3	0	\N
1051	2024-03-31 11:59:00+00	ZLTASB	MUX-JED-MUX	SALMAN AMIN	2024-04-05 19:00:00+00	2024-04-19 19:00:00+00	AIR BLUE	132322.00	131634.00	IS	\N	53	11	3	0	\N
1052	2024-03-31 11:59:00+00	ZLTASB	MUX-JED-MUX	MUHAMMAD AMIR	2024-04-05 19:00:00+00	2024-04-19 19:00:00+00	AIR BLUE	132322.00	131634.00	IS	\N	53	11	3	0	\N
1053	2024-03-31 11:59:00+00	ZLTASB	MUX-JED-MUX	SAIMA KANWAL	2024-04-05 19:00:00+00	2024-04-19 19:00:00+00	AIR BLUE	132322.00	131634.00	IS	\N	53	11	3	0	\N
1054	2024-03-31 11:59:00+00	ZLTASB	MUX-JED-MUX	HAFIZA ANAM	2024-04-05 19:00:00+00	2024-04-19 19:00:00+00	AIR BLUE	132322.00	131634.00	IS	\N	53	11	3	0	\N
1055	2024-03-31 11:59:00+00	ZLTASB	MUX-JED-MUX	ZAHRA FATIMA	2024-04-05 19:00:00+00	2024-04-19 19:00:00+00	AIR BLUE	132322.00	131634.00	IS	\N	53	11	3	0	\N
1056	2024-03-31 11:59:00+00	ZLTASB	MUX-JED-MUX	MUHAMMAD ISMAIL	2024-04-05 19:00:00+00	2024-04-19 19:00:00+00	AIR BLUE	14226.00	14126.00	IS	\N	53	11	3	0	\N
1057	2024-03-30 08:17:00+00	ETKTFU	MUX-JED-MUX	MUHAMMAD ESA	2024-03-30 19:00:00+00	2024-04-18 19:00:00+00	AIR BLUE	14028.00	14028.00	RF	\N	73	11	3	0	\N
1058	2024-04-01 09:06:00+00	506U4V	MUX-JED-MUX	ABDUL HAFEEZ KHAR	2024-03-31 19:00:00+00	2024-04-19 19:00:00+00	AIR SIAL	144015.00	141761.00	IS	\N	143	10	3	0	\N
1059	2024-04-01 09:06:00+00	LKNSTK	LHE-RUH	MUHAMMAD IRFAN	2024-04-07 19:00:00+00	\N	AIR BLUE	45960.00	45763.00	IS	\N	70	11	3	0	\N
1060	2024-04-01 09:06:00+00	LKNSTK	LHE-RUH	MUHAMMAD SHAHID	2024-04-07 19:00:00+00	\N	AIR BLUE	45960.00	45763.00	IS	\N	70	11	3	0	\N
1061	2024-04-01 09:06:00+00	RJTQHN	MUX-JED	ABDUL BASIT	2024-04-11 19:00:00+00	\N	AIR BLUE	84900.00	84109.00	IS	\N	48	11	3	0	\N
1062	2024-04-01 09:06:00+00	RJTQHN	MUX-JED	MUHAMMAD IMRAN	2024-04-11 19:00:00+00	\N	AIR BLUE	84900.00	84109.00	IS	\N	48	11	3	0	\N
1063	2024-04-01 09:46:00+00	IWKIVB	MUX-JED-MUX	FOUZIA IRSHAD	2024-04-12 19:00:00+00	2024-04-26 19:00:00+00	AIR BLUE	129126.00	128560.00	IS	\N	53	11	3	0	\N
1064	2024-04-01 09:46:00+00	IWKIVB	MUX-JED-MUX	MUHAMMAD SUBHAN	2024-04-12 19:00:00+00	2024-04-26 19:00:00+00	AIR BLUE	110937.00	110371.00	IS	\N	53	11	3	0	\N
1065	2024-04-01 09:46:00+00	8UATEJ	MUX-JED-MUX	SHAHID RAHEEM SAFDAR	2024-04-05 19:00:00+00	2024-05-01 19:00:00+00	PIA	135749.00	128822.00	IS	\N	65	17	3	0	\N
1066	2024-04-01 09:46:00+00	8UB3EY	MUX-DXB	SALEEM QADEER MALIK	2024-04-02 19:00:00+00	\N	PIA	32987.00	32771.00	IS	\N	50	17	3	0	\N
1067	2024-04-01 09:46:00+00	8UASK1	MUX-SHJ	MUDSEER SEAMAB	2024-04-06 19:00:00+00	\N	PIA	36327.00	35993.00	IS	\N	126	17	3	0	\N
1068	2024-04-01 09:46:00+00	8UA8QT	RUH-ISB	RASHID ALI	2024-04-01 19:00:00+00	\N	PIA	124809.00	123921.00	IS	\N	56	17	3	0	\N
1069	2024-03-30 10:59:00+00	3B77I6	MUX JED MUX	FARHAT YASMEEN	2024-03-30 19:00:00+00	\N	PF	0.00	148572.00	IS	\N	60	8	2	0	\N
1070	2024-03-30 10:59:00+00	3B77G3	MUX JED MUX	IMRAN QAYYUM	2024-03-30 19:00:00+00	\N	PF	0.00	146204.00	IS	\N	60	8	2	0	\N
1071	2024-03-20 11:07:00+00	27BH63	MUX JED	MUHAMMAD HAMZA RAFIQ	2024-04-12 19:00:00+00	\N	PF	74600.00	74307.00	IS	\N	3	8	2	0	\N
1072	2024-03-29 11:07:00+00	JO6XWM	MUX-JED-MUX	GHULAM AYESHA	2024-03-31 19:00:00+00	2024-04-27 19:00:00+00	SAUDI ARABIAN AIRLINES	145000.00	137301.00	IS	\N	109	35	3	0	\N
1073	2024-03-29 11:07:00+00	JO6XWM	MUX-JED-MUX	MUHAMMAD SHOAIB GHAFOOR	2024-03-31 19:00:00+00	2024-04-27 19:00:00+00	SAUDI ARABIAN AIRLINES	145000.00	137301.00	IS	\N	109	35	3	0	\N
1074	2024-03-29 11:07:00+00	JO6XWM	MUX-JED-MUX	RABIA BATOOL	2024-03-31 19:00:00+00	2024-04-27 19:00:00+00	SAUDI ARABIAN AIRLINES	145000.00	137301.00	IS	\N	109	35	3	0	\N
1075	2024-03-29 11:17:00+00	JO6XWM	MUX-JED-MUX	ALEENA ILYAS	2024-03-31 19:00:00+00	2024-04-27 19:00:00+00	SAUDI ARABIAN AIRLINES	145000.00	137301.00	IS	\N	54	35	3	0	\N
1076	2024-03-29 11:17:00+00	JO6XWM	MUX-JED-MUX	ILYAS ALI	2024-03-31 19:00:00+00	2024-04-27 19:00:00+00	SAUDI ARABIAN AIRLINES	145000.00	137301.00	IS	\N	54	35	3	0	\N
1077	2024-03-29 11:25:00+00	JO6XWM	MUX-JED-MUX	MUHAMMAD SHARIF	2024-03-31 19:00:00+00	2024-04-27 19:00:00+00	SAUDI ARABIAN AIRLINES	145000.00	137301.00	IS	\N	144	35	3	0	\N
1078	2024-03-29 11:25:00+00	JO6XWM	MUX-JED-MUX	BASHIR AHMAD	2024-03-31 19:00:00+00	2024-04-27 19:00:00+00	SAUDI ARABIAN AIRLINES	145000.00	137301.00	IS	\N	82	35	3	0	\N
1079	2024-03-29 11:35:00+00	JO6XWM	MUX-JED-MUX	REHANA ASLAM	2024-03-31 19:00:00+00	2024-04-27 19:00:00+00	SAUDI ARABIAN AIRLINES	145000.00	137301.00	IS	\N	145	35	3	0	\N
1080	2024-03-29 11:35:00+00	JO6XWM	MUX-JED-MUX	MUHAMMAD USMAN	2024-03-31 19:00:00+00	2024-04-27 19:00:00+00	SAUDI ARABIAN AIRLINES	145000.00	137301.00	IS	\N	145	35	3	0	\N
1081	2024-03-29 11:35:00+00	JO6XWM	MUX-JED-MUX	ALIA BATOOL	2024-03-31 19:00:00+00	2024-04-27 19:00:00+00	SAUDI ARABIAN AIRLINES	145000.00	137301.00	IS	\N	145	35	3	0	\N
1082	2024-03-29 11:35:00+00	JO6XWM	MUX-JED-MUX	TAMEEZAN	2024-03-31 19:00:00+00	2024-04-27 19:00:00+00	SAUDI ARABIAN AIRLINES	145000.00	137301.00	IS	\N	145	35	3	0	\N
1083	2024-03-29 11:35:00+00	JO6XWM	MUX-JED-MUX	MUSFIRA INF	2024-03-31 19:00:00+00	2024-04-27 19:00:00+00	SAUDI ARABIAN AIRLINES	24000.00	17818.00	IS	\N	145	35	3	0	\N
1084	2024-03-29 11:45:00+00	JO6XWM	MUX-JED-MUX	MAJEEDAN BIBI	2024-03-31 19:00:00+00	2024-04-27 19:00:00+00	SAUDI ARABIAN AIRLINES	145000.00	137301.00	IS	\N	146	35	3	0	\N
1085	2024-03-29 11:45:00+00	JO6XWM	MUX-JED-MUX	MUHAMMAD KHALIL	2024-03-31 19:00:00+00	2024-04-27 19:00:00+00	SAUDI ARABIAN AIRLINES	145000.00	137301.00	IS	\N	146	35	3	0	\N
1086	2024-03-29 11:45:00+00	JO6XWM	MUX-JED-MUX	NAZIR AHMAD	2024-03-31 19:00:00+00	2024-04-27 19:00:00+00	SAUDI ARABIAN AIRLINES	145000.00	137301.00	IS	\N	146	35	3	0	\N
1087	2024-03-29 11:51:00+00	JO6XWM	MUX-JED-MUX	MUHAMMAD KALEEM	2024-03-31 19:00:00+00	2024-04-27 19:00:00+00	SAUDI ARABIAN AIRLINES	140000.00	137301.00	IS	\N	147	35	3	0	\N
1088	2024-04-02 11:57:00+00	NY7LLS	MUX-DXB-MED-JED-DXB-MUX	RANA MUHAMMAD USMAN	2024-04-04 19:00:00+00	2024-04-09 19:00:00+00	FLY DUBAI	173409.00	172809.00	IS	\N	75	9	3	0	\N
1089	2024-04-02 11:57:00+00	PCSG2S	MUX-DXB-MED-JED-DXB-MUX	MUHAMMAD UMER	2024-04-04 19:00:00+00	2024-04-09 19:00:00+00	FLY DUBAI	173409.00	172809.00	IS	\N	75	9	3	0	\N
1090	2024-03-30 11:57:00+00	LEKXFH	MUX-JED-MUX	MUHAMMAD MOHSIN ALAM (QARI TAHSEEN)	2024-04-12 19:00:00+00	2024-04-28 19:00:00+00	SAUDI ARABIAN AIRLINES	135000.00	128861.00	IS	\N	73	36	3	0	\N
1091	2024-03-30 11:57:00+00	LEKXFH	MUX-JED-MUX	UMAIMA FATIMA (QARI TAHSEEN)	2024-04-12 19:00:00+00	2024-04-28 19:00:00+00	SAUDI ARABIAN AIRLINES	135000.00	128861.00	IS	\N	73	36	3	0	\N
1092	2024-03-30 11:57:00+00	LEKXFH	MUX-JED-MUX	HAMEEDA KHATOON (QARI TAHSEEN)	2024-04-12 19:00:00+00	2024-04-28 19:00:00+00	SAUDI ARABIAN AIRLINES	135000.00	128861.00	IS	\N	73	36	3	0	\N
1093	2024-03-30 11:57:00+00	LEKXFH	MUX-JED-MUX	RAZIA KHATOON (QARI TAHSEEN)	2024-04-12 19:00:00+00	2024-04-28 19:00:00+00	SAUDI ARABIAN AIRLINES	135000.00	128861.00	IS	\N	73	36	3	0	\N
1094	2024-03-30 11:57:00+00	LEKXFH	MUX-JED-MUX	SAFIA KHATOON (QARI TAHSEEN)	2024-04-12 19:00:00+00	2024-04-28 19:00:00+00	SAUDI ARABIAN AIRLINES	135000.00	128861.00	IS	\N	73	36	3	0	\N
1095	2024-03-30 11:57:00+00	LEKXFH	MUX-JED-MUX	AMMARA MOIN (QARI TAHSEEN)	2024-04-12 19:00:00+00	2024-04-28 19:00:00+00	SAUDI ARABIAN AIRLINES	135000.00	128861.00	IS	\N	73	36	3	0	\N
1096	2024-03-30 11:57:00+00	LEKXFH	MUX-JED-MUX	HANIA NASIR (QARI TAHSEEN)	2024-04-12 19:00:00+00	2024-04-28 19:00:00+00	SAUDI ARABIAN AIRLINES	135000.00	128861.00	IS	\N	73	36	3	0	\N
1097	2024-03-30 11:57:00+00	LEKXFH	MUX-JED-MUX	NASIR SULTAN (QARI TAHSEEN)	2024-04-12 19:00:00+00	2024-04-28 19:00:00+00	SAUDI ARABIAN AIRLINES	135000.00	128861.00	IS	\N	73	36	3	0	\N
1098	2024-03-30 11:57:00+00	LEKXFH	MUX-JED-MUX	MUHAMMAD UZAIR (QARI TAHSEEN)	2024-04-12 19:00:00+00	2024-04-28 19:00:00+00	SAUDI ARABIAN AIRLINES	135000.00	128861.00	IS	\N	73	36	3	0	\N
1099	2024-03-30 11:57:00+00	LEKXFH	MUX-JED-MUX	IZZA AYESHA CHLD (QARI TAHSEEN)	2024-04-12 19:00:00+00	2024-04-28 19:00:00+00	SAUDI ARABIAN AIRLINES	110000.00	102107.00	IS	\N	73	36	3	0	\N
1100	2024-04-01 10:14:00+00	8UAURB	MUX-JED-MUX	ZULFIQAR ALI	2024-04-03 19:00:00+00	2024-05-29 19:00:00+00	PIA	141092.00	136889.00	IS	\N	48	18	3	0	\N
1101	2024-04-01 10:14:00+00	8UAURB	MUX-JED-MUX	GHULAM FAREED	2024-04-03 19:00:00+00	2024-05-29 19:00:00+00	PIA	141092.00	136889.00	IS	\N	48	18	3	0	\N
1102	2024-04-01 10:14:00+00	8UAURB	MUX-JED-MUX	JANAT MAI	2024-04-03 19:00:00+00	2024-05-29 19:00:00+00	PIA	111012.00	107865.00	IS	\N	48	18	3	0	\N
1103	2024-04-01 10:14:00+00	7F7CWH	MUX-JED	ZARINA BIBI	2024-04-01 19:00:00+00	\N	SAUDI ARABIAN AIRLINES	97814.00	91215.00	IS	\N	73	25	3	0	\N
1104	2024-04-01 10:14:00+00	YGNJVN	MUX-DXB	KHAIR MUHAMMAD	2024-04-01 19:00:00+00	\N	AIR BLUE	34165.00	33865.00	IS	\N	105	25	3	0	\N
1105	2024-04-02 10:14:00+00	8UBMM4	DXB-LHE	SHARJEEL MUNIR	2024-04-13 19:00:00+00	\N	PIA	1000.00	300.00	VO	\N	70	25	3	0	\N
1106	2024-04-02 10:14:00+00	VSEQIJ	LHE-DXB	MUHAMMAD USMAN ASGHAR	2024-04-26 19:00:00+00	\N	AIR BLUE	55914.00	55617.00	IS	\N	56	11	3	0	\N
1107	2024-04-02 10:14:00+00	7FHDXW	JED-MUX	ZARINA BIBI	2024-05-02 19:00:00+00	\N	SAUDI ARABIAN AIRLINES	1200.00	700.00	VO	\N	73	25	3	0	\N
1108	2024-04-02 10:14:00+00	7FJ1XR	LHE-AUH-BAH	FAISAL TUFAIL	2024-04-03 19:00:00+00	\N	ETIHAD AIRWAYS	56899.00	55799.00	IS	\N	56	25	3	0	\N
1109	2024-04-03 10:32:00+00	8YNY7B	ISB JED ISB	GHULAM ALI	2024-04-03 19:00:00+00	\N	PF	150938.00	150158.00	IS	\N	45	8	2	0	\N
1110	2024-04-02 10:14:00+00	8YFP36	JED-MUX	ABBAS SHAH	2024-04-02 19:00:00+00	\N	AIR SIAL	148555.00	145888.00	IS	\N	48	10	3	0	\N
1111	2024-04-03 10:14:00+00	8YFP36	JED-MUX	UBAID ULLAH SHAH	2024-04-02 19:00:00+00	\N	AIR SIAL	148555.00	145888.00	IS	\N	48	10	3	0	\N
1112	2024-04-02 10:14:00+00	14987182	MUX-AUH	IJAZ HUSSAIN	2024-04-26 19:00:00+00	\N	AIR ARABIA	79733.00	79233.00	IS	\N	56	13	3	0	\N
1113	2024-04-03 10:14:00+00	8UC8EG	SHJ-MUX	MUHAMMAD RAMZAN	2024-04-29 19:00:00+00	\N	PIA	1000.00	300.00	VO	\N	48	25	3	0	\N
1114	2024-04-03 10:14:00+00	8UC8EG	SHJ-MUX	BALACH KHAN	2024-04-29 19:00:00+00	\N	PIA	1000.00	300.00	VO	\N	48	25	3	0	\N
1115	2024-04-03 10:14:00+00	PX0AM6	JED-DXB-MUX	MUHAMMAD IRFAN	2024-04-06 19:00:00+00	\N	FLY DUBAI	174911.00	174211.00	IS	\N	48	25	3	0	\N
1116	2024-04-03 10:14:00+00	PX0AM6	JED-DXB-MUX	GHULAM MUSTAFA	2024-04-06 19:00:00+00	\N	FLY DUBAI	174911.00	174211.00	IS	\N	48	25	3	0	\N
1117	2024-04-03 10:14:00+00	8UC7LS	MUX-JED	MUHAMMAD DAD	2024-04-09 19:00:00+00	\N	PIA	48855.00	48560.00	IS	\N	105	18	3	0	\N
1118	2024-04-03 10:14:00+00	8UCC23	MUX-DXB	MUHAMMAD JAMAL	2024-04-09 19:00:00+00	\N	PIA	30986.00	30879.00	IS	\N	56	17	3	0	\N
1119	2024-04-03 10:14:00+00	8UC1KC	SHJ-MUX	REHMATULLAH MUHAMMAD ALI	2024-05-04 19:00:00+00	\N	PIA	1000.00	300.00	VO	\N	48	25	3	0	\N
1120	2024-04-03 10:14:00+00	8UC1KC	SHJ-MUX	MAZAR KHAN	2024-05-04 19:00:00+00	\N	PIA	1000.00	300.00	VO	\N	48	25	3	0	\N
1121	2024-04-03 10:14:00+00	8UC1KC	SHJ-MUX	AHMED DIN	2024-05-04 19:00:00+00	\N	PIA	1000.00	300.00	VO	\N	48	25	3	0	\N
1122	2024-04-03 10:14:00+00	UJHSJP	LHE-SHJ	MUHAMMAD ASIF	2024-04-26 19:00:00+00	\N	AIR BLUE	58488.00	58147.00	IS	\N	70	11	3	0	\N
1123	2024-04-03 12:17:00+00	QN5JWH	KHI-MCT	SHOAIB ANWAR	2024-04-16 19:00:00+00	\N	SALAM AIR	45865.00	45565.00	IS	\N	124	12	3	0	\N
1124	2024-04-03 12:17:00+00	QN5JWH	KHI-MCT	GHULAM ISHAQ	2024-04-16 19:00:00+00	\N	SALAM AIR	45865.00	45565.00	IS	\N	124	12	3	0	\N
1125	2024-04-03 12:17:00+00	A6548R	ISB-JED	HAJIRAN BAKHSH MUHAMMAD	2024-04-06 19:00:00+00	\N	SERENE AIR	48524.00	47970.00	IS	\N	127	25	3	0	\N
1126	2024-04-03 12:17:00+00	A6548R	ISB-JED	NASREEN BIBI	2024-04-06 19:00:00+00	\N	SERENE AIR	48524.00	47970.00	IS	\N	127	25	3	0	\N
1127	2024-04-03 12:17:00+00	A6548R	ISB-JED	REHANA SHAMSHAD	2024-04-06 19:00:00+00	\N	SERENE AIR	48524.00	47970.00	IS	\N	127	25	3	0	\N
1128	2024-04-03 12:17:00+00	A6548R	ISB-JED	PARVEEN BIBI	2024-04-06 19:00:00+00	\N	SERENE AIR	48524.00	47970.00	IS	\N	127	25	3	0	\N
1129	2024-04-03 12:17:00+00	A6548R	ISB-JED	TAJU BIBI	2024-04-06 19:00:00+00	\N	SERENE AIR	48524.00	47970.00	IS	\N	127	25	3	0	\N
1130	2024-04-03 12:17:00+00	A6548R	ISB-JED	MUHAMMAD BAKHSH	2024-04-06 19:00:00+00	\N	SERENE AIR	48524.00	47970.00	IS	\N	127	25	3	0	\N
1131	2024-04-03 12:17:00+00	WNEUAJ	LHE-SHJ	SAJID ALI	2024-04-26 19:00:00+00	\N	AIR BLUE	58788.00	58147.00	IS	\N	70	11	3	0	\N
1132	2024-04-03 05:25:00+00	CXTMBG	MUX-DXB	MUHAMMAD ISMAIL	2024-04-15 19:00:00+00	\N	AIR BLUE	85320.00	84764.00	IS		72	11	3	0	\N
1133	2024-04-03 05:25:00+00	8PXF34	JED-MCT-MUX	DANIYAL SARFRAZ	2024-04-07 19:00:00+00	\N	SALAM AIR	93385.00	92984.00	IS		131	12	3	0	\N
1134	2024-04-03 07:06:00+00	5C1ZSF	SKT-MCT	MUHAMMAD FARHAN	2024-04-02 19:00:00+00	\N	SALAM AIR	56000.00	55698.00	IS		135	12	3	0	\N
1135	2024-04-03 11:31:00+00	985JJM	DXB-MUX	SHAHBAZ UL HASSAN NOORULHASSAN	2024-04-08 19:00:00+00	\N	FLY DUBAI	1200.00	1000.00	VO		62	25	3	\N	\N
1136	2024-04-04 11:31:00+00	8UCNRK	MUX-MED-JED-MUX	FNU GUL E FATIMA CHLD	2024-04-11 19:00:00+00	2024-05-02 19:00:00+00	PIA	109530.00	108879.00	IS		61	18	3	\N	\N
1137	2024-04-04 11:51:00+00	8UCNRK	MUX-MED-JED-MUX	ATIA BATOOL	2024-04-11 19:00:00+00	2024-05-02 19:00:00+00	PIA	136593.00	135735.00	IS		61	18	3	\N	\N
1138	2024-04-04 11:51:00+00	8UCNRK	MUX-MED-JED-MUX	MAMOONA RIZWAN	2024-04-11 19:00:00+00	2024-05-02 19:00:00+00	PIA	136593.00	135735.00	IS		61	18	3	\N	\N
1139	2024-04-04 11:51:00+00	8UCNRK	MUX-MED-JED-MUX	MUHAMMAD KHAN INF	2024-04-11 19:00:00+00	2024-05-02 19:00:00+00	PIA	17528.00	16937.00	IS		61	18	3	\N	\N
1140	2024-04-04 11:51:00+00	8UCKDA	MUX-MED-JED-MUX	HAKIMA MAI	2024-04-11 19:00:00+00	2024-05-02 19:00:00+00	PIA	136593.00	135785.00	IS		61	18	3	57	\N
1141	2024-04-04 11:51:00+00	8UCKDA	MUX-MED-JED-MUX	MUSARAT JABEEN	2024-04-11 19:00:00+00	2024-05-02 19:00:00+00	PIA	136593.00	135785.00	IS		61	18	3	58	\N
1142	2024-04-04 11:51:00+00	8UCKDA	MUX-MED-JED-MUX	FOZIA BATOOL	2024-04-11 19:00:00+00	2024-05-02 19:00:00+00	PIA	136593.00	135785.00	IS		61	18	3	59	\N
1143	2024-04-04 11:51:00+00	8UCKDA	MUX-MED-JED-MUX	NAJAF ALI	2024-04-11 19:00:00+00	2024-05-02 19:00:00+00	PIA	136593.00	135785.00	IS		61	18	3	60	\N
1144	2024-04-04 11:51:00+00	8UCKDA	MUX-MED-JED-MUX	RIZWANA IQBAL	2024-04-11 19:00:00+00	2024-05-02 19:00:00+00	PIA	136593.00	135785.00	IS		61	18	3	61	\N
1145	2024-04-04 11:51:00+00	8UCKDA	MUX-MED-JED-MUX	SHAMSHAD BIBI	2024-04-11 19:00:00+00	2024-05-02 19:00:00+00	PIA	136593.00	135785.00	IS		61	18	3	62	\N
1146	2024-04-04 11:51:00+00	8UCKDA	MUX-MED-JED-MUX	SALMA ALTAF	2024-04-11 19:00:00+00	2024-05-02 19:00:00+00	PIA	136593.00	135785.00	IS		61	18	3	63	\N
1147	2024-04-04 11:51:00+00	8UCKDA	MUX-MED-JED-MUX	ALIA NAZ	2024-04-11 19:00:00+00	2024-05-02 19:00:00+00	PIA	136593.00	135785.00	IS		61	18	3	64	\N
1148	2024-04-04 11:51:00+00	UMXSBU	DXB-MUX	SHAHBAZ UL HASSAN NOOR UL HASSAN	2024-04-06 19:00:00+00	\N	AIR BLUE	89568.00	88887.00	IS		62	11	3	65	\N
1149	2024-04-04 11:51:00+00	8UCKHC	KHI-JED	ABDULLAH MUHAMMAD AKHTAR	2024-04-07 19:00:00+00	\N	PIA	40920.00	40762.00	IS		56	17	3	66	\N
1150	2024-04-04 11:51:00+00	F8W8YF	MUX-MCT	WASEEM HASSAN BASHIR	2024-04-10 19:00:00+00	\N	SALAM AIR	47601.00	41585.00	IS		65	25	3	67	\N
1151	2024-04-04 11:51:00+00	613636462	UET-SHJ	ALLAH BAKHSH LAL MUHAMMAD	2024-04-14 19:00:00+00	\N	AIR ARABIA	70805.00	70104.00	IS		48	13	3	68	\N
1156	2024-04-04 09:11:00+00	8UD1YC	KHI  JED	ASAD ALI ALLAH BUX TUNIO	2024-04-06 19:00:00+00	\N	PK	40910.00	40673.00	IS		102	2	2	0	\N
1158	2024-04-04 09:23:00+00	8UD2R8	KHI JED	MUHAMMAD KASHIF	2024-04-10 19:00:00+00	\N	PK	67463.00	65322.00	IS		16	2	2	0	\N
1159	2024-04-01 09:25:00+00	8UAQEK	MUX JED MUX	DEEN MUHAMMAD *3	2024-04-03 19:00:00+00	2024-04-29 19:00:00+00	PK	403388.00	401588.00	IS		60	3	2	0	\N
1160	2024-04-01 09:25:00+00	RXWZUF	LHE-SHJ-LHE	BILAL FAROOQ	2024-04-05 19:00:00+00	2024-04-16 19:00:00+00	PA	57396.00	57320.00	IS		6	3	2	0	\N
1152	2024-03-03 09:11:00+00	8UCCJ0	MUX SHJ	MUHAMMAD JAMIL	2024-04-08 19:00:00+00	\N	PK	56560.00	56280.00	IS		42	2	2	0	\N
1155	2024-04-05 09:11:00+00	8UCR32	MUX JED MUX	KHAN MUHAMMAD	2024-04-09 19:00:00+00	\N	PK	204600.00	203398.00	IS		24	2	2	0	\N
1161	2024-04-01 09:25:00+00	8ST42N	\N	RAFIQAN BIBI	\N	\N	PK	300.00	300.00	RI		6	3	2	0	\N
1162	2024-04-01 09:25:00+00	LRXLMS	lhe shj lhe	MUHAMMAD AKHTAR	2024-04-05 19:00:00+00	2024-04-16 19:00:00+00		57319.00	57396.00	IS		6	3	2	0	\N
1163	2024-04-05 09:25:00+00	8UBBUE	KHI MUX	SAMIYA KHAN *2	2024-04-19 19:00:00+00	\N	PK	21850.00	21656.00	IS		3	3	2	0	\N
1164	2024-04-01 09:25:00+00	LFP4ZZ	LHE DXB	Ehtisham Ali	2024-04-04 19:00:00+00	\N	ER	34000.00	32398.00	IS		76	3	2	0	\N
1165	2024-04-01 09:25:00+00	FAQZWY	DXB LHE	MUHAMMAD ARIF SAEEDY	2024-04-01 19:00:00+00	\N	PA	65630.00	64997.00	IS		41	3	2	0	\N
1166	2024-04-01 09:25:00+00	50LL9J	MUX JED MUX	MUNIR AHMAD	2024-04-02 19:00:00+00	2024-04-13 19:00:00+00	PF	184510.00	183510.00	IS		90	3	2	0	\N
1167	2024-04-05 09:25:00+00	50M0DI	MUX JED MUX	MUHAMMAD AKRAM	2024-04-12 19:00:00+00	2024-04-13 19:00:00+00	PF	189510.00	183510.00	IS		90	3	2	0	\N
1168	2024-04-01 09:25:00+00	50LTZF	MUX JED MUX	SAIMA AKRAM	2024-04-02 19:00:00+00	2024-04-13 19:00:00+00	PF	189510.00	183510.00	IS		90	3	2	0	\N
1169	2024-04-05 09:25:00+00	AUZZED	RUH-KHI	SAEED AHMAD	\N	\N	FZ	1000.00	700.00	VO		76	3	2	0	\N
1170	2024-04-05 09:25:00+00	8UBDYQ	JED KHI	FARID TUFAIL	\N	\N	PK	10000.00	300.00	VO		47	3	2	0	\N
1171	2024-04-02 09:25:00+00	7FF06R	KHI IST	SAQIB ALI	\N	\N	EY	1500.00	700.00	VO		76	3	2	0	\N
1172	2024-04-05 09:25:00+00	CICPNO	KHI DXB KHI	IQRA GULZAR*3	2024-04-26 19:00:00+00	\N	PA	211500.00	208067.00	IS		16	3	2	0	\N
1173	2024-04-09 09:25:00+00	7FKKCY	LHE RUH	ALI HAMZA	\N	\N	PA	59780.00	58621.00	IS		6	3	2	0	\N
1174	2024-04-05 10:14:00+00	7GL58T	MUX JED	ABDUL SHAKOOR GHULAM HASSAN	2024-04-26 19:00:00+00	\N	SV	8135.00	78161.00	IS		5	3	2	0	\N
1175	2024-04-05 10:14:00+00	IIQXYY	LHE KUL	FAIZAN KHAN	2024-05-01 19:00:00+00	\N	OD	89100.00	88799.48	IS		22	3	2	0	\N
1176	2024-04-05 10:14:00+00	JNNQQH	LHE KUL	SHOAIB SAQIB	2024-05-01 19:00:00+00	\N	OD	88799.48	89100.00	IS		22	3	2	0	\N
1177	2024-04-05 10:19:00+00	JWFKYY	LHE KUL	MUHAMMAD DANISH	2024-05-01 19:00:00+00	\N	OD	89100.00	88799.48	IS		22	3	2	0	\N
1178	2024-04-05 10:19:00+00	JZQMUF	LHE KUL	MUHAMMAD AWAIS	2024-05-01 19:00:00+00	\N	OD	89100.00	88799.48	IS		22	3	2	0	\N
1179	2024-04-05 10:19:00+00	EALFIR	LHE KUL	NASIR ALI	2024-05-01 19:00:00+00	\N	OD	89100.00	88799.48	IS		22	3	2	0	\N
1180	2024-04-05 10:19:00+00	MWUOUM	MUX BAH	MUHAMMAD NADEEM	2024-04-23 19:00:00+00	\N	FZ	74860.00	74357.00	IS		6	3	2	0	\N
1181	2024-04-05 10:19:00+00	7GHWYZ	JED KHI	Zubaida Qasir Abbas *6	2024-04-04 19:00:00+00	\N	QR	634950.00	633144.00	IS		37	3	2	0	\N
1182	2024-04-05 10:19:00+00	7GH3RC	MUX JED	MUHAMMAD ASGHAR	2024-04-05 19:00:00+00	\N	GF	76300.00	74511.00	IS		7	3	2	0	\N
1183	2024-04-05 10:19:00+00	0PV7P3	DXB MUX DXB	NISAR AHMAD	2024-04-10 19:00:00+00	\N	FZ	94330.00	94027.00	IS		22	3	2	0	\N
1184	2024-04-05 10:19:00+00	LAIVNW	TIF MUX	ZAREENA MAI	\N	\N	FZ	1500.00	700.00	VO		5	3	2	0	\N
1185	2024-04-05 10:19:00+00	8UDCP2	LHE AUH LHE	MUHAMMAD IBRAHIM	2024-04-09 19:00:00+00	\N	PK	52900.00	51897.00	IS		8	3	2	0	\N
1186	2024-04-04 10:19:00+00	7G7TSB	LHE HKG	MOHSIN RAZA	\N	\N	TG	121800.00	120463.00	IS		7	3	2	0	\N
1187	2024-04-04 10:19:00+00	8UDDA9	DXB LHE DXB	MUSTANSAR IQBAL	2024-04-23 19:00:00+00	\N	PK	64887.00	64287.00	IS		22	3	2	0	\N
1188	2024-04-02 09:25:00+00	O975VU	MUX DXB	MUHAMMAD ALI	2024-04-10 19:00:00+00	\N	fz	47960.00	47658.00	IS		37	3	2	0	\N
1189	2024-04-02 09:25:00+00	FAHBWH	MUX SHJ	NOREEN ALTAF	2024-04-09 19:00:00+00	\N	pa	41000.00	39625.00	IS		76	3	2	0	\N
1190	2024-04-04 11:38:00+00	1G5Y8P	ISB-KHI-ISB	MALIK FARHAT JAVED ABBAS (HAMZA OFFICE)	2024-04-20 19:00:00+00	2024-04-24 19:00:00+00	SERENE AIR	35500.00	35132.00	IS	C/O HAMZA OFFICE	73	25	3	70	\N
1191	2024-04-04 11:38:00+00	1G5Y8P	ISB-KHI-ISB	MUHAMMAD SAJID (HAMZA OFFICE)	2024-04-20 19:00:00+00	2024-04-24 19:00:00+00	SERENE AIR	35500.00	35132.00	IS	C/O HAMZA OFFICE	73	25	3	71	\N
1192	2024-04-04 11:38:00+00	1G5Y8P	ISB-KHI-ISB	MUZAFFAR HUSSAIN (HAMZA OFFICE)	2024-04-20 19:00:00+00	2024-04-24 19:00:00+00	SERENE AIR	35500.00	35132.00	IS	C/O HAMZA OFFICE	73	25	3	72	\N
1193	2024-04-05 11:38:00+00	SN6YFJ	ISB-JED	HAJIRAN BAKHSH MUHAMMAD	2024-04-06 19:00:00+00	\N	SERENE AIR	53428.00	53983.00	RF	REFUNDED 6 PAX	127	25	3	73	\N
1194	2024-04-05 11:38:00+00	SN6YFJ	ISB-JED	NASREEN BIBI	2024-04-06 19:00:00+00	\N	SERENE AIR	53428.00	53983.00	RF	REFUNDED 6 PAX	127	25	3	73	\N
1195	2024-04-05 11:38:00+00	SN6YFJ	ISB-JED	REHANA SHAMSHAD	2024-04-06 19:00:00+00	\N	SERENE AIR	53428.00	53983.00	RF	REFUNDED 6 PAX	127	25	3	73	\N
1196	2024-04-05 11:38:00+00	SN6YFJ	ISB-JED	TAJU BIBI	2024-04-06 19:00:00+00	\N	SERENE AIR	53428.00	53983.00	RF	REFUNDED 6 PAX	127	25	3	73	\N
1197	2024-04-05 11:38:00+00	SN6YFJ	ISB-JED	MUHAMMAD BAKHSH	2024-04-06 19:00:00+00	\N	SERENE AIR	53428.00	53983.00	RF	REFUNDED 6 PAX	127	25	3	73	\N
1198	2024-04-05 11:38:00+00	SN6YFJ	ISB-JED	PARVEEN BIBI	2024-04-06 19:00:00+00	\N	SERENE AIR	53428.00	53983.00	RF	REFUNDED 6 PAX	127	25	3	73	\N
1199	2024-04-05 11:38:00+00	8UD8GD	MUX-DXB	ABDUL KABEER ABDUL HAKEEM	2024-04-04 19:00:00+00	\N	PIA	33672.00	33551.00	IS		53	17	3	74	\N
1200	2024-04-05 11:38:00+00	8UDKK1	DXB-MUX	ABDUL KABEER ABDUL HAKEEM	2024-05-02 19:00:00+00	\N	PIA	1000.00	300.00	VO	VOID	53	25	3	75	\N
1201	2024-04-05 11:38:00+00	D1AVTO	MUX-DXB-MED	AYESHA MUQADDAS	2024-04-05 19:00:00+00	\N	FLY DUBAI	70306.00	70006.00	IS		75	9	3	76	\N
1202	2024-04-05 05:29:00+00	WPTHIH	AUH-LHE-AUH	USMAN RAFAY	2024-05-30 19:00:00+00	2024-06-30 19:00:00+00	AIR BLUE	70926.00	70520.00	IS		126	11	3	77	9
1203	2024-04-05 05:29:00+00	BJFSXG	AUH-LHE	FAKHRA YOUNUS	2024-05-30 19:00:00+00	\N	AIR BLUE	30495.00	30314.00	IS		126	11	3	78	9
1204	2024-04-05 05:29:00+00	BJFSXG	AUH-LHE	AYRA USMAN	2024-05-30 19:00:00+00	\N	AIR BLUE	30495.00	30314.00	IS		126	11	3	79	9
1205	2024-04-05 05:29:00+00	UQNYGW	MUX-JED	MUHAMMAD WASEEM	2024-04-19 19:00:00+00	\N	AIR BLUE	84495.00	84109.00	IS		86	11	3	80	9
1206	2024-04-05 05:53:00+00	8UDNRY	LHE-JED-MUX	MUHAMMAD HAMMAD AFZAL	2024-04-07 19:00:00+00	2024-05-02 19:00:00+00	PIA	104813.00	101880.00	IS		64	18	3	81	\N
1207	2024-04-05 05:53:00+00	8UDNRY	LHE-JED-MUX	SAFIA BANO	2024-04-07 19:00:00+00	2024-05-02 19:00:00+00	PIA	104813.00	101880.00	IS		64	18	3	82	\N
1208	2024-04-05 05:53:00+00	KSKTWW	MUX-JED	MUHAMMAD BILAL	2024-04-09 19:00:00+00	\N	AIR SIAL	52890.00	52292.00	IS		53	10	3	83	8
1209	2024-04-05 09:33:00+00	Q9H9V9	KHI MCT	Jamshaid Ahmed Noor Ahmed Dahar	2024-04-20 19:00:00+00	\N	OV	47747.00	48800.00	IS		16	7	2	0	7
1212	2024-04-06 11:05:00+00	RKEXUP	MUX-DXB	MUHAMMAD WAQAR	2024-05-02 19:00:00+00	\N	AIR BLUE	61350.00	60989.00	IS		85	11	3	90	8
1213	2024-04-06 11:05:00+00	HMWMDV	DXB-KHI	MUHAMMAD AJMAL	2024-04-05 19:00:00+00	\N	AIR BLUE	109060.00	108451.00	IS		62	11	3	91	9
1210	2024-04-06 10:42:00+00	1RY8MW	ISB KHI	ASAD BILAL *4	2024-03-25 19:00:00+00	\N	PF	-48500.00	-45061.00	RF		76	8	2	0	\N
1214	2024-04-06 11:05:00+00	613666729	UET-SHJ	GHULAM YASIN	2024-04-23 19:00:00+00	\N	AIR ARABIA	52442.00	51542.00	IS		129	13	3	\N	10
1211	2024-04-06 11:05:00+00	8UEBQ2	JED-KHI	MUHAMMAD RIZWAN	2024-05-02 19:00:00+00	\N	PIA	1000.00	300.00	VO	VOID	73	25	3	89	9
1215	2024-04-06 06:40:00+00	613667371	UET-SHJ	ROZAY KHAN	2024-04-23 19:00:00+00	\N	AIR ARABIA	52442.00	51748.00	IS		129	25	3	94	10
1216	2024-04-06 06:40:00+00	OQIYC1	JED-MUX	TARIQ MUHAMMAD MALIK KHUDA BAK	2024-04-09 19:00:00+00	\N	AIR SIAL	149762.00	147369.00	IS		82	10	3	93	10
1217	2024-04-06 06:40:00+00	KVGPDI	MUX-JED	ASMA BATOOL	2024-04-07 19:00:00+00	\N	AIR BLUE	81500.00	79269.00	IS		71	11	3	92	8
1218	2024-04-05 06:40:00+00	8UE0PD	AUH-LHE	ABDUL MANAN MAQBOOL AHMAD	2024-05-06 19:00:00+00	\N	PIA	1000.00	300.00	VO		131	25	3	87	10
1219	2024-04-05 06:40:00+00	7GR7ZJ	DXB-MUX	MUHAMMAD AWAIS	2024-04-25 19:00:00+00	\N	FLY DUBAI	1200.00	700.00	IS		53	25	3	86	10
1220	2024-04-05 06:40:00+00	QSVUIV	MUX-JED	SHER MUHAMMAD	2024-04-25 19:00:00+00	\N	AIR BLUE	87712.00	87000.00	IS		48	11	3	85	10
1221	2024-04-05 06:40:00+00	FDPUDT	KHI-DXB	MUHAMMAD ISMAIL KHAN	2024-04-07 19:00:00+00	\N	AIR BLUE	23780.00	23366.00	IS		105	11	3	84	10
1222	2024-04-06 07:09:00+00	613676928	MUX-SHJ-DOH	NASRULLAH SULEMAN	2024-04-23 19:00:00+00	\N	AIR ARABIA	76000.00	75396.00	IS		148	13	3	88	10
1223	2024-04-08 07:17:00+00	P4RD2N	MUX MCT	Sher Jan	2024-04-08 19:00:00+00	\N	OV	44500.00	44328.00	IS		13	7	2	0	5
1157	2024-04-04 09:11:00+00	8UD05D	LHE KUL LHE	MUNEER ALI	2024-04-06 19:00:00+00	2024-04-27 19:00:00+00	PK	163850.00	162679.00	IS		22	2	2	0	\N
1224	2024-04-06 11:16:00+00	8UEAL4	MUX-JED	MUHAMMAD MOHSIN	2024-04-09 19:00:00+00	\N	PK	50589.80	50279.00	IS		42	2	2	0	\N
1225	2024-03-22 11:28:00+00	8TZEJG	KUL-LHE	EHSAN BAKR GORAYA	\N	\N	PK	-51643.00	-51643.00	RF		22	2	2	0	5
1226	2024-04-05 11:38:00+00	8UE0AR	MUX-KHI-DXB	MUHAMMAD MEER ASIF	2024-04-07 19:00:00+00	\N	PK	28299.20	28159.25	IS		6	2	2	0	7
1227	2024-04-07 11:52:00+00	YAKPJM	ISB-DXB	FAROOQ AHMAD	2024-04-18 19:00:00+00	\N	AIR BLUE	98430.00	97288.00	IS		85	11	3	96	10
1228	2024-04-07 11:52:00+00	8UF3ZT	JED-MUX	MUHAMMAD SALEEM	2024-05-06 19:00:00+00	\N	PIA	1000.00	300.00	VO		48	25	3	97	10
1229	2024-04-07 11:52:00+00	8UF1DS	DXB-ISB	RANA ALI SHAR	2024-04-18 19:00:00+00	\N	PIA	1000.00	300.00	VO		56	25	3	98	10
1230	2024-04-07 11:52:00+00	8UF0L9	RUH-LHE	AHAD ALI	2024-05-02 19:00:00+00	\N	PIA	1000.00	300.00	VO		56	25	3	99	10
1231	2024-04-07 11:52:00+00	8UEQE1	JED-KHI-MUX	ASMA BATOOL	2024-05-03 19:00:00+00	\N	PIA	1000.00	300.00	VO		71	25	3	100	9
1232	2024-04-07 11:52:00+00	8UEPTY	DXB-KHI-MUX	ABDUL REHMAN ASHRAF	2024-05-29 19:00:00+00	\N	PIA	1000.00	300.00	VO		52	25	3	101	9
1233	2024-04-07 11:52:00+00	7GY8WC	JED-DXB-MUX	NAYYAR ABBAS	2024-05-09 19:00:00+00	\N	FLY DUBAI	1200.00	700.00	VO		53	25	3	102	9
1234	2024-04-06 11:52:00+00	401340651	LHE-SHJ	MUKHTAR AHMAD	2024-04-10 19:00:00+00	\N	AIR ARABIA	51279.00	50468.00	IS		57	13	3	103	9
1235	2024-04-06 11:52:00+00	613686725	MUX-SHJ-MED	HAFIZ HASSAN JAWAD	2024-04-15 19:00:00+00	\N	AIR ARABIA	108156.00	107655.00	IS		59	25	3	104	9
1236	2024-04-06 11:52:00+00	613686725	MUX-SHJ-MED	SYED WAJID UR REHMAN BAGHDADI	2024-04-15 19:00:00+00	\N	AIR ARABIA	108156.00	107655.00	IS		59	25	3	105	9
1237	2024-04-06 11:52:00+00	613686725	MUX-SHJ-MED	SYED MUHAMMAD	2024-04-15 19:00:00+00	\N	AIR ARABIA	108156.00	107655.00	IS		59	25	3	106	9
1238	2024-04-06 11:52:00+00	613686725	MUX-SHJ-MED	ZOOBIA ZONASH	2024-04-15 19:00:00+00	\N	AIR ARABIA	108156.00	107655.00	IS		59	25	3	107	9
1239	2024-04-07 11:52:00+00	7H08V0	MUX-JED	MUHAMMAD MUNAWAR	2024-04-08 19:00:00+00	\N	SAUDI ARABIAN AIRLINES	58069.00	56461.00	IS		66	25	3	108	9
1240	2024-04-08 05:24:00+00	7QY63G	MUX-DXB	BHIRAWAN BIBI	2024-04-09 19:00:00+00	\N	FLY DUBAI	46279.00	44139.00	IS		50	25	3	120	11
1241	2024-04-08 05:33:00+00	7QY63G	MUX-DXB	EMAN MUHAMMAD IRFAN CHD	2024-04-09 19:00:00+00	\N	FLY DUBAI	46279.00	44139.00	IS		50	25	3	120	11
1242	2024-04-08 05:33:00+00	7QY63G	MUX-DXB	FATIMA BIBI CHD	2024-04-09 19:00:00+00	\N	FLY DUBAI	46279.00	44139.00	IS		50	25	3	120	11
1243	2024-04-08 05:33:00+00	OQL16E	JED-MUX	KHIZAR ABBAS	2024-04-17 19:00:00+00	\N	AIR SIAL	74692.00	73325.00	RI		53	10	3	109	11
1244	2024-04-08 05:33:00+00	OQL16E	JED-MUX	ASIF SHAHZAD	2024-04-17 19:00:00+00	\N	AIR SIAL	74692.00	73325.00	IS		53	10	3	110	11
1245	2024-04-07 05:42:00+00	XDCFAW	ISB-DXB	RANA ALI SHAR	2024-04-07 19:00:00+00	\N	AIR BLUE	28210.00	27789.00	IS		56	11	3	111	11
1246	2024-04-07 05:42:00+00	8UES4M	JED-MUX	MUHAMMAD SAAD CHD	2024-05-01 19:00:00+00	\N	PIA	9553.00	8799.00	IS		64	18	3	112	8
1247	2024-04-07 05:42:00+00	8UES4M	JED-MUX	ZAINAB AHMAD	2024-05-01 19:00:00+00	\N	PIA	92530.00	90072.00	IS		64	18	3	113	11
1248	2024-04-07 05:42:00+00	7GXTQX	MUX-JED	BASHIR AHMAD	2024-04-08 19:00:00+00	\N	SAUDI ARABIAN AIRLINES	58516.00	56461.00	IS		53	25	3	114	9
1249	2024-04-07 05:42:00+00	8UDNRY	LHE-JED-MUX	SAFIA BANO	2024-04-07 19:00:00+00	2024-05-01 19:00:00+00	PIA	1000.00	0.00	RI		64	18	3	115	8
1250	2024-04-07 05:42:00+00	8UDNRY	LHE-JED-MUX	MUHAMMAD HAMMAD AFZAL	2024-04-07 19:00:00+00	2024-05-01 19:00:00+00	PIA	1000.00	0.00	RI		64	18	3	115	8
1251	2024-04-08 05:42:00+00	HMWMDV	DXB-KHI	MUHAMMAD AJMAL	2024-04-05 19:00:00+00	\N	AIR BLUE	108151.00	108451.00	RF		62	11	3	117	8
1252	2024-04-07 05:42:00+00	7H0Z66	MUX-DXB-MED	AMEER HAMZA (HAMZA OFFICE)	2024-04-08 19:00:00+00	\N	FLY DUBAI	71600.00	71317.00	IS		73	25	3	119	8
1254	2024-04-09 09:36:00+00	613711748	MUX MED	MUHAMMAD SHAHZAD	2024-04-12 19:00:00+00	\N	G9	102380.00	101474.00	IS		89	6	2	0	4
1255	2024-04-09 09:36:00+00	613713468	MUX MED	ABDUL HAFIZ	2024-04-12 19:00:00+00	\N	G9	98800.00	97639.00	IS		17	6	2	0	5
1256	2024-04-08 09:36:00+00	JET03U	MUX DXB	MUHAMMAD NAVEED ANJUM	2024-04-30 19:00:00+00	\N	FZ	65500.00	65169.00	IS		21	5	2	0	7
1257	2024-04-08 11:37:00+00	MPZTIL	SHJ-MUX	ABUBAKAR SIDDIQUE	2024-04-14 19:00:00+00	\N	AIR BLUE	35740.00	35199.00	IS		48	11	3	121	9
1258	2024-04-08 11:37:00+00	7HF75C	DXB-MUX	MUHAMMAD IBRAHIM	2024-05-11 19:00:00+00	\N	FLY DUBAI	1200.00	700.00	VO		105	25	3	122	10
1259	2024-04-08 11:37:00+00	Q9YSSL	MUX-MCT	AROUJ FATIMA	2024-04-08 19:00:00+00	\N	SALAM AIR	67073.00	66773.00	IS		59	12	3	123	9
1260	2024-04-08 11:59:00+00	P4W31Y	DXB-MUX-DXB	FAROOQ AHMAD	2024-03-25 19:00:00+00	\N	FLY DUBAI	-41679.00	-42179.00	RF		85	9	3	124	8
1261	2024-04-09 11:59:00+00	STLERZ	KHI-MCT	BASHARAT MAHMOOD	2024-04-24 19:00:00+00	\N	SALAM AIR	40047.00	39747.00	IS		56	12	3	125	10
1262	2024-04-15 09:44:00+00	9KO0B4	MUX GIZ	MUHAMMAD TARIQ	2024-04-30 19:00:00+00	\N	FZ	100000.00	99516.00	IS		6	5	2	0	7
970	2024-03-29 11:45:00+00	8U9L7C	MUX SHJ	MUZAMIL HUSSAIN	2024-03-30 19:00:00+00	\N	PK	32900.00	32722.00	IS	\N	6	2	2	0	\N
1263	2024-04-09 09:44:00+00	8UFNNE	DXB-KHI	MUHAMMAD RASHIQ	2024-05-30 19:00:00+00	\N	PIA	1000.00	300.00	VO		52	25	3	126	10
1264	2024-04-13 09:44:00+00	8E6XF2	RUH MUX	MUHAMMAD RAMZAN	2024-04-14 19:00:00+00	\N	FZ	49000.00	48509.00	IS		6	5	2	0	7
1265	2024-04-11 09:44:00+00	99BXO6	LYP RUH	MUHAMMAD RIZWAN HAIDER	2024-05-01 19:00:00+00	\N	FZ	84350.00	83970.00	IS		6	5	2	0	7
1266	2024-04-09 09:44:00+00	10KPDF	MUX-JED	MUHAMMAD RASHID	2024-04-10 19:00:00+00	\N	AIR SIAL	81330.00	79219.00	IS		66	10	3	127	9
1267	2024-04-11 09:51:00+00	JDH7OU	RUH KHI	Muhammad Zubair	2024-04-15 19:00:00+00	\N	FZ	42100.00	41434.00	IS		41	5	2	0	4
1268	2024-04-09 09:44:00+00	R1JQSL	MUX-MCT-DOH	MUHAMMAD RIAZ	2024-05-13 19:00:00+00	\N	SALAM AIR	72771.00	72471.00	IS		135	12	3	128	10
1286	2024-04-12 11:27:00+00	1GCZ53	KHI JED	ZAHID ALI ABBASI	2024-04-13 19:00:00+00	\N	PF	46200.00	45425.00	IS		16	8	2	0	7
1288	2024-04-14 11:27:00+00	613793923	KHI SHJ	MUHAMMAD FARHAN	2024-04-22 19:00:00+00	\N	G9	60000.00	56796.00	IS		76	6	2	0	7
1310	2024-04-15 12:08:00+00	7HSDX9	DXB-MUX	EMAN MUHAMMAD IRFAN (CHD)	2024-05-11 19:00:00+00	\N	FLY DUBAI	1500.00	700.00	VO		50	25	3	178	11
1269	2024-04-09 10:19:00+00	SP4FBP	MUX-JED-MUX	ZOHAIB AHMAD	2024-04-14 19:00:00+00	2024-05-10 19:00:00+00	SAUDI ARABIAN AIRLINES	140000.00	132000.00	IS		109	41	3	129	8
1271	2024-04-09 10:25:00+00	SP4FBP	MUX-JED-MUX	SAFIA SULTANA	2024-04-14 19:00:00+00	2024-05-10 19:00:00+00	SAUDI ARABIAN AIRLINES	140000.00	132000.00	IS		109	41	3	129	8
1273	2024-04-06 10:25:00+00	MMFD9U	MUX-JED-MUX	SAMREEN NAZLI KHAN	2024-04-17 19:00:00+00	2024-05-07 19:00:00+00	SAUDI ARABIAN AIRLINES	215000.00	210000.00	IS		73	36	3	130	8
1272	2024-04-06 10:25:00+00	MMFD9U	MUX-JED-MUX	MUHAMMAD GULFAM	2024-04-17 19:00:00+00	2024-05-07 19:00:00+00	SAUDI ARABIAN AIRLINES	215000.00	210000.00	IS		73	36	3	130	8
1282	2024-04-09 10:48:00+00	46M40Y	BAH-DXB-MUX	AMMAR KHAN	2024-04-12 19:00:00+00	\N	FLY DUBAI	62647.00	62247.00	IS		50	9	3	131	9
1281	2024-04-09 10:48:00+00	613732208	MUX-SHJ-MED	MUHAMMAD JAVED	2024-04-24 19:00:00+00	\N	AIR ARABIA	93016.00	79461.00	IS		109	13	3	132	9
1284	2024-04-10 10:48:00+00	GXDGLN	DXB-LHE	ALI HASSAN	2024-04-10 19:00:00+00	\N	AIR BLUE	69780.00	68292.00	IS		50	11	3	133	9
1283	2024-04-10 10:48:00+00	14J0VW	JED-MUX	USAMA ANWAR	2024-04-24 19:00:00+00	\N	AIR SIAL	50800.00	49632.00	IS		58	10	3	134	9
1280	2024-04-11 10:48:00+00	BYEKZJ	MUX-JED	GHULAM MUHAMMAD	2024-04-25 19:00:00+00	\N	AIR BLUE	87712.00	87000.00	IS		48	11	3	135	10
1291	2024-04-11 10:48:00+00	7HYNK3	DXB-MUX	SYED SHAHZAD ALI	2024-05-08 19:00:00+00	\N	FLY DUBAI	2000.00	700.00	VO		50	25	3	137	9
1290	2024-04-11 10:48:00+00	7HYP7D	DXB-MUX	MUHAMMAD BILAL	2024-05-07 19:00:00+00	\N	FLY DUBAI	2000.00	700.00	VO		50	25	3	136	9
1279	2024-04-11 10:48:00+00	MKTZJD	MUHAMMAD WAQAS	MUHAMMAD WAQAS	2024-04-10 19:00:00+00	\N	SAUDI ARABIAN AIRLINES	85922.00	82930.00	IS		66	25	3	138	10
1289	2024-04-11 10:48:00+00	SVNWER	SHJ-LHE	ARFAN ALI	2024-04-12 19:00:00+00	\N	AIR BLUE	26460.00	25323.00	IS		50	11	3	139	9
1277	2024-04-11 10:48:00+00	3OQ39X	JED-MCT-MUX	IMAM BAKHSH	2024-04-21 19:00:00+00	\N	SALAM AIR	46667.00	45167.00	IS		66	25	3	140	10
1285	2024-04-11 10:48:00+00	8UGBM3	JED-MUX	ABDUL BASIT	2024-05-13 19:00:00+00	\N	PIA	1500.00	300.00	VO		48	25	3	142	9
1287	2024-04-11 10:48:00+00	8UGBM3	JED-MUX	MUHAMMAD IMRAN	2024-05-13 19:00:00+00	\N	PIA	1500.00	300.00	VO		48	25	3	143	9
1301	2024-04-12 12:08:00+00	FVDZOU	MUX-SHJ	JANNAT MAI	2024-05-03 19:00:00+00	\N	AIR BLUE	68870.00	68119.00	IS		105	11	3	144	10
1302	2024-04-12 12:08:00+00	MHEJBI	MUX-SHJ	MUHAMMAD JAFFAR	2024-05-03 19:00:00+00	\N	AIR BLUE	68870.00	68119.00	IS		105	11	3	145	10
1298	2024-04-12 12:08:00+00	5ZNZOD	ISB-KHI	FAIZAN ALI QURESHI	2024-04-17 19:00:00+00	\N	SERENE AIR	19800.00	19263.00	IS		133	25	3	146	9
1299	2024-04-12 12:08:00+00	5ZNZOD	ISB-KHI	SANA FAIZAN	2024-04-17 19:00:00+00	\N	SERENE AIR	19800.00	19263.00	IS		133	25	3	147	9
1300	2024-04-12 12:08:00+00	5ZNZOD	ISB-KHI	MUHAMMAD BURHAN ALI (CHD)	2024-04-17 19:00:00+00	\N	SERENE AIR	15395.00	14965.00	IS		133	25	3	148	9
1292	2024-04-12 11:47:00+00	7HMRD4	JED-DXB	GHULAM HUSSAIN	2024-04-28 19:00:00+00	\N	FLY DUBAI	1000.00	700.00	VO		149	25	3	149	10
1293	2024-04-12 11:47:00+00	7HMRD4	JED-DXB	MUHAMMAD EJAZ	2024-04-28 19:00:00+00	\N	FLY DUBAI	1000.00	700.00	VO		149	25	3	150	10
1294	2024-04-12 11:47:00+00	7HMRD4	JED-DXB	MUHAMMAD YOUSAF	2024-04-28 19:00:00+00	\N	FLY DUBAI	1000.00	700.00	VO		149	25	3	151	10
1295	2024-04-12 11:47:00+00	7HQN1K	JED-DXB-MUX	ALI HAIDER	2024-04-28 19:00:00+00	\N	FLY DUBAI	1200.00	700.00	VO		149	25	3	152	10
1296	2024-04-12 12:08:00+00	7HQN1K	JED-DXB-MUX	SADA HUSSAIN	2024-04-28 19:00:00+00	\N	FLY DUBAI	1200.00	700.00	VO		149	25	3	153	10
1297	2024-04-12 12:08:00+00	7HQN1K	JED-DXB-MUX	SANA ULLAH	2024-04-28 19:00:00+00	\N	FLY DUBAI	1200.00	700.00	VO		149	25	3	154	10
1304	2024-04-13 12:08:00+00	HLRWNC	PER-KUL-PER	AWWAB AHMAD KHAN	2024-05-06 19:00:00+00	\N	MALINDO AIRWAYS	73551.00	71651.00	IS		126	25	3	156	9
1303	2024-04-13 12:08:00+00	ERMYOR	LHE-KUL-LHE	RAMSHA AZIZ BALOUCH	2024-05-06 19:00:00+00	\N	MALINDO AIRWAYS	167788.00	163109.00	IS		126	25	3	157	9
1305	2024-04-14 12:08:00+00	LWZXRO	ISB-JED	MUBASHAR HUSSAIN	2024-04-21 19:00:00+00	\N	AIR BLUE	103512.00	102463.00	IS		48	11	3	158	9
1274	2024-04-15 10:48:00+00	7HRMGV	JED-DXB-MUX	NAZIK HUSSAIN	2024-05-12 19:00:00+00	\N	FLY DUBAI	1500.00	700.00	VO		112	25	3	159	11
1275	2024-04-15 10:48:00+00	6ZUCZN	MUX-DXB-JED-MED-DXB-MUX	ABU SUFYAN MANZOOR AHMAD	2024-04-26 19:00:00+00	2024-05-04 19:00:00+00	FLY DUBAI	122949.00	121949.00	IS		133	9	3	160	11
1311	2024-04-15 12:46:00+00	IPFNVO	ISB-DXB	NADIA RASHEED	2024-04-16 19:00:00+00	\N	AIR BLUE	78526.00	78194.00	IS		127	11	3	166	9
1312	2024-04-15 12:46:00+00	IPFNVO	ISB-DXB	ANAM BASHIR	2024-04-16 19:00:00+00	\N	AIR BLUE	78526.00	78194.00	IS		127	11	3	167	9
1313	2024-04-15 12:46:00+00	IPFNVO	ISB-DXB	EMAN FATIMA	2024-04-16 19:00:00+00	\N	AIR BLUE	78526.00	78194.00	IS		127	11	3	168	9
1308	2024-04-15 12:08:00+00	7HSDX9	DXB-MUX	BHIRAWAN BIBI	2024-05-11 19:00:00+00	\N	FLY DUBAI	1500.00	700.00	VO		50	25	3	176	11
1309	2024-04-15 12:08:00+00	7HSDX9	DXB-MUX	FATIMA BIBI (CHD)	2024-05-11 19:00:00+00	\N	FLY DUBAI	1500.00	700.00	VO		50	25	3	177	11
1307	2024-04-15 12:08:00+00	I63A6W	MUX-MCT-JED	MUHAMMAD RASHID	2024-04-22 19:00:00+00	\N	SALAM AIR	82848.00	82372.00	IS		66	25	3	179	11
1306	2024-04-15 12:08:00+00	FNSMCT	MUX-JED	MUHAMMAD IJAZ	2024-04-24 19:00:00+00	\N	AIR BLUE	87412.00	87000.00	IS		75	11	3	180	9
1278	2024-04-11 10:48:00+00	G1Y4CK	MUX-MCT	MUHAMMAD FAROOQ	2024-04-10 19:00:00+00	\N	SALAM AIR	56176.00	55676.00	IS		124	25	3	141	10
1327	2024-04-15 08:07:00+00	MGJWLX	MUX-JED	MUHAMMAD ZAMAN	2024-04-26 19:00:00+00	\N	AIR BLUE	83812.00	83134.00	IS		48	11	3	182	9
1328	2024-04-15 08:07:00+00	PSWDZS	MUX-JED	MUHAMMAD DIN	2024-04-26 19:00:00+00	\N	AIR BLUE	79912.00	79269.00	IS		48	11	3	183	9
1329	2024-04-15 08:07:00+00	SAPPJD	UET-DXB	REHMATULLAH FAIZ MUHAMMAD (BAG ADD)	2024-04-15 19:00:00+00	\N	FLY DUBAI	4980.00	4680.00	IS		48	20	3	184	11
1330	2024-04-15 08:07:00+00	410UZ5	MUX-DXB-AHB	USAMA ABDUL LATIF	2024-04-16 19:00:00+00	\N	FLY DUBAI	129500.00	125506.00	IS		73	9	3	185	10
1331	2024-04-15 08:07:00+00	8UYOL3	MUX-DXB	MUHAMMAD TAYYAB	2024-05-05 19:00:00+00	\N	PIA	68034.00	66807.00	IS		66	18	3	186	11
1332	2024-04-15 08:07:00+00	BJFSXG	AUH-LHE	FAKHRA YOUNUS (REISSUE)	2024-04-25 19:00:00+00	\N	AIR BLUE	10500.00	10000.00	RI		126	11	3	187	9
1333	2024-04-15 08:07:00+00	BJFSXG	AUH-LHE	AYRA USMAN (REISSUE)	2024-04-25 19:00:00+00	\N	AIR BLUE	10500.00	10000.00	RI		126	11	3	187	9
1334	2024-04-15 08:32:00+00	SJPLWE	MUX-JED-MUX	SHAGUFTA RANI	2024-04-15 19:00:00+00	2024-05-05 19:00:00+00	SAUDI ARABIAN AIRLINES	135000.00	135000.00	IS		50	43	3	188	8
1336	2024-04-15 10:41:00+00	KWYBVA	LHE-RUH	ABDUL MAJEED (HAMZA OFFICE)	2024-04-25 19:00:00+00	\N	AIR BLUE	110362.00	109715.00	IS		73	11	3	189	8
1337	2024-04-16 10:47:00+00	8UYG12	MUX-MED	MUHAMMAD HASSAN RAZA ATTARI	2024-05-06 19:00:00+00	\N	PIA	81100.00	80740.00	IS		61	20	3	190	11
1270	2024-04-09 10:19:00+00	SP4FBP	MUX-JED-MUX	ARBAB QAYYUM	2024-04-14 19:00:00+00	2024-05-10 19:00:00+00	SAUDI ARABIAN AIRLINES	140000.00	132000.00	IS		109	41	3	129	8
1276	2024-04-12 10:48:00+00	8UG1Y4	JED-MUX	MUHAMMAD BILAL	2024-05-08 19:00:00+00	\N	PIA	1500.00	300.00	VO		53	25	3	155	10
1314	2024-04-15 12:46:00+00	SAPPJD	UET-DXB	REHMATULLAH FAIZ MUHAMMAD	2024-04-15 19:00:00+00	\N	FLY DUBAI	66443.00	66443.00	IS		48	20	3	161	11
1323	2024-04-15 12:46:00+00	613813912	MUX-SHJ-TIF	GHULAM SIDDIQUE	2024-05-01 19:00:00+00	\N	AIR ARABIA	84174.00	83174.00	IS		48	25	3	162	9
1324	2024-04-15 12:46:00+00	613813912	MUX-SHJ-TIF	ABDUL REHMAN	2024-05-01 19:00:00+00	\N	AIR ARABIA	84174.00	83174.00	IS		48	25	3	163	9
1325	2024-04-15 12:46:00+00	613813912	MUX-SHJ-TIF	UBAID ULLAH SHAH	2024-05-01 19:00:00+00	\N	AIR ARABIA	84174.00	83174.00	IS		48	25	3	164	9
1319	2024-04-15 12:46:00+00	MUHPKU	DXB-LHE	MUHAMMAD ASFAR BILAL	2024-04-16 19:00:00+00	\N	AIR BLUE	38940.00	38469.00	IS		70	11	3	165	11
1320	2024-04-15 12:46:00+00	8UHZSQ	DXB-ISB	NADIA RASHEED	2024-06-16 19:00:00+00	\N	PIA	40714.00	39778.00	IS		127	18	3	169	9
1321	2024-04-15 12:46:00+00	8UHZSQ	DXB-ISB	EMAN FATIMA	2024-06-16 19:00:00+00	\N	PIA	40714.00	39778.00	IS		127	18	3	170	9
1322	2024-04-15 12:46:00+00	8UHZSQ	DXB-ISB	ANAM BASHIR	2024-06-16 19:00:00+00	\N	PIA	40714.00	39778.00	IS		127	18	3	171	9
1316	2024-04-15 12:46:00+00	1O96SK	JED-MUX	TAJ BIBI	2024-04-19 19:00:00+00	\N	AIR SIAL	89466.00	88134.00	IS		143	10	3	172	10
1317	2024-04-15 12:46:00+00	1O95JY	JED-MUX	ZUBAIDA BIBI	2024-04-19 19:00:00+00	\N	AIR SIAL	89466.00	88134.00	IS		143	10	3	173	10
1318	2024-04-15 12:46:00+00	1O95LP	JED-MUX	MUSARAT BIBI	2024-04-19 19:00:00+00	\N	AIR SIAL	89466.00	88134.00	IS		143	10	3	174	10
1315	2024-04-15 12:46:00+00	MLTHQL	DXB-MUX	SHEIKH MUHAMMAD RAMZAN	2024-04-17 19:00:00+00	\N	AIR BLUE	31400.00	30980.00	IS		110	11	3	175	11
1326	2024-04-15 12:46:00+00	8UC7LS	MUX-JED	MUHAMMAD DAD	2024-04-09 19:00:00+00	\N	PIA	-25655.00	-29975.00	RF		105	18	3	181	8
1340	2024-04-16 11:38:00+00	ZAWIUM	MUX-JED-MUX	MUHAMMAD ARIF	2024-04-22 19:00:00+00	2024-05-11 19:00:00+00	AIR BLUE	133000.00	128549.00	IS		73	11	3	191	8
1341	2024-04-16 11:38:00+00	401370965	LHE-SHJ	MUKHTAR AHMAD	2024-04-22 19:00:00+00	\N	AIR ARABIA	68870.00	67879.00	IS		57	13	3	192	11
1342	2024-04-16 11:38:00+00	401340651	LHE-SHJ	MUKHTAR AHMAD	2024-04-10 19:00:00+00	\N	AIR ARABIA	-10168.00	-10968.00	RF		57	13	3	193	8
1343	2024-04-16 11:38:00+00	OQL16E	REFUNDED	ASIF SHAHZAD	\N	\N	AIR SIAL	-55825.00	-59325.00	RF		53	10	3	194	11
1344	2024-04-16 11:53:00+00	8UYL9E	MUX-DXB	TANVEER AHMAD	2024-04-30 19:00:00+00	\N	PIA	72240.00	71919.00	IS		150	20	3	195	11
1345	2024-04-16 11:53:00+00	3BJM5R	MUX-DXB	MUHAMMAD ASIM	2024-05-02 19:00:00+00	\N	FLY DUBAI	63538.00	62101.00	IS		53	25	3	196	8
1346	2024-04-17 10:03:00+00	PNPUHV	ISB-KHI-ISB	MUHAMMAD ANWAR (HAMZA OFFICE)	2024-04-23 19:00:00+00	2024-04-26 19:00:00+00	SERENE AIR	39000.00	38341.00	IS		73	25	3	197	8
1347	2024-04-17 10:03:00+00	1G5Y8P	KHI-ISB	MALIK FARHAT JAVED ABBAS (HAMZA OFFICE)	2024-04-26 19:00:00+00	\N	SERENE AIR	4500.00	4001.00	RI		73	25	3	198	8
1348	2024-04-17 10:03:00+00	XFOCMO	ISB-DXB	MUHAMMAD AKBAR	2024-04-28 19:00:00+00	\N	AIR BLUE	66670.00	66299.00	IS		62	11	3	199	11
1349	2024-04-17 10:03:00+00	PSDYLE	JED-ISB	MUHAMMAD YASIN	2024-04-22 19:00:00+00	\N	AIR BLUE	69412.00	68632.00	IS		57	11	3	200	9
1350	2024-04-17 10:03:00+00	SQKGXF	MUX-DXB-RUH	MUHAMMAD SADIQ NAWAZ	2024-04-18 19:00:00+00	\N	FLY DUBAI	110190.00	109678.00	IS		59	9	3	201	9
1351	2024-04-17 10:03:00+00	OFS3YB	UET-DXB	ALLAH DAD	2024-05-01 19:00:00+00	\N	FLY DUBAI	49269.00	48769.00	IS		105	9	3	202	9
1352	2024-04-17 10:03:00+00	OFS3YB	UET-DXB	ABDUL SALAM	2024-05-01 19:00:00+00	\N	FLY DUBAI	49269.00	48769.00	IS		105	9	3	203	9
1353	2024-04-17 10:03:00+00	IKLDMO	MUX-DXB-MUX	FAISAL HAFEEZ	2024-04-20 19:00:00+00	2024-04-22 19:00:00+00	AIR BLUE	133854.00	133196.00	IS		62	11	3	204	11
1354	2024-04-17 10:03:00+00	81XC91	KHI-MCT	UMAR JABBAR	2024-04-28 19:00:00+00	\N	SALAM AIR	48046.00	47747.00	IS		99	12	3	205	11
1355	2024-04-17 10:03:00+00	7LOO15	DXB-KBV	LAWAN BUKAM	2024-05-20 19:00:00+00	\N	FLY DUBAI	1200.00	700.00	VO		149	25	3	206	11
1356	2024-04-17 10:03:00+00	613856447	KHI-SHJ	MUHAMMAD AMIR	2024-05-05 19:00:00+00	\N	AIR ARABIA	49626.00	49126.00	IS		56	13	3	207	11
1357	2024-04-17 10:03:00+00	8UJ04A	MUX-JED	MUHAMMAD RIZWAN ALIAS SHAHANSHA	2024-04-17 19:00:00+00	\N	PIA	126480.00	124881.00	IS		66	18	3	208	8
1358	2024-04-18 10:03:00+00	OHBHNR	MUX-JED	KHAIR BAKHSH	2024-04-15 19:00:00+00	\N	AIR BLUE	-43775.00	-44275.00	RF		48	11	3	209	8
1359	2024-04-18 10:03:00+00	1W5E51	LHE-JED	TARIQ JAVED	2024-04-29 19:00:00+00	\N	AIR SIAL	85300.00	84131.00	IS		70	10	3	210	8
1360	2024-04-18 10:03:00+00	8UJPLR	JED-MUX	MUHAMMAD RIZWAN ALIAS SHAHANSHA	2024-05-13 19:00:00+00	\N	PIA	1000.00	300.00	VO		66	25	3	211	11
1361	2024-04-18 10:03:00+00	OIVDLO	KHI-MCT	MUHAMMAD IMRAN RAFIQ	2024-04-26 19:00:00+00	\N	SALAM AIR	54090.00	53783.00	IS		56	12	3	212	9
1362	2024-04-18 11:24:00+00	613856627	KHI-SHJ	MUHAMMAD ZAMAN	2024-04-30 19:00:00+00	\N	AIR ARABIA	50950.00	50430.00	IS		53	13	3	213	11
1339	2024-04-15 10:43:00+00	8UHTMP	LHE-KUL-LHE	MUHAMMAD ZUBAIR YOUSAF	2024-05-14 19:00:00+00	2024-04-18 19:00:00+00	PK	192322.00	190954.00	IS		22	2	2	0	\N
1363	2024-04-18 11:24:00+00	CJKAUQ	DXB-LHE	MUHAMMAD ASFAR BILAL	2024-04-17 19:00:00+00	\N	AIR BLUE	43580.00	43366.00	IS		70	11	3	214	11
1364	2024-04-18 11:24:00+00	MUHPKU	DXB-LHE	MUHAMMAD ASFAR BILAL	\N	\N	AIR BLUE	-37969.00	-38469.00	RF		70	11	3	215	8
1365	2024-04-18 11:24:00+00	4WNQ4H	MUX-DXB	MUHAMMAD HANIF	2024-05-05 19:00:00+00	\N	FLY DUBAI	61290.00	60790.00	IS		105	9	3	216	11
1366	2024-04-18 11:24:00+00	YYTGMR	MUX-DXB	ZAHID HUSSAIN BAKHSH	2024-05-05 19:00:00+00	\N	FLY DUBAI	64080.00	63580.00	IS		105	9	3	217	9
1367	2024-04-18 11:37:00+00	HLXDOJ	MUX-JED	MUHAMMAD RAFIQ	2024-04-21 19:00:00+00	\N	AIR BLUE	96000.00	94732.00	IS		73	11	3	218	8
1368	2024-04-18 11:37:00+00	8UK25R	MUX-MED	ANSAR ABBAS (HAMZA OFFICE)	2024-05-02 19:00:00+00	\N	PIA	92300.00	91843.00	IS		73	18	3	219	8
1369	2024-04-18 11:37:00+00	410UZ5	REFUNDED	USAMA ABDUL LATIF	\N	\N	FLY DUBAI	-129000.00	-125506.00	RF		73	9	3	220	8
1370	2024-04-18 11:37:00+00	1W55V5	MUX-JED	USAMA ABDUL LATIF	2024-04-16 19:00:00+00	\N	AIR SIAL	128000.00	104560.00	IS		73	10	3	221	8
1371	2024-04-18 11:37:00+00	FFXXDP	AHB-DXB-MUX	USAMA ABDUL LATIF	2024-05-20 19:00:00+00	\N	FLY DUBAI	1000.00	700.00	VO		73	25	3	222	11
1372	2024-04-18 14:38:00+00	NXDVHT	MUX-SHJ	ABDUL KARIM	2024-05-03 19:00:00+00	\N	AIR BLUE	73630.00	72679.00	IS		105	11	3	224	8
1373	2024-04-18 14:38:00+00	XWW16M	MUX-DXB-JED	MUHAMMAD ZAFAR	2024-05-03 19:00:00+00	\N	FLY DUBAI	67411.00	67111.00	IS		82	9	3	225	11
1374	2024-04-18 14:38:00+00	8UK4YN	KHI-MED	MUHAMMAD IRFAN	2024-04-28 19:00:00+00	\N	PIA	75972.00	75670.00	IS		61	20	3	226	8
1375	2024-04-18 14:38:00+00	ELJKJP	MUX-SHJ	MUSA KHAN	2024-05-07 19:00:00+00	\N	AIR BLUE	64010.00	63638.00	IS		48	11	3	227	8
1376	2024-04-18 14:38:00+00	ELJKJP	MUX-SHJ	SULEMAN SHER MUHAMMAD	2024-05-07 19:00:00+00	\N	AIR BLUE	64010.00	63638.00	IS		48	11	3	228	8
1377	2024-04-19 13:06:00+00	401388219	LHE-SHJ	FAISAL TARIQ	2024-05-01 19:00:00+00	\N	AIR ARABIA	70550.00	70026.00	IS		70	13	3	231	11
1378	2024-04-19 13:06:00+00	613887718	SHJ-MUX	NOOR DIN	2024-04-20 19:00:00+00	\N	AIR ARABIA	46500.00	45912.00	IS		48	13	3	232	9
1379	2024-04-19 13:06:00+00	MLTHQL	SHJ-MUX	SHEIKH MUHAMMAD RAMZAN	2024-04-21 19:00:00+00	\N	AIR BLUE	26500.00	25000.00	RI		110	11	3	233	11
1380	2024-04-19 13:06:00+00	8TSP33	LHE-KUL-LHE	MUHAMMAD JUNAID	2024-03-23 19:00:00+00	2024-04-16 19:00:00+00	PIA	-62842.00	-63342.00	RF		70	18	3	234	8
1381	2024-04-18 13:06:00+00	JO6XWM	MUX-JED-MUX	SAIRA BIBI	2024-04-17 19:00:00+00	2024-05-06 19:00:00+00	SAUDI ARABIAN AIRLINES	138000.00	127576.00	IS		75	35	3	223	8
1382	2024-04-18 13:06:00+00	JO6XWM	MUX-JED-MUX	AMEERA IQBAL	2024-04-17 19:00:00+00	2024-05-06 19:00:00+00	SAUDI ARABIAN AIRLINES	138000.00	127576.00	IS		75	35	3	223	8
1383	2024-04-18 13:06:00+00	JO6XWM	MUX-JED-MUX	HAMEEDA BIBI	2024-04-17 19:00:00+00	2024-05-06 19:00:00+00	SAUDI ARABIAN AIRLINES	138000.00	127576.00	IS		75	35	3	223	8
1384	2024-04-18 13:06:00+00	JO6XWM	MUX-JED-MUX	MUHAMMAD ARSHAD	2024-04-17 19:00:00+00	2024-05-06 19:00:00+00	SAUDI ARABIAN AIRLINES	138000.00	127576.00	IS		75	35	3	223	8
1385	2024-04-18 13:06:00+00	JO6XWM	MUX-JED-MUX	ABDUL HAFEEZ	2024-04-17 19:00:00+00	2024-05-06 19:00:00+00	SAUDI ARABIAN AIRLINES	138000.00	127576.00	IS		75	35	3	223	8
1386	2024-04-18 13:06:00+00	JO6XWM	MUX-JED-MUX	HUMA ABDUL HAFEEZ	2024-04-17 19:00:00+00	2024-05-06 19:00:00+00	SAUDI ARABIAN AIRLINES	138000.00	127576.00	IS		75	35	3	223	8
1387	2024-04-18 13:06:00+00	JO6XWM	MUX-JED-MUX	AMEER HAMZA	2024-04-17 19:00:00+00	2024-05-06 19:00:00+00	SAUDI ARABIAN AIRLINES	138000.00	127576.00	IS		75	35	3	223	8
1388	2024-04-18 13:06:00+00	JO6XWM	MUX-JED-MUX	FARIDA KHANUM	2024-04-17 19:00:00+00	2024-05-06 19:00:00+00	SAUDI ARABIAN AIRLINES	138000.00	127576.00	IS		75	35	3	223	8
1389	2024-04-18 13:06:00+00	JO6XWM	MUX-JED-MUX	FATIMA TU ZAHRA	2024-04-17 19:00:00+00	2024-05-06 19:00:00+00	SAUDI ARABIAN AIRLINES	145000.00	127576.00	IS		110	35	3	223	8
1390	2024-04-18 13:06:00+00	JO6XWM	MUX-JED-MUX	RAZIA BIBI	2024-04-17 19:00:00+00	2024-05-06 19:00:00+00	SAUDI ARABIAN AIRLINES	145000.00	127576.00	IS		110	35	3	223	8
1391	2024-04-18 13:06:00+00	JO6XWM	MUX-JED-MUX	MUSARAT YASMIN	2024-04-17 19:00:00+00	2024-05-06 19:00:00+00	SAUDI ARABIAN AIRLINES	145000.00	127576.00	IS		110	35	3	223	8
1392	2024-04-18 13:44:00+00	JO6XWM	MUX-JED-MUX	YASMEEN KOUSAR	2024-04-17 19:00:00+00	2024-05-06 19:00:00+00	SAUDI ARABIAN AIRLINES	145000.00	127576.00	IS		151	35	3	223	8
1393	2024-04-18 13:44:00+00	JO6XWM	MUX-JED-MUX	NATASHA RIYASAT	2024-04-17 19:00:00+00	2024-05-06 19:00:00+00	SAUDI ARABIAN AIRLINES	145000.00	127576.00	IS		151	35	3	223	8
1394	2024-04-18 13:44:00+00	JO6XWM	MUX-JED-MUX	MUHAMMAD BILAL	2024-04-17 19:00:00+00	2024-05-06 19:00:00+00	SAUDI ARABIAN AIRLINES	145000.00	127576.00	IS		151	35	3	223	8
1395	2024-04-18 13:44:00+00	JO6XWM	MUX-JED-MUX	MUHAMMAD JUNAID	2024-04-17 19:00:00+00	2024-05-06 19:00:00+00	SAUDI ARABIAN AIRLINES	135000.00	127576.00	IS		65	35	3	223	8
1396	2024-04-18 13:50:00+00	JO6XWM	MUX-JED-MUX	MUHAMMAD HUSSAIN	2024-04-17 19:00:00+00	2024-05-06 19:00:00+00	SAUDI ARABIAN AIRLINES	135000.00	127576.00	IS		65	35	3	223	8
1397	2024-04-18 13:50:00+00	JO6XWM	MUX-JED-MUX	NASEEM AKHTAR	2024-04-17 19:00:00+00	2024-05-06 19:00:00+00	SAUDI ARABIAN AIRLINES	135000.00	127576.00	IS		65	35	3	223	8
1398	2024-04-18 13:50:00+00	JO6XWM	MUX-JED-MUX	RASHEEDA	2024-04-17 19:00:00+00	2024-05-06 19:00:00+00	SAUDI ARABIAN AIRLINES	135000.00	127576.00	IS		65	35	3	223	8
1399	2024-04-18 13:50:00+00	JO6XWM	MUX-JED-MUX	SHAMIM MAI	2024-04-17 19:00:00+00	2024-05-06 19:00:00+00	SAUDI ARABIAN AIRLINES	135000.00	127576.00	IS		65	35	3	223	8
1400	2024-04-18 13:50:00+00	JO6XWM	MUX-JED-MUX	MUHAMMAD ABDULLAH	2024-04-17 19:00:00+00	2024-05-06 19:00:00+00	SAUDI ARABIAN AIRLINES	140000.00	127576.00	IS		100	35	3	223	8
1401	2024-04-18 14:01:00+00	JO6XWM	MUX-JED-MUX	KANIZAN BIBI	2024-04-17 19:00:00+00	2024-05-06 19:00:00+00	SAUDI ARABIAN AIRLINES	145000.00	127576.00	IS		152	35	3	223	8
1402	2024-04-18 14:01:00+00	JO6XWM	MUX-JED-MUX	ABDUL GHAFOOR	2024-04-17 19:00:00+00	2024-05-06 19:00:00+00	SAUDI ARABIAN AIRLINES	145000.00	127576.00	IS		152	35	3	223	8
1403	2024-04-18 14:01:00+00	JO6XWM	MUX-JED-MUX	HASHIM ALI	2024-04-17 19:00:00+00	2024-05-06 19:00:00+00	SAUDI ARABIAN AIRLINES	140000.00	127576.00	IS		85	35	3	223	8
1404	2024-04-18 14:01:00+00	JO6XWM	MUX-JED-MUX	FOZIA ZIA	2024-04-17 19:00:00+00	2024-05-06 19:00:00+00	SAUDI ARABIAN AIRLINES	140000.00	127576.00	IS		112	35	3	223	8
1405	2024-04-18 14:01:00+00	JO6XWM	MUX-JED-MUX	ZIA UR REHMAN	2024-04-17 19:00:00+00	2024-05-06 19:00:00+00	SAUDI ARABIAN AIRLINES	140000.00	127576.00	IS		112	35	3	223	8
1406	2024-04-18 14:01:00+00	JO6XWM	MUX-JED-MUX	MUHAMMAD IMRAN UL HAQ	2024-04-17 19:00:00+00	2024-05-06 19:00:00+00	SAUDI ARABIAN AIRLINES	135000.00	127576.00	IS		50	35	3	223	8
1407	2024-04-18 14:01:00+00	JO6XWM	MUX-JED-MUX	RAZIA BIBI	2024-04-17 19:00:00+00	2024-05-06 19:00:00+00	SAUDI ARABIAN AIRLINES	135000.00	127576.00	IS		50	35	3	223	8
1490	2024-04-22 06:12:00+00	613960612	JED-SHJ-MUX	JEWAN MAI	2024-04-24 19:00:00+00	\N	AIR ARABIA	59720.00	59220.00	IS		130	13	3	267	11
1491	2024-04-22 06:12:00+00	613959011	JED-SHJ-MUX	RUQIA BIBI	2024-04-24 19:00:00+00	\N	AIR ARABIA	55849.00	55349.00	IS		130	13	3	268	11
1409	2024-04-18 14:01:00+00	JO6XWM	MUX-JED-MUX	ROMANA BEGUM (03061730021)	2024-04-17 19:00:00+00	2024-05-06 19:00:00+00	SAUDI ARABIAN AIRLINES	145000.00	127576.00	IS		73	35	3	223	8
1408	2024-04-18 14:01:00+00	JO6XWM	MUX-JED-MUX	MUHAMMAD JAMIL (03061730021)	2024-04-17 19:00:00+00	2024-05-06 19:00:00+00	SAUDI ARABIAN AIRLINES	145000.00	127576.00	IS		73	35	3	223	8
1410	2024-04-20 10:25:00+00	N0UF4M	MUX-DXB	HUSSAIN BAKHSH	2024-04-30 19:00:00+00	\N	FLY DUBAI	100760.00	100255.00	IS		105	9	3	236	9
1411	2024-04-20 10:25:00+00	7LC8WW	MUX-DXB	SHER MUHAMMAD	2024-04-30 19:00:00+00	\N	FLY DUBAI	97826.00	95030.00	IS		105	25	3	237	9
1412	2024-04-20 10:25:00+00	V5GGZT	MUX-DXB	NAUSHEEN SAJJAD	2024-05-06 19:00:00+00	\N	FLY DUBAI	63990.00	63690.00	IS		50	9	3	238	11
1413	2024-04-20 10:25:00+00	V5GGZT	MUX-DXB	KIAN AKHTAR TAREEN INF	2024-05-06 19:00:00+00	\N	FLY DUBAI	12970.00	12670.00	IS		50	9	3	239	11
1414	2024-04-20 10:25:00+00	27ZCX0	MUX-JED	NAHEED MAI (IRFAN DHALOON)	2024-04-27 19:00:00+00	\N	AIR SIAL	86000.00	84383.00	IS		73	25	3	240	8
1415	2024-04-20 13:59:00+00	AMTZCO	LHE-DXB	NAYAR ABBAS	2024-05-25 19:00:00+00	\N	AIR BLUE	49950.00	49696.00	IS		145	11	3	243	11
1448	2024-04-20 07:58:00+00	JAL32Y	RUH MUX	Muhammad Mursleen	2024-04-23 19:00:00+00	\N	FZ	41700.00	41208.00	IS		6	5	2	0	5
1449	2024-04-19 07:58:00+00	5LP13A	DXB MUX	UAMIS KHAN	2024-04-21 19:00:00+00	\N	FZ	43870.00	43570.00	IS		21	5	2	0	5
1450	2024-04-19 07:58:00+00	IX1QWN	MUX DXB	QAZI GHULAM MOHYUDDIN	2024-04-21 19:00:00+00	\N	FZ	136400.00	138580.00	IS		21	5	2	0	7
1451	2024-04-19 07:58:00+00	NOQ8QC	MUX RUH	MUHAMMMAD TAUSEEF SAKHAWAT	2024-05-01 19:00:00+00	\N	FZ	74450.00	74381.00	IS		119	5	2	0	6
1453	2024-04-17 07:58:00+00	6STI9W	MUX RUH	Sanwal Altaf	2024-05-02 19:00:00+00	\N	FZ	70300.00	70018.00	IS		21	5	2	0	4
1454	2024-04-17 07:58:00+00	NZQI8S	RUH MUX	Muhammad Asif *4	2024-04-19 19:00:00+00	\N	FZ	195400.00	193408.00	IS		6	5	2	0	4
1455	2024-04-16 07:58:00+00	XEG1SH	MUX RUH	Sheikh Mudassar Ahmad	2024-04-28 19:00:00+00	\N	FZ	70770.00	69562.00	IS		21	5	2	0	4
1457	2024-04-16 07:58:00+00	R2E75J	RUH MUX	MUHAMMAD ASIF	2024-04-17 19:00:00+00	\N	FZ	48800.00	48289.00	IS		6	5	2	0	4
1335	2024-04-15 09:11:00+00	W9JINI	MUX RUH	MUHAMMAD WAQAS	2024-04-16 19:00:00+00	\N	FZ	110300.00	110000.00	IS		21	5	2	0	\N
1458	2024-04-17 09:00:00+00	W9JINI	MUX RUH	MUHAMMAD WAQAS	2024-04-21 19:00:00+00	\N	FZ	-110300.00	-110000.00	RF		21	5	2	0	\N
1459	2024-04-20 09:02:00+00	27ZFH9	MUX-JED	SHAH NAWAZ	2024-04-30 19:00:00+00	\N	AIR SIAL	81000.00	79445.00	IS		134	25	3	241	8
1460	2024-04-20 09:02:00+00	JGAVCU	MUX-JED	MUHAMMAD SADIQ NAWAZ	2024-04-20 19:00:00+00	\N	AIR BLUE	95512.00	94732.00	IS		59	11	3	242	8
1461	2024-04-20 09:02:00+00	8UL8LF	MUX-ELQ	SHAHBAZ FARID	2024-05-03 19:00:00+00	\N	PIA	96980.00	96537.00	IS		86	18	3	244	11
1462	2024-04-20 09:02:00+00	8ULB2Z	SHJ-MUX-SHJ	MUHAMMAD SUFYAN ANSARI	2024-05-20 19:00:00+00	2024-06-29 19:00:00+00	PIA	71181.00	70657.00	IS		53	20	3	245	11
1463	2024-04-20 09:02:00+00	8UL8J1	MUX-KHI-JED	ABDUL REHMAN	2024-04-30 19:00:00+00	\N	PIA	74570.00	73939.00	IS		66	18	3	246	8
1464	2024-04-20 09:15:00+00	241D8E	JED-MUX	MUZNA BILAL	2024-04-19 19:00:00+00	\N	AIR SIAL	147011.00	147011.00	IS		153	25	3	247	8
1465	2024-04-20 09:15:00+00	241D8E	JED-MUX	MUHAMMAD MAJID	2024-04-19 19:00:00+00	\N	AIR SIAL	147011.00	147011.00	IS		153	25	3	248	8
1466	2024-04-18 09:22:00+00	R2E75J	RUH MUX	MUHAMMAD ASIF	2024-04-21 19:00:00+00	\N	FZ	-12500.00	-13426.00	RF		6	5	2	0	\N
1467	2024-04-20 09:15:00+00	241D8E	JED-MUX	MIRHA MAJID (CHD)	2024-04-19 19:00:00+00	\N	AIR SIAL	113649.00	113649.00	IS		153	25	3	249	8
1469	2024-04-20 09:15:00+00	241D8E	JED-MUX	MUSTAFA MAJID (INF)	2024-04-19 19:00:00+00	\N	AIR SIAL	22228.00	22228.00	IS		153	25	3	250	8
1470	2024-04-20 09:15:00+00	241D21	JED-MUX	MUHAMMAD KHALID SIAL	2024-04-19 19:00:00+00	\N	AIR SIAL	138231.00	138231.00	IS		153	25	3	251	8
1471	2024-04-20 09:15:00+00	241D21	JED-MUX	KALSOOM AKHTAR	2024-04-19 19:00:00+00	\N	AIR SIAL	138231.00	138231.00	IS		153	25	3	252	8
1468	2024-04-22 09:22:00+00	SQ61ZS	RUH MUX	Allah Wasai Hassan Bakhsh Khan	2024-04-17 19:00:00+00	\N	FZ	-12500.00	-13426.00	RF		6	5	2	0	\N
1472	2024-04-20 09:15:00+00	241D21	JED-MUX	ALLAH DITTA ALLAH BAKHSH	2024-04-19 19:00:00+00	\N	AIR SIAL	138231.00	138231.00	IS		153	25	3	253	8
1473	2024-04-20 09:15:00+00	241D21	JED-MUX	MEMOONA KHALID	2024-04-19 19:00:00+00	\N	AIR SIAL	138231.00	138231.00	IS		153	25	3	254	8
1456	2024-04-16 07:58:00+00	SQ61ZS	RUH MUX	Allah Wasai Hassan Bakhsh Khan	2024-04-17 19:00:00+00	\N	FZ	48800.00	48289.00	IS		6	5	2	0	\N
1452	2024-04-19 07:58:00+00	6F139L	DXB MUX	MUHAMMAD SAGHEER	2024-04-21 19:00:00+00	\N	FZ	43928.00	43628.00	IS		37	5	2	0	\N
1474	2024-04-20 09:43:00+00	WR43GZ	MUX-JED-MUX	ABDUL SATTAR	2024-03-15 19:00:00+00	2024-04-05 19:00:00+00	SAUDI ARABIAN AIRLINES	-66899.00	-71899.00	RF		50	36	3	255	8
1475	2024-04-20 09:43:00+00	R79EQ8	MUX-JED-MUX	SHAGUFTA RANI	2024-03-30 19:00:00+00	2024-04-19 19:00:00+00	SAUDI ARABIAN AIRLINES	-73847.00	-74215.00	RF		50	36	3	256	8
1476	2024-04-16 11:54:00+00	613831610	UET MCT	MUHAMMAD MUSTAFA	2024-04-18 19:00:00+00	\N	G9	55000.00	54272.00	IS		154	6	2	0	4
1477	2024-04-17 11:54:00+00	613850255	TAS MUX	MUHAMMAD ZEESHAN SAEED *2	2024-05-12 19:00:00+00	\N	G9	197800.00	196800.00	IS		6	6	2	0	4
1478	2024-04-19 11:54:00+00	613892341	KHI TIF	MEHBOOB ALI	2024-05-01 19:00:00+00	\N	G9	73900.00	73102.00	IS		154	6	2	0	7
1479	2024-04-18 11:54:00+00	613849214	MUX TIF	REHMAT KHAN	2024-04-30 19:00:00+00	\N	G9	88300.00	87675.00	IS		154	6	2	0	7
1480	2024-04-18 11:54:00+00	613870509	MUX TIF	SHAHJAHAN JAHAN KHAN	2024-05-03 19:00:00+00	\N	G9	80300.00	79621.00	IS		154	6	2	0	4
1482	2024-04-22 05:52:00+00	3M63KH	REFUND	KALSOOM AKHTAR	\N	\N	None	-55504.00	-58504.00	RF		73	25	3	258	8
1483	2024-04-22 05:52:00+00	3M63KH	REFUND	ALLAH DITTA ALLAH BAKHSH	\N	\N	None	-55504.00	-58504.00	RF		73	25	3	259	8
1484	2024-04-22 05:52:00+00	3M63KH	REFUND	MEMOONA KHALID	\N	\N	None	-64464.00	-67464.00	RF		73	25	3	291	8
1481	2024-04-22 05:52:00+00	3M63KH	REFUND	MUHAMMAD KHALID SIAL	\N	\N		-56754.00	-59754.00	RF		73	25	3	257	8
1486	2024-04-22 06:12:00+00	8UMLEQ	KHI-MED	MUHAMMAD KALEEM	2024-04-28 19:00:00+00	\N	PIA	70437.00	70164.00	IS		61	20	3	263	8
1489	2024-04-22 06:12:00+00	613960612	JED-SHJ-MUX	AZHAR HUSSAIN	2024-04-24 19:00:00+00	\N	AIR ARABIA	59720.00	59220.00	IS		130	13	3	266	11
1485	2024-04-22 05:52:00+00	8UMN4E	KHI-MED	MUHAMMAD SIDDIQ	2024-04-26 19:00:00+00	\N	PIA	72800.00	64779.00	IS		132	20	3	262	11
1488	2024-04-22 06:12:00+00	8UMLAR	KHI-MED	MUGHEES AHMAD SALAH UD DIN	2024-04-29 19:00:00+00	\N	PIA	58011.00	57765.00	IS		61	20	3	265	11
1492	2024-04-22 06:12:00+00	DU2T4L	ISB-KHI	MUHAMMAD ZAIN UL BADAR	2024-05-04 19:00:00+00	\N	SERENE AIR	19500.00	18024.00	IS		82	25	3	269	8
1493	2024-04-22 06:12:00+00	DU2T4L	ISB-KHI	MUHAMMAD BURHAN PATEL	2024-05-04 19:00:00+00	\N	SERENE AIR	19500.00	18024.00	IS		82	25	3	270	8
1494	2024-04-22 06:12:00+00	DU2T4L	ISB-KHI	YOUSAF ABDUL GHAFOOR	2024-05-04 19:00:00+00	\N	SERENE AIR	19500.00	18024.00	IS		82	25	3	271	8
1495	2024-04-22 06:12:00+00	613955042	MUX-SHJ-MED	MUHAMMAD UMAR SALEEM	2024-05-08 19:00:00+00	\N	AIR ARABIA	85500.00	79461.00	IS		73	13	3	272	8
1496	2024-04-22 06:12:00+00	7LVBSR	MUX-BAH-DMM	UZMA MUKHTAR	2024-04-28 19:00:00+00	\N	GULF AIR	117216.00	114675.00	IS		50	25	3	273	11
1497	2024-04-22 06:12:00+00	7LVBSR	MUX-BAH-DMM	MUHAMMAD ATHAR ALI	2024-04-28 19:00:00+00	\N	GULF AIR	117216.00	114675.00	IS		50	25	3	274	11
1498	2024-04-22 06:12:00+00	7LVBSR	MUX-BAH-DMM	MUHAMMAD AOUN ALI (CHD)	2024-04-28 19:00:00+00	\N	GULF AIR	105496.00	103307.00	IS		50	25	3	275	11
1499	2024-04-22 06:12:00+00	7LVBSR	MUX-BAH-DMM	MUHAMMAD EESA ALI (CHD)	2024-04-28 19:00:00+00	\N	GULF AIR	105496.00	103307.00	IS		50	25	3	276	11
1500	2024-04-22 06:12:00+00	SHKD24	KHI-MCT	MUHAMMAD ASIF ABBAS	2024-05-04 19:00:00+00	\N	SALAM AIR	48100.00	47746.00	IS		130	12	3	277	11
1501	2024-04-22 07:45:00+00	LPBJ94	SKT-DXB-ELQ	AKHLAQ HUSSAIN	2024-05-08 19:00:00+00	\N	FLY DUBAI	81890.00	81496.00	IS		57	9	3	278	11
1502	2024-04-22 07:45:00+00	LPBJ94	SKT-DXB-ELQ	MARATAB HUSSAIN	2024-05-08 19:00:00+00	\N	FLY DUBAI	81890.00	81496.00	IS		57	9	3	279	11
1503	2024-04-22 07:45:00+00	SQKGXF	MUX-DXB-RUH	MUHAMMAD SADIQ NAWAZ	2024-04-18 19:00:00+00	\N	FLY DUBAI	-109178.00	-109678.00	RF		59	9	3	280	11
1504	2024-04-22 07:45:00+00	EWFTOJ	SHJ-MUX	ALI SHAN	2024-05-26 19:00:00+00	\N	AIR BLUE	19500.00	19200.00	RI		62	11	3	281	11
1505	2024-04-22 07:45:00+00	EWFTOJ	SHJ-MUX	ALI SHAN	2024-04-21 19:00:00+00	\N	AIR BLUE	31580.00	31400.00	IS		62	11	3	282	9
1506	2024-04-22 08:01:00+00	8UMDAS	MUX-KHI-DXB	MUHAMMAD FARHAN	2024-05-01 19:00:00+00	\N	PIA	67022.00	66729.00	IS		53	20	3	283	11
1507	2024-04-22 08:01:00+00	613951131	KHI-SHJ-MED	FIAZ HUSSAIN	2024-04-30 19:00:00+00	\N	AIR ARABIA	69150.00	68646.00	IS		72	13	3	284	11
1508	2024-04-22 08:01:00+00	NHXLEB	MUX-SHJ	MUNIR AHMAD	2024-05-24 19:00:00+00	\N	AIR BLUE	50450.00	23989.00	IS		129	11	3	285	8
1509	2024-04-22 08:01:00+00	NHXLEB	MUX-SHJ	QAISAR KHAN	2024-05-24 19:00:00+00	\N	AIR BLUE	50450.00	23989.00	IS		129	11	3	286	8
1510	2024-04-22 08:01:00+00	RLVJRP	MUX-JED	NOOR UL HASSAN QARI	2024-04-25 19:00:00+00	\N	AIR BLUE	88157.00	26075.00	IS		84	11	3	287	11
1511	2024-04-22 08:01:00+00	PYDJHJ	MUX-SHJ	KHALID MEHMOOD	2024-05-24 19:00:00+00	\N	AIR BLUE	50000.00	49703.00	IS		129	11	3	288	9
1512	2024-04-22 08:01:00+00	QYCI1I	UET-DXB	MUHAMMAD HAMID	2024-04-28 19:00:00+00	\N	FLY DUBAI	76280.00	75980.00	IS		48	9	3	289	11
1513	2024-04-22 08:01:00+00	2XRC5J	MUX-DXB	ZULFIQAR MUHAMMAD	2024-05-05 19:00:00+00	\N	FLY DUBAI	61370.00	60870.00	IS		105	9	3	290	9
1514	2024-04-23 08:18:00+00	IK23US	KHI-MCT	MUHAMMAD AKBAR ALI	2024-05-11 19:00:00+00	\N	SALAM AIR	38700.00	38293.00	IS		61	12	3	292	11
1515	2024-04-23 08:18:00+00	8UMT0H	DXB-MUX	SHEENA ARSHAD MOON	2024-05-19 19:00:00+00	\N	PIA	1000.00	300.00	VO		62	25	3	293	8
1516	2024-04-23 08:18:00+00	8UBTLY	LHE-MCT	SYED SAIM ALI GILLANI	2024-04-10 19:00:00+00	\N	PIA	58470.00	58120.00	IS		126	17	3	294	11
1517	2024-04-23 08:18:00+00	8UBTKG	LHE-MCT	SYED GULL HASSAN SHAH	2024-04-10 19:00:00+00	\N	PIA	58470.00	58120.00	IS		126	17	3	295	11
1518	2024-04-23 08:18:00+00	DKRLSP	MUX-JED	MUHAMMAD NADEEM	2024-05-04 19:00:00+00	\N	SAUDI ARABIAN AIRLINES	81591.00	78766.00	IS		48	25	3	296	8
1519	2024-04-23 08:18:00+00	IT5TM5	LYP-DXB-AHB	MUHAMMAD IRFAN	2024-05-06 19:00:00+00	\N	FLY DUBAI	82636.00	82336.00	IS		99	9	3	297	11
1520	2024-04-23 08:18:00+00	IT5TM5	LYP-DXB-AHB	MUNEEB AHMAD	2024-05-06 19:00:00+00	\N	FLY DUBAI	82636.00	82336.00	IS		99	9	3	298	11
1521	2024-03-20 08:18:00+00	52RWY2	MUX-DXB-RUH	MUHAMMAD IMRAN	2024-03-19 19:00:00+00	\N	FLY DUBAI	71470.00	68284.00	IS		53	25	3	299	11
1526	2024-04-23 08:18:00+00	2JTTN8	MUX-JED	YASMEEN ABDUL MANNAN	2024-05-01 19:00:00+00	\N	AIR SIAL	78090.00	77048.00	IS		82	10	3	304	8
1527	2024-04-23 08:18:00+00	2JTTN8	MUX-JED	ABDUL MANNAN YOUSAF MUHAMMAD	2024-05-01 19:00:00+00	\N	AIR SIAL	78090.00	77048.00	IS		82	10	3	305	8
1528	2024-04-24 11:41:00+00	DWECMD	MUX-JED	MUHAMMAD ALI	2024-04-28 19:00:00+00	\N	AIR BLUE	76312.00	75703.00	IS		82	11	3	306	11
1529	2024-04-24 11:41:00+00	4V4USH	MUX-DXB-GIZ	IMRAN ALI	2024-05-09 19:00:00+00	\N	FLY DUBAI	94460.00	94056.00	IS		86	9	3	307	11
1525	2024-04-23 08:18:00+00	7CR5VJ	MED-DXB	MUSTAFA MAJID INF	\N	\N	FLY DUBAI	-10925.00	-11520.00	RF		73	18	3	303	8
1522	2024-04-23 08:18:00+00	7CR5VJ	MED-DXB	MUHAMMAD MAJID	\N	\N	FLY DUBAI	-63669.00	-65669.00	RF		73	18	3	300	8
1523	2024-04-23 08:18:00+00	7CR5VJ	MED-DXB	MUZNA BILAL	\N	\N	FLY DUBAI	-63669.00	-65669.00	RF		73	18	3	301	8
1524	2024-04-23 08:18:00+00	7CR5VJ	MED-DXB	MIRHA MAJID	\N	\N	FLY DUBAI	-63669.00	-65669.00	RF		73	18	3	302	8
1530	2024-04-25 05:39:00+00	8UD05D	LHE KUL LHE	MUNEER ALI	2024-04-06 19:00:00+00	\N	PK	-60000.00	-63946.00	RF		22	2	2	0	\N
85	2024-03-06 07:29:00+00	8TZZGP	MUX MED MUX	Ali Asad	2024-03-14 19:00:00+00	2024-03-25 19:00:00+00	PK	171900.00	170756.00	IS	\N	24	2	2	0	\N
1531	2024-04-25 06:07:00+00	8UL6ZB	MUX JED KHI	Baqir / Ali Naeem	2024-04-23 19:00:00+00	\N	PK	273750.00	273489.00	IS		12	2	2	0	4
1532	2024-04-24 06:09:00+00	8UZ3D7	MUX-MCT	KHALID MASOOD	2024-04-26 19:00:00+00	\N	PIA	112880.00	112147.00	IS		86	20	3	308	11
1533	2024-04-24 06:09:00+00	8UZ3PE	DXB-MUX-DXB	MUHAMMAD ARIF	2024-04-28 19:00:00+00	\N	PIA	71607.00	71083.00	IS		53	20	3	309	8
53	2024-03-03 08:31:00+00	8TMTNL	ISB DMM	ASMA IMRAN 1 Adult 2 Child	2024-03-20 19:00:00+00	\N	PK	204300.00	202922.00	IS	\N	44	2	2	0	\N
1534	2024-04-22 07:57:00+00	8UK787	MUX MED	GHULAM SUGHRAN	2024-05-06 19:00:00+00	\N	Pk	84101.00	83585.00	IS		6	2	2	0	\N
1535	2024-04-25 07:57:00+00	8UZFNY	MUX SHJ	MUHAMMAD SHAFIQ	2024-05-13 19:00:00+00	\N	PK	62967.00	62559.00	IS		154	2	2	0	\N
1487	2024-04-22 06:12:00+00	8UMLD5	KHI-MED	MUHAMMAD AHSAN	2024-04-26 19:00:00+00	\N	PIA	65025.00	64779.00	IS		61	20	3	264	11
1537	2024-04-25 06:27:00+00	FPKZPW	MUX-JED	MUHAMMAD ANSAR	2024-04-29 19:00:00+00	\N	AIR BLUE	72612.00	72037.00	IS		86	11	3	313	11
1538	2024-04-25 06:27:00+00	RNQXPL	MUX-JED	MUHAMMAD AFZAAL	2024-04-29 19:00:00+00	\N	AIR BLUE	72612.00	26575.00	IS		86	11	3	314	8
1539	2024-04-25 06:27:00+00	UAMVMK	MUX-JED	MUHAMMAD KAMRAN RAZZAQ	2024-04-29 19:00:00+00	\N	AIR BLUE	68612.00	68072.00	IS		86	11	3	315	11
1540	2024-04-25 06:27:00+00	UAMVMK	MUX-JED	ABDUL REHMAN	2024-04-29 19:00:00+00	\N	AIR BLUE	68612.00	68072.00	IS		86	11	3	316	11
1541	2024-04-25 06:27:00+00	YTDFM3	MUX-DXB	MUHAMMAD FAIZAN	2024-05-17 19:00:00+00	\N	FLY DUBAI	61200.00	60890.00	IS		86	9	3	317	11
1542	2024-04-25 06:27:00+00	1T121D	DXB-MUX	MUHAMMAD AKBAR	2024-04-24 19:00:00+00	\N	FLY DUBAI	46149.00	45849.00	IS		50	9	3	318	11
1543	2024-04-25 06:27:00+00	614014674	MUX-SHJ-MUX	MUHAMMAD AJMAL SHAHZAD QURESHI	2024-10-30 19:00:00+00	2024-11-07 19:00:00+00	AIR ARABIA	38696.00	38196.00	IS		62	13	3	319	11
1544	2024-04-25 06:27:00+00	614014674	MUX-SHJ-MUX	SHAZIA AJMAL	2024-10-30 19:00:00+00	2024-11-07 19:00:00+00	AIR ARABIA	38696.00	38196.00	IS		62	13	3	320	11
1545	2024-04-25 06:27:00+00	5D2374	JED-MUX	ABDUL QADIR ABDUL AZIZ	2024-05-20 19:00:00+00	\N	SAUDI ARABIAN AIRLINES	43440.00	42040.00	IS		73	25	3	321	8
1546	2024-04-25 06:27:00+00	5D2374	JED-MUX	RAFIA BIBI (ABDUL AZIZ)	2024-05-20 19:00:00+00	\N	SAUDI ARABIAN AIRLINES	43440.00	42040.00	IS		73	25	3	322	8
1547	2024-04-25 06:27:00+00	8UKZ09	DXB-ISB	MUHAMMAD KAMRAN	\N	\N	PIA	1000.00	300.00	VO		52	25	3	323	11
1548	2024-04-25 07:54:00+00	T9MFLU	JED-DXB-MUX	MUHAMMAD RAMZAN	2024-04-29 19:00:00+00	\N	FLY DUBAI	51556.00	50908.00	IS		53	25	3	324	8
1549	2024-04-26 07:54:00+00	8UZTDE	DXB-ISB	MUHAMMAD KAMRAN	\N	\N	PIA	1000.00	300.00	VO		52	25	3	325	8
1550	2024-04-24 09:18:00+00	2NRR91	MUX JED	SAWERA MUHAMMAD KALU	2024-04-30 19:00:00+00	\N	PF	75500.00	74307.00	IS		14	8	2	0	6
1551	2024-04-23 09:18:00+00	2JTQVJ	KHI JED	FNU SHAHZADO	2024-04-24 19:00:00+00	\N	PF	111400.00	109317.00	IS		16	8	2	0	4
1552	2024-04-20 09:18:00+00	27ZI12	MUX JED	MUHAMMAD IMRAN	2024-04-30 19:00:00+00	\N	PF	80500.00	79219.00	IS		7	8	2	0	6
1553	2024-04-18 09:18:00+00	203FLZ	MUX JED	MUHAMMAD RIAZ	2024-04-19 19:00:00+00	\N	PF	105900.00	104162.00	IS		47	8	2	0	6
1554	2024-04-15 09:25:00+00	1O9GKE	JED MUX	ANAM TARIQ*3	2024-04-16 19:00:00+00	\N	PF	194380.00	193160.00	IS		119	8	2	0	7
1583	2024-04-29 09:26:00+00	CIUFFW	(CMB)-(LHE)	MUNEER ALI	2024-01-03 19:00:00+00	\N	UL	200.00	100.00	IS		28	1	1	0	\N
1584	2024-04-29 09:27:00+00	HTMVVX	(RUH)-(MUX)	MEHR UN NISA TALHA MAHMOOD	2024-08-03 19:00:00+00	\N	GF	11.00	11.00	IS		28	1	1	0	\N
1555	2024-04-26 09:36:00+00	1RY8RD	ISB KHI	SABA NOREEN *2	2024-03-25 19:00:00+00	\N	PF	-24000.00	-22530.00	RF		119	8	2	0	\N
1556	2024-04-07 09:46:00+00	SOD6DC	MUX JED	MUHAMMAD SALEEM	2024-04-07 19:00:00+00	\N	PF	75500.00	74307.00	IS		154	8	2	0	5
1557	2024-04-23 11:03:00+00	FXDEY5	UET DXB	REHMAT ULLAH	2024-05-02 19:00:00+00	\N	FZ	49400.00	48870.00	IS		154	5	2	0	7
1559	2024-04-26 12:16:00+00	OH8LNJ	UET-DXB	PAIND KHAN	2024-05-08 19:00:00+00	\N	FLY DUBAI	50520.00	50220.00	IS		129	9	3	328	8
1558	2024-04-26 12:16:00+00	OH8LNJ	UET-DXB	ABDUL QADIR	2024-05-08 19:00:00+00	\N	FLY DUBAI	50520.00	50220.00	IS		129	9	3	327	8
1560	2024-04-26 05:56:00+00	7MP5V2	JED-MUX	ATIQ UR REHMAN	2024-06-22 19:00:00+00	\N	SAUDI ARABIAN AIRLINES	52044.00	52044.00	IS		156	25	3	329	8
1561	2024-04-26 05:56:00+00	7MP5V2	JED-MUX	ATIQ UR REHMAN	\N	\N	SAUDI ARABIAN AIRLINES	500.00	500.00	VO		156	25	3	330	8
1562	2024-04-26 05:56:00+00	JXLYBR	LHE-RUH-LHE	BASHIR AHMAD	\N	\N	AIR BLUE	-10102.00	-10602.00	RF		75	11	3	331	11
1563	2024-04-26 05:56:00+00	8UMN4E	KHI-MED	MUHAMMAD SIDDIQ	\N	\N	PIA	-51163.00	-46142.00	RF		132	20	3	332	8
1564	2024-04-26 06:35:00+00	8U5DNG	JED-LHE	ABDUL RAHIM	\N	\N	PIA	-87924.00	-88924.00	RF		48	17	3	333	8
1565	2024-04-26 06:35:00+00	8TEAMA	REFUND	FNU TAWAKLI	\N	\N	PIA	-78733.00	-79733.00	RF		48	17	3	334	8
1566	2024-04-26 06:35:00+00	8SZZR8	REFUND	HASSAN KHAN	\N	\N	PK	-78733.00	-79733.00	RF		48	17	3	335	8
1536	2024-04-25 06:27:00+00	JHWCUR	MUX-SHJ	ZAFAR ULLAH ABDULLAH	2024-05-10 19:00:00+00	\N	AIR BLUE	73430.00	23989.00	IS		105	11	3	312	11
1567	2024-04-27 06:26:00+00	ML88B2	LYP-DXB-DMM	ABDUL MAJEED	2024-05-14 19:00:00+00	\N	FLY DUBAI	71265.00	68465.00	IS		158	9	3	336	8
1568	2024-04-27 06:26:00+00	QKEIRG	MUX-DXB	MUHAMMAD RAFIQ	2024-05-05 19:00:00+00	\N	FLY DUBAI	105150.00	104350.00	IS		105	9	3	337	8
1569	2024-04-27 06:26:00+00	ISKJIE	JED-MCT	IRFAN AHMAR	2024-04-30 19:00:00+00	\N	SALAM AIR	52523.00	52115.00	IS		57	12	3	338	11
1570	2024-04-27 06:26:00+00	ISKJIE	JED-MCT	SAMINA ANWAR	2024-04-30 19:00:00+00	\N	SALAM AIR	52523.00	52115.00	IS		57	12	3	339	11
1571	2024-04-27 06:26:00+00	ISKJIE	JED-MCT	IRSHAD SEHER	2024-04-30 19:00:00+00	\N	SALAM AIR	52523.00	52115.00	IS		57	12	3	340	11
1572	2024-04-27 06:26:00+00	ISKJIE	JED-MCT	ESHAAL FATIMA	2024-04-30 19:00:00+00	\N	SALAM AIR	52523.00	52115.00	IS		57	12	3	341	11
1573	2024-04-27 06:26:00+00	MXUKLH	MUX-SHJ	MUHAMMAD AKRAM	2024-05-26 19:00:00+00	\N	AIR BLUE	49540.00	48949.00	IS		129	11	3	342	11
1574	2024-04-27 06:26:00+00	MXUKLH	MUX-SHJ	MUHAMMAD TAHIR	2024-05-26 19:00:00+00	\N	AIR BLUE	49540.00	48949.00	IS		129	11	3	343	11
1575	2024-04-27 06:41:00+00	8BANUW	DXB-LHE	MUHAMMAD ATIF	2024-05-24 19:00:00+00	\N	SERENE AIR	29091.00	28591.00	IS		159	25	3	344	11
1576	2024-04-27 06:41:00+00	7NQ909	DXB-MUX	SWERA AKRAM	\N	\N	FLY DUBAI	1200.00	700.00	VO		50	25	3	345	9
1577	2024-04-27 06:41:00+00	8U5MLP	MUX-MED	ASGHAR ALI	\N	\N	PIA	-78861.00	-79861.00	RF		58	17	3	346	8
1578	2024-04-27 06:41:00+00	1G5Y8P	ISB-KHI	MALIK FARHAT JAVED ABBAS (HAMZA OFFICE)	\N	\N	SERENE AIR	-18481.00	-18481.00	RF		73	25	3	347	8
1579	2024-04-27 06:41:00+00	1G5Y8P	ISB-KHI	MUZAFFAR HUSSAIN (HAMZA OFFICE)	\N	\N	SERENE AIR	-18481.00	-18481.00	RF		73	25	3	348	8
1580	2024-04-27 06:41:00+00	1G5Y8P	ISB-KHI	MUHAMMAD SAJID (HAMZA OFFICE)	\N	\N	SERENE AIR	-18481.00	-18481.00	RF		73	25	3	349	8
1581	2024-04-27 06:41:00+00	8ULB2D	SHJ-MUX-SHJ	MUHAMMAD SUFYAN ANSARI	\N	\N	PIA	-59537.00	-60537.00	RF		53	20	3	350	11
1582	2024-04-27 06:41:00+00	SA8JWU	MUX-DXB-MED	ATIQ UR REHMAN GHULAM JAN	2024-06-02 19:00:00+00	\N	FLY DUBAI	82825.00	82825.00	IS		156	9	3	351	\N
\.


--
-- Data for Name: ticket_trip; Type: TABLE DATA; Schema: public; Owner: avnadmin
--

COPY public.ticket_trip (id, flight, sector, departure, arrival) FROM stdin;
3	SV	MUX JED	2024-04-17	2024-05-01
21	SV Update	LHR DXB	2024-04-22	2024-04-30
22	Night 34	JED MUX	2024-05-01	2024-05-11
5	SV Updated	MUX JED	2024-04-17	2024-05-01
1	SV	MUX JED	2024-04-17	2024-05-01
2	PF	JED MUX	2024-05-02	2024-05-08
6	SV Updated	MUX JED	2024-04-17	2024-05-01
4	PF	JED MUX	2024-05-02	2024-05-08
\.


--
-- Data for Name: ticket_visa; Type: TABLE DATA; Schema: public; Owner: avnadmin
--

COPY public.ticket_visa (id, riyal_rate, sale, sale_pkr, purchase, purchase_pkr, visa_type, duration, created_at, customer_id, supplier_id, user_id, pass_name, pass_num) FROM stdin;
7	76.00	112231.00	1231.00	12312.00	12231.00	DV	36	2024-04-15 09:41:00+00	28	1	1	Ali second	123
6	76.00	1231.00	12321.00	1231.00	1231.00	DV	36	2024-04-15 09:39:00+00	28	1	1	Zia First	1234
8	76.00	500.00	200.00	200.00	4000.00	DV	36	2024-04-16 13:18:00+00	3	1	1	Visa Name	Passp123
9	100.00	200.00	20000.00	150.00	15000.00	DV	1m	2024-04-22 11:44:31.33951+00	\N	\N	1	John Doe	AB123456
10	100.00	200.00	20000.00	150.00	15000.00	DV	1m	2024-04-22 11:44:33.339707+00	\N	\N	1	John Doe	AB123456
11	100.00	200.00	20000.00	150.00	15000.00	DV	1m	2024-04-22 11:44:34.844023+00	\N	\N	1	John Doe	AB123456
12	100.00	200.00	20000.00	150.00	15000.00	DV	1m	2024-04-22 11:44:36.099758+00	\N	\N	1	John Doe	AB123456
13	100.00	200.00	20000.00	150.00	15000.00	DV	1m	2024-04-22 11:44:37.180728+00	\N	\N	1	John Doe	AB123456
14	100.00	200.00	20000.00	150.00	15000.00	DV	1m	2024-04-22 11:44:42.718982+00	\N	\N	1	John Doe	AB123456
15	100.00	200.00	20000.00	150.00	15000.00	DV	1m	2024-04-22 11:44:45.821534+00	\N	\N	1	John Doe	AB123456
16	100.00	200.00	20000.00	150.00	15000.00	DV	1m	2024-04-22 11:44:46.760956+00	\N	\N	1	John Doe	AB123456
17	100.00	200.00	20000.00	150.00	15000.00	DV	1m	2024-04-22 11:44:47.622865+00	\N	\N	1	John Doe	AB123456
18	100.00	200.00	20000.00	150.00	15000.00	DV	1m	2024-04-22 11:44:48.511631+00	\N	\N	1	John Doe	AB123456
19	76.50	550.00	42075.00	535.00	40927.50	UV	1m	2024-04-05 13:57:00+00	144	45	3	MEHMOOD UL HASSAN	XXXXXXXXXX
\.


--
-- Data for Name: ticket_voucher; Type: TABLE DATA; Schema: public; Owner: avnadmin
--

COPY public.ticket_voucher (id, created_at, updated_at, user_id, transport) FROM stdin;
3	2024-04-17 14:10:36.167758+00	2024-04-17 14:10:36.167769+00	1	f
1	2024-04-16 11:26:57.922799+00	2024-04-16 11:26:57.922818+00	1	f
4	2024-04-22 15:47:29.525107+00	2024-04-22 15:47:29.525116+00	1	t
\.


--
-- Data for Name: ticket_voucher_trip; Type: TABLE DATA; Schema: public; Owner: avnadmin
--

COPY public.ticket_voucher_trip (id, voucher_id, trip_id) FROM stdin;
1	1	1
2	1	2
3	3	3
4	3	4
19	4	21
20	4	22
\.


--
-- Data for Name: ticket_voucher_visas; Type: TABLE DATA; Schema: public; Owner: avnadmin
--

COPY public.ticket_voucher_visas (id, voucher_id, visa_id) FROM stdin;
60	3	7
68	1	6
69	1	7
70	1	8
71	1	10
72	1	15
73	1	17
74	1	18
88	4	9
89	4	13
\.


--
-- Name: auth_group_id_seq; Type: SEQUENCE SET; Schema: public; Owner: avnadmin
--

SELECT pg_catalog.setval('public.auth_group_id_seq', 1, true);


--
-- Name: auth_group_permissions_id_seq; Type: SEQUENCE SET; Schema: public; Owner: avnadmin
--

SELECT pg_catalog.setval('public.auth_group_permissions_id_seq', 1, false);


--
-- Name: auth_permission_id_seq; Type: SEQUENCE SET; Schema: public; Owner: avnadmin
--

SELECT pg_catalog.setval('public.auth_permission_id_seq', 100, true);


--
-- Name: auth_user_groups_id_seq; Type: SEQUENCE SET; Schema: public; Owner: avnadmin
--

SELECT pg_catalog.setval('public.auth_user_groups_id_seq', 1, false);


--
-- Name: auth_user_id_seq; Type: SEQUENCE SET; Schema: public; Owner: avnadmin
--

SELECT pg_catalog.setval('public.auth_user_id_seq', 4, true);


--
-- Name: auth_user_user_permissions_id_seq; Type: SEQUENCE SET; Schema: public; Owner: avnadmin
--

SELECT pg_catalog.setval('public.auth_user_user_permissions_id_seq', 1, false);


--
-- Name: django_admin_log_id_seq; Type: SEQUENCE SET; Schema: public; Owner: avnadmin
--

SELECT pg_catalog.setval('public.django_admin_log_id_seq', 68, true);


--
-- Name: django_content_type_id_seq; Type: SEQUENCE SET; Schema: public; Owner: avnadmin
--

SELECT pg_catalog.setval('public.django_content_type_id_seq', 24, true);


--
-- Name: django_migrations_id_seq; Type: SEQUENCE SET; Schema: public; Owner: avnadmin
--

SELECT pg_catalog.setval('public.django_migrations_id_seq', 76, true);


--
-- Name: ticket_customer_id_seq; Type: SEQUENCE SET; Schema: public; Owner: avnadmin
--

SELECT pg_catalog.setval('public.ticket_customer_id_seq', 159, true);


--
-- Name: ticket_hotel_id_seq; Type: SEQUENCE SET; Schema: public; Owner: avnadmin
--

SELECT pg_catalog.setval('public.ticket_hotel_id_seq', 17, true);


--
-- Name: ticket_hotelbooking_id_seq; Type: SEQUENCE SET; Schema: public; Owner: avnadmin
--

SELECT pg_catalog.setval('public.ticket_hotelbooking_id_seq', 31, true);


--
-- Name: ticket_issued_id_seq; Type: SEQUENCE SET; Schema: public; Owner: avnadmin
--

SELECT pg_catalog.setval('public.ticket_issued_id_seq', 11, true);


--
-- Name: ticket_ledger_id_seq; Type: SEQUENCE SET; Schema: public; Owner: avnadmin
--

SELECT pg_catalog.setval('public.ticket_ledger_id_seq', 381, true);


--
-- Name: ticket_riyalprice_id_seq; Type: SEQUENCE SET; Schema: public; Owner: avnadmin
--

SELECT pg_catalog.setval('public.ticket_riyalprice_id_seq', 1, false);


--
-- Name: ticket_roomrate_id_seq; Type: SEQUENCE SET; Schema: public; Owner: avnadmin
--

SELECT pg_catalog.setval('public.ticket_roomrate_id_seq', 78, true);


--
-- Name: ticket_supplier_id_seq; Type: SEQUENCE SET; Schema: public; Owner: avnadmin
--

SELECT pg_catalog.setval('public.ticket_supplier_id_seq', 45, true);


--
-- Name: ticket_ticket_id_seq; Type: SEQUENCE SET; Schema: public; Owner: avnadmin
--

SELECT pg_catalog.setval('public.ticket_ticket_id_seq', 1584, true);


--
-- Name: ticket_trip_id_seq; Type: SEQUENCE SET; Schema: public; Owner: avnadmin
--

SELECT pg_catalog.setval('public.ticket_trip_id_seq', 22, true);


--
-- Name: ticket_visa_id_seq; Type: SEQUENCE SET; Schema: public; Owner: avnadmin
--

SELECT pg_catalog.setval('public.ticket_visa_id_seq', 19, true);


--
-- Name: ticket_voucher_id_seq; Type: SEQUENCE SET; Schema: public; Owner: avnadmin
--

SELECT pg_catalog.setval('public.ticket_voucher_id_seq', 4, true);


--
-- Name: ticket_voucher_trip_id_seq; Type: SEQUENCE SET; Schema: public; Owner: avnadmin
--

SELECT pg_catalog.setval('public.ticket_voucher_trip_id_seq', 20, true);


--
-- Name: ticket_voucher_visas_id_seq; Type: SEQUENCE SET; Schema: public; Owner: avnadmin
--

SELECT pg_catalog.setval('public.ticket_voucher_visas_id_seq', 89, true);


--
-- Name: auth_group auth_group_name_key; Type: CONSTRAINT; Schema: public; Owner: avnadmin
--

ALTER TABLE ONLY public.auth_group
    ADD CONSTRAINT auth_group_name_key UNIQUE (name);


--
-- Name: auth_group_permissions auth_group_permissions_group_id_permission_id_0cd325b0_uniq; Type: CONSTRAINT; Schema: public; Owner: avnadmin
--

ALTER TABLE ONLY public.auth_group_permissions
    ADD CONSTRAINT auth_group_permissions_group_id_permission_id_0cd325b0_uniq UNIQUE (group_id, permission_id);


--
-- Name: auth_group_permissions auth_group_permissions_pkey; Type: CONSTRAINT; Schema: public; Owner: avnadmin
--

ALTER TABLE ONLY public.auth_group_permissions
    ADD CONSTRAINT auth_group_permissions_pkey PRIMARY KEY (id);


--
-- Name: auth_group auth_group_pkey; Type: CONSTRAINT; Schema: public; Owner: avnadmin
--

ALTER TABLE ONLY public.auth_group
    ADD CONSTRAINT auth_group_pkey PRIMARY KEY (id);


--
-- Name: auth_permission auth_permission_content_type_id_codename_01ab375a_uniq; Type: CONSTRAINT; Schema: public; Owner: avnadmin
--

ALTER TABLE ONLY public.auth_permission
    ADD CONSTRAINT auth_permission_content_type_id_codename_01ab375a_uniq UNIQUE (content_type_id, codename);


--
-- Name: auth_permission auth_permission_pkey; Type: CONSTRAINT; Schema: public; Owner: avnadmin
--

ALTER TABLE ONLY public.auth_permission
    ADD CONSTRAINT auth_permission_pkey PRIMARY KEY (id);


--
-- Name: auth_user_groups auth_user_groups_pkey; Type: CONSTRAINT; Schema: public; Owner: avnadmin
--

ALTER TABLE ONLY public.auth_user_groups
    ADD CONSTRAINT auth_user_groups_pkey PRIMARY KEY (id);


--
-- Name: auth_user_groups auth_user_groups_user_id_group_id_94350c0c_uniq; Type: CONSTRAINT; Schema: public; Owner: avnadmin
--

ALTER TABLE ONLY public.auth_user_groups
    ADD CONSTRAINT auth_user_groups_user_id_group_id_94350c0c_uniq UNIQUE (user_id, group_id);


--
-- Name: auth_user auth_user_pkey; Type: CONSTRAINT; Schema: public; Owner: avnadmin
--

ALTER TABLE ONLY public.auth_user
    ADD CONSTRAINT auth_user_pkey PRIMARY KEY (id);


--
-- Name: auth_user_user_permissions auth_user_user_permissions_pkey; Type: CONSTRAINT; Schema: public; Owner: avnadmin
--

ALTER TABLE ONLY public.auth_user_user_permissions
    ADD CONSTRAINT auth_user_user_permissions_pkey PRIMARY KEY (id);


--
-- Name: auth_user_user_permissions auth_user_user_permissions_user_id_permission_id_14a6b632_uniq; Type: CONSTRAINT; Schema: public; Owner: avnadmin
--

ALTER TABLE ONLY public.auth_user_user_permissions
    ADD CONSTRAINT auth_user_user_permissions_user_id_permission_id_14a6b632_uniq UNIQUE (user_id, permission_id);


--
-- Name: auth_user auth_user_username_key; Type: CONSTRAINT; Schema: public; Owner: avnadmin
--

ALTER TABLE ONLY public.auth_user
    ADD CONSTRAINT auth_user_username_key UNIQUE (username);


--
-- Name: django_admin_log django_admin_log_pkey; Type: CONSTRAINT; Schema: public; Owner: avnadmin
--

ALTER TABLE ONLY public.django_admin_log
    ADD CONSTRAINT django_admin_log_pkey PRIMARY KEY (id);


--
-- Name: django_content_type django_content_type_app_label_model_76bd3d3b_uniq; Type: CONSTRAINT; Schema: public; Owner: avnadmin
--

ALTER TABLE ONLY public.django_content_type
    ADD CONSTRAINT django_content_type_app_label_model_76bd3d3b_uniq UNIQUE (app_label, model);


--
-- Name: django_content_type django_content_type_pkey; Type: CONSTRAINT; Schema: public; Owner: avnadmin
--

ALTER TABLE ONLY public.django_content_type
    ADD CONSTRAINT django_content_type_pkey PRIMARY KEY (id);


--
-- Name: django_migrations django_migrations_pkey; Type: CONSTRAINT; Schema: public; Owner: avnadmin
--

ALTER TABLE ONLY public.django_migrations
    ADD CONSTRAINT django_migrations_pkey PRIMARY KEY (id);


--
-- Name: django_session django_session_pkey; Type: CONSTRAINT; Schema: public; Owner: avnadmin
--

ALTER TABLE ONLY public.django_session
    ADD CONSTRAINT django_session_pkey PRIMARY KEY (session_key);


--
-- Name: ticket_customer ticket_customer_pkey; Type: CONSTRAINT; Schema: public; Owner: avnadmin
--

ALTER TABLE ONLY public.ticket_customer
    ADD CONSTRAINT ticket_customer_pkey PRIMARY KEY (id);


--
-- Name: ticket_hotel ticket_hotel_pkey; Type: CONSTRAINT; Schema: public; Owner: avnadmin
--

ALTER TABLE ONLY public.ticket_hotel
    ADD CONSTRAINT ticket_hotel_pkey PRIMARY KEY (id);


--
-- Name: ticket_hotelbooking ticket_hotelbooking_pkey; Type: CONSTRAINT; Schema: public; Owner: avnadmin
--

ALTER TABLE ONLY public.ticket_hotelbooking
    ADD CONSTRAINT ticket_hotelbooking_pkey PRIMARY KEY (id);


--
-- Name: ticket_issued ticket_issued_pkey; Type: CONSTRAINT; Schema: public; Owner: avnadmin
--

ALTER TABLE ONLY public.ticket_issued
    ADD CONSTRAINT ticket_issued_pkey PRIMARY KEY (id);


--
-- Name: ticket_ledger ticket_ledger_pkey; Type: CONSTRAINT; Schema: public; Owner: avnadmin
--

ALTER TABLE ONLY public.ticket_ledger
    ADD CONSTRAINT ticket_ledger_pkey PRIMARY KEY (id);


--
-- Name: ticket_riyalprice ticket_riyalprice_pkey; Type: CONSTRAINT; Schema: public; Owner: avnadmin
--

ALTER TABLE ONLY public.ticket_riyalprice
    ADD CONSTRAINT ticket_riyalprice_pkey PRIMARY KEY (id);


--
-- Name: ticket_roomrate ticket_roomrate_pkey; Type: CONSTRAINT; Schema: public; Owner: avnadmin
--

ALTER TABLE ONLY public.ticket_roomrate
    ADD CONSTRAINT ticket_roomrate_pkey PRIMARY KEY (id);


--
-- Name: ticket_supplier ticket_supplier_pkey; Type: CONSTRAINT; Schema: public; Owner: avnadmin
--

ALTER TABLE ONLY public.ticket_supplier
    ADD CONSTRAINT ticket_supplier_pkey PRIMARY KEY (id);


--
-- Name: ticket_ticket ticket_ticket_pkey; Type: CONSTRAINT; Schema: public; Owner: avnadmin
--

ALTER TABLE ONLY public.ticket_ticket
    ADD CONSTRAINT ticket_ticket_pkey PRIMARY KEY (id);


--
-- Name: ticket_trip ticket_trip_pkey; Type: CONSTRAINT; Schema: public; Owner: avnadmin
--

ALTER TABLE ONLY public.ticket_trip
    ADD CONSTRAINT ticket_trip_pkey PRIMARY KEY (id);


--
-- Name: ticket_visa ticket_visa_pkey; Type: CONSTRAINT; Schema: public; Owner: avnadmin
--

ALTER TABLE ONLY public.ticket_visa
    ADD CONSTRAINT ticket_visa_pkey PRIMARY KEY (id);


--
-- Name: ticket_voucher ticket_voucher_pkey; Type: CONSTRAINT; Schema: public; Owner: avnadmin
--

ALTER TABLE ONLY public.ticket_voucher
    ADD CONSTRAINT ticket_voucher_pkey PRIMARY KEY (id);


--
-- Name: ticket_voucher_trip ticket_voucher_trip_pkey; Type: CONSTRAINT; Schema: public; Owner: avnadmin
--

ALTER TABLE ONLY public.ticket_voucher_trip
    ADD CONSTRAINT ticket_voucher_trip_pkey PRIMARY KEY (id);


--
-- Name: ticket_voucher_trip ticket_voucher_trip_voucher_id_trip_id_fe9effc8_uniq; Type: CONSTRAINT; Schema: public; Owner: avnadmin
--

ALTER TABLE ONLY public.ticket_voucher_trip
    ADD CONSTRAINT ticket_voucher_trip_voucher_id_trip_id_fe9effc8_uniq UNIQUE (voucher_id, trip_id);


--
-- Name: ticket_voucher_visas ticket_voucher_visas_pkey; Type: CONSTRAINT; Schema: public; Owner: avnadmin
--

ALTER TABLE ONLY public.ticket_voucher_visas
    ADD CONSTRAINT ticket_voucher_visas_pkey PRIMARY KEY (id);


--
-- Name: ticket_voucher_visas ticket_voucher_visas_voucher_id_visa_id_f5d0225a_uniq; Type: CONSTRAINT; Schema: public; Owner: avnadmin
--

ALTER TABLE ONLY public.ticket_voucher_visas
    ADD CONSTRAINT ticket_voucher_visas_voucher_id_visa_id_f5d0225a_uniq UNIQUE (voucher_id, visa_id);


--
-- Name: auth_group_name_a6ea08ec_like; Type: INDEX; Schema: public; Owner: avnadmin
--

CREATE INDEX auth_group_name_a6ea08ec_like ON public.auth_group USING btree (name varchar_pattern_ops);


--
-- Name: auth_group_permissions_group_id_b120cbf9; Type: INDEX; Schema: public; Owner: avnadmin
--

CREATE INDEX auth_group_permissions_group_id_b120cbf9 ON public.auth_group_permissions USING btree (group_id);


--
-- Name: auth_group_permissions_permission_id_84c5c92e; Type: INDEX; Schema: public; Owner: avnadmin
--

CREATE INDEX auth_group_permissions_permission_id_84c5c92e ON public.auth_group_permissions USING btree (permission_id);


--
-- Name: auth_permission_content_type_id_2f476e4b; Type: INDEX; Schema: public; Owner: avnadmin
--

CREATE INDEX auth_permission_content_type_id_2f476e4b ON public.auth_permission USING btree (content_type_id);


--
-- Name: auth_user_groups_group_id_97559544; Type: INDEX; Schema: public; Owner: avnadmin
--

CREATE INDEX auth_user_groups_group_id_97559544 ON public.auth_user_groups USING btree (group_id);


--
-- Name: auth_user_groups_user_id_6a12ed8b; Type: INDEX; Schema: public; Owner: avnadmin
--

CREATE INDEX auth_user_groups_user_id_6a12ed8b ON public.auth_user_groups USING btree (user_id);


--
-- Name: auth_user_user_permissions_permission_id_1fbb5f2c; Type: INDEX; Schema: public; Owner: avnadmin
--

CREATE INDEX auth_user_user_permissions_permission_id_1fbb5f2c ON public.auth_user_user_permissions USING btree (permission_id);


--
-- Name: auth_user_user_permissions_user_id_a95ead1b; Type: INDEX; Schema: public; Owner: avnadmin
--

CREATE INDEX auth_user_user_permissions_user_id_a95ead1b ON public.auth_user_user_permissions USING btree (user_id);


--
-- Name: auth_user_username_6821ab7c_like; Type: INDEX; Schema: public; Owner: avnadmin
--

CREATE INDEX auth_user_username_6821ab7c_like ON public.auth_user USING btree (username varchar_pattern_ops);


--
-- Name: django_admin_log_content_type_id_c4bce8eb; Type: INDEX; Schema: public; Owner: avnadmin
--

CREATE INDEX django_admin_log_content_type_id_c4bce8eb ON public.django_admin_log USING btree (content_type_id);


--
-- Name: django_admin_log_user_id_c564eba6; Type: INDEX; Schema: public; Owner: avnadmin
--

CREATE INDEX django_admin_log_user_id_c564eba6 ON public.django_admin_log USING btree (user_id);


--
-- Name: django_session_expire_date_a5c62663; Type: INDEX; Schema: public; Owner: avnadmin
--

CREATE INDEX django_session_expire_date_a5c62663 ON public.django_session USING btree (expire_date);


--
-- Name: django_session_session_key_c0390e0f_like; Type: INDEX; Schema: public; Owner: avnadmin
--

CREATE INDEX django_session_session_key_c0390e0f_like ON public.django_session USING btree (session_key varchar_pattern_ops);


--
-- Name: ticket_customer_user_id_7de3f7bb; Type: INDEX; Schema: public; Owner: avnadmin
--

CREATE INDEX ticket_customer_user_id_7de3f7bb ON public.ticket_customer USING btree (user_id);


--
-- Name: ticket_hotel_user_id_e7572cf5; Type: INDEX; Schema: public; Owner: avnadmin
--

CREATE INDEX ticket_hotel_user_id_e7572cf5 ON public.ticket_hotel USING btree (user_id);


--
-- Name: ticket_hotelbooking_hotel_id_587899e0; Type: INDEX; Schema: public; Owner: avnadmin
--

CREATE INDEX ticket_hotelbooking_hotel_id_587899e0 ON public.ticket_hotelbooking USING btree (hotel_id);


--
-- Name: ticket_hotelbooking_room_id_ca9dd055; Type: INDEX; Schema: public; Owner: avnadmin
--

CREATE INDEX ticket_hotelbooking_room_id_ca9dd055 ON public.ticket_hotelbooking USING btree (room_id);


--
-- Name: ticket_hotelbooking_voucher_id_6f669945; Type: INDEX; Schema: public; Owner: avnadmin
--

CREATE INDEX ticket_hotelbooking_voucher_id_6f669945 ON public.ticket_hotelbooking USING btree (voucher_id);


--
-- Name: ticket_issued_user_id_710a7948; Type: INDEX; Schema: public; Owner: avnadmin
--

CREATE INDEX ticket_issued_user_id_710a7948 ON public.ticket_issued USING btree (user_id);


--
-- Name: ticket_ledger_customer_id_31045dcb; Type: INDEX; Schema: public; Owner: avnadmin
--

CREATE INDEX ticket_ledger_customer_id_31045dcb ON public.ticket_ledger USING btree (customer_id);


--
-- Name: ticket_ledger_supplier_id_5335b12f; Type: INDEX; Schema: public; Owner: avnadmin
--

CREATE INDEX ticket_ledger_supplier_id_5335b12f ON public.ticket_ledger USING btree (supplier_id);


--
-- Name: ticket_ledger_user_id_3968cb49; Type: INDEX; Schema: public; Owner: avnadmin
--

CREATE INDEX ticket_ledger_user_id_3968cb49 ON public.ticket_ledger USING btree (user_id);


--
-- Name: ticket_rialprice_user_id_23e89e6a; Type: INDEX; Schema: public; Owner: avnadmin
--

CREATE INDEX ticket_rialprice_user_id_23e89e6a ON public.ticket_riyalprice USING btree (user_id);


--
-- Name: ticket_riyalprice_user_id_3d4a9ced; Type: INDEX; Schema: public; Owner: avnadmin
--

CREATE INDEX ticket_riyalprice_user_id_3d4a9ced ON public.ticket_riyalprice USING btree (user_id);


--
-- Name: ticket_roomrate_hotel_id_5bb22062; Type: INDEX; Schema: public; Owner: avnadmin
--

CREATE INDEX ticket_roomrate_hotel_id_5bb22062 ON public.ticket_roomrate USING btree (hotel_id);


--
-- Name: ticket_roomrate_user_id_a45d3a50; Type: INDEX; Schema: public; Owner: avnadmin
--

CREATE INDEX ticket_roomrate_user_id_a45d3a50 ON public.ticket_roomrate USING btree (user_id);


--
-- Name: ticket_supplier_user_id_d6983a7d; Type: INDEX; Schema: public; Owner: avnadmin
--

CREATE INDEX ticket_supplier_user_id_d6983a7d ON public.ticket_supplier USING btree (user_id);


--
-- Name: ticket_ticket_customer_id_107bda30; Type: INDEX; Schema: public; Owner: avnadmin
--

CREATE INDEX ticket_ticket_customer_id_107bda30 ON public.ticket_ticket USING btree (customer_id);


--
-- Name: ticket_ticket_issued_by_id_93cb39f7; Type: INDEX; Schema: public; Owner: avnadmin
--

CREATE INDEX ticket_ticket_issued_by_id_93cb39f7 ON public.ticket_ticket USING btree (issued_by_id);


--
-- Name: ticket_ticket_supplier_id_31e3bfed; Type: INDEX; Schema: public; Owner: avnadmin
--

CREATE INDEX ticket_ticket_supplier_id_31e3bfed ON public.ticket_ticket USING btree (supplier_id);


--
-- Name: ticket_ticket_user_id_56669ba1; Type: INDEX; Schema: public; Owner: avnadmin
--

CREATE INDEX ticket_ticket_user_id_56669ba1 ON public.ticket_ticket USING btree (user_id);


--
-- Name: ticket_visa_customer_id_4fb1f168; Type: INDEX; Schema: public; Owner: avnadmin
--

CREATE INDEX ticket_visa_customer_id_4fb1f168 ON public.ticket_visa USING btree (customer_id);


--
-- Name: ticket_visa_pass_num_f80ebe4d; Type: INDEX; Schema: public; Owner: avnadmin
--

CREATE INDEX ticket_visa_pass_num_f80ebe4d ON public.ticket_visa USING btree (pass_num);


--
-- Name: ticket_visa_pass_num_f80ebe4d_like; Type: INDEX; Schema: public; Owner: avnadmin
--

CREATE INDEX ticket_visa_pass_num_f80ebe4d_like ON public.ticket_visa USING btree (pass_num varchar_pattern_ops);


--
-- Name: ticket_visa_supplier_id_3e888870; Type: INDEX; Schema: public; Owner: avnadmin
--

CREATE INDEX ticket_visa_supplier_id_3e888870 ON public.ticket_visa USING btree (supplier_id);


--
-- Name: ticket_visa_user_id_767036a0; Type: INDEX; Schema: public; Owner: avnadmin
--

CREATE INDEX ticket_visa_user_id_767036a0 ON public.ticket_visa USING btree (user_id);


--
-- Name: ticket_voucher_trip_trip_id_55b05f5f; Type: INDEX; Schema: public; Owner: avnadmin
--

CREATE INDEX ticket_voucher_trip_trip_id_55b05f5f ON public.ticket_voucher_trip USING btree (trip_id);


--
-- Name: ticket_voucher_trip_voucher_id_fb42efd8; Type: INDEX; Schema: public; Owner: avnadmin
--

CREATE INDEX ticket_voucher_trip_voucher_id_fb42efd8 ON public.ticket_voucher_trip USING btree (voucher_id);


--
-- Name: ticket_voucher_user_id_9b239776; Type: INDEX; Schema: public; Owner: avnadmin
--

CREATE INDEX ticket_voucher_user_id_9b239776 ON public.ticket_voucher USING btree (user_id);


--
-- Name: ticket_voucher_visas_visa_id_b2f02a9a; Type: INDEX; Schema: public; Owner: avnadmin
--

CREATE INDEX ticket_voucher_visas_visa_id_b2f02a9a ON public.ticket_voucher_visas USING btree (visa_id);


--
-- Name: ticket_voucher_visas_voucher_id_24701334; Type: INDEX; Schema: public; Owner: avnadmin
--

CREATE INDEX ticket_voucher_visas_voucher_id_24701334 ON public.ticket_voucher_visas USING btree (voucher_id);


--
-- Name: auth_group_permissions auth_group_permissio_permission_id_84c5c92e_fk_auth_perm; Type: FK CONSTRAINT; Schema: public; Owner: avnadmin
--

ALTER TABLE ONLY public.auth_group_permissions
    ADD CONSTRAINT auth_group_permissio_permission_id_84c5c92e_fk_auth_perm FOREIGN KEY (permission_id) REFERENCES public.auth_permission(id) DEFERRABLE INITIALLY DEFERRED;


--
-- Name: auth_group_permissions auth_group_permissions_group_id_b120cbf9_fk_auth_group_id; Type: FK CONSTRAINT; Schema: public; Owner: avnadmin
--

ALTER TABLE ONLY public.auth_group_permissions
    ADD CONSTRAINT auth_group_permissions_group_id_b120cbf9_fk_auth_group_id FOREIGN KEY (group_id) REFERENCES public.auth_group(id) DEFERRABLE INITIALLY DEFERRED;


--
-- Name: auth_permission auth_permission_content_type_id_2f476e4b_fk_django_co; Type: FK CONSTRAINT; Schema: public; Owner: avnadmin
--

ALTER TABLE ONLY public.auth_permission
    ADD CONSTRAINT auth_permission_content_type_id_2f476e4b_fk_django_co FOREIGN KEY (content_type_id) REFERENCES public.django_content_type(id) DEFERRABLE INITIALLY DEFERRED;


--
-- Name: auth_user_groups auth_user_groups_group_id_97559544_fk_auth_group_id; Type: FK CONSTRAINT; Schema: public; Owner: avnadmin
--

ALTER TABLE ONLY public.auth_user_groups
    ADD CONSTRAINT auth_user_groups_group_id_97559544_fk_auth_group_id FOREIGN KEY (group_id) REFERENCES public.auth_group(id) DEFERRABLE INITIALLY DEFERRED;


--
-- Name: auth_user_groups auth_user_groups_user_id_6a12ed8b_fk_auth_user_id; Type: FK CONSTRAINT; Schema: public; Owner: avnadmin
--

ALTER TABLE ONLY public.auth_user_groups
    ADD CONSTRAINT auth_user_groups_user_id_6a12ed8b_fk_auth_user_id FOREIGN KEY (user_id) REFERENCES public.auth_user(id) DEFERRABLE INITIALLY DEFERRED;


--
-- Name: auth_user_user_permissions auth_user_user_permi_permission_id_1fbb5f2c_fk_auth_perm; Type: FK CONSTRAINT; Schema: public; Owner: avnadmin
--

ALTER TABLE ONLY public.auth_user_user_permissions
    ADD CONSTRAINT auth_user_user_permi_permission_id_1fbb5f2c_fk_auth_perm FOREIGN KEY (permission_id) REFERENCES public.auth_permission(id) DEFERRABLE INITIALLY DEFERRED;


--
-- Name: auth_user_user_permissions auth_user_user_permissions_user_id_a95ead1b_fk_auth_user_id; Type: FK CONSTRAINT; Schema: public; Owner: avnadmin
--

ALTER TABLE ONLY public.auth_user_user_permissions
    ADD CONSTRAINT auth_user_user_permissions_user_id_a95ead1b_fk_auth_user_id FOREIGN KEY (user_id) REFERENCES public.auth_user(id) DEFERRABLE INITIALLY DEFERRED;


--
-- Name: django_admin_log django_admin_log_content_type_id_c4bce8eb_fk_django_co; Type: FK CONSTRAINT; Schema: public; Owner: avnadmin
--

ALTER TABLE ONLY public.django_admin_log
    ADD CONSTRAINT django_admin_log_content_type_id_c4bce8eb_fk_django_co FOREIGN KEY (content_type_id) REFERENCES public.django_content_type(id) DEFERRABLE INITIALLY DEFERRED;


--
-- Name: django_admin_log django_admin_log_user_id_c564eba6_fk_auth_user_id; Type: FK CONSTRAINT; Schema: public; Owner: avnadmin
--

ALTER TABLE ONLY public.django_admin_log
    ADD CONSTRAINT django_admin_log_user_id_c564eba6_fk_auth_user_id FOREIGN KEY (user_id) REFERENCES public.auth_user(id) DEFERRABLE INITIALLY DEFERRED;


--
-- Name: ticket_customer ticket_customer_user_id_7de3f7bb_fk_auth_user_id; Type: FK CONSTRAINT; Schema: public; Owner: avnadmin
--

ALTER TABLE ONLY public.ticket_customer
    ADD CONSTRAINT ticket_customer_user_id_7de3f7bb_fk_auth_user_id FOREIGN KEY (user_id) REFERENCES public.auth_user(id) DEFERRABLE INITIALLY DEFERRED;


--
-- Name: ticket_hotel ticket_hotel_user_id_e7572cf5_fk_auth_user_id; Type: FK CONSTRAINT; Schema: public; Owner: avnadmin
--

ALTER TABLE ONLY public.ticket_hotel
    ADD CONSTRAINT ticket_hotel_user_id_e7572cf5_fk_auth_user_id FOREIGN KEY (user_id) REFERENCES public.auth_user(id) DEFERRABLE INITIALLY DEFERRED;


--
-- Name: ticket_hotelbooking ticket_hotelbooking_hotel_id_587899e0_fk_ticket_hotel_id; Type: FK CONSTRAINT; Schema: public; Owner: avnadmin
--

ALTER TABLE ONLY public.ticket_hotelbooking
    ADD CONSTRAINT ticket_hotelbooking_hotel_id_587899e0_fk_ticket_hotel_id FOREIGN KEY (hotel_id) REFERENCES public.ticket_hotel(id) DEFERRABLE INITIALLY DEFERRED;


--
-- Name: ticket_hotelbooking ticket_hotelbooking_room_id_ca9dd055_fk_ticket_roomrate_id; Type: FK CONSTRAINT; Schema: public; Owner: avnadmin
--

ALTER TABLE ONLY public.ticket_hotelbooking
    ADD CONSTRAINT ticket_hotelbooking_room_id_ca9dd055_fk_ticket_roomrate_id FOREIGN KEY (room_id) REFERENCES public.ticket_roomrate(id) DEFERRABLE INITIALLY DEFERRED;


--
-- Name: ticket_hotelbooking ticket_hotelbooking_voucher_id_6f669945_fk_ticket_voucher_id; Type: FK CONSTRAINT; Schema: public; Owner: avnadmin
--

ALTER TABLE ONLY public.ticket_hotelbooking
    ADD CONSTRAINT ticket_hotelbooking_voucher_id_6f669945_fk_ticket_voucher_id FOREIGN KEY (voucher_id) REFERENCES public.ticket_voucher(id) DEFERRABLE INITIALLY DEFERRED;


--
-- Name: ticket_issued ticket_issued_user_id_710a7948_fk_auth_user_id; Type: FK CONSTRAINT; Schema: public; Owner: avnadmin
--

ALTER TABLE ONLY public.ticket_issued
    ADD CONSTRAINT ticket_issued_user_id_710a7948_fk_auth_user_id FOREIGN KEY (user_id) REFERENCES public.auth_user(id) DEFERRABLE INITIALLY DEFERRED;


--
-- Name: ticket_ledger ticket_ledger_customer_id_31045dcb_fk_ticket_customer_id; Type: FK CONSTRAINT; Schema: public; Owner: avnadmin
--

ALTER TABLE ONLY public.ticket_ledger
    ADD CONSTRAINT ticket_ledger_customer_id_31045dcb_fk_ticket_customer_id FOREIGN KEY (customer_id) REFERENCES public.ticket_customer(id) DEFERRABLE INITIALLY DEFERRED;


--
-- Name: ticket_ledger ticket_ledger_supplier_id_5335b12f_fk_ticket_supplier_id; Type: FK CONSTRAINT; Schema: public; Owner: avnadmin
--

ALTER TABLE ONLY public.ticket_ledger
    ADD CONSTRAINT ticket_ledger_supplier_id_5335b12f_fk_ticket_supplier_id FOREIGN KEY (supplier_id) REFERENCES public.ticket_supplier(id) DEFERRABLE INITIALLY DEFERRED;


--
-- Name: ticket_ledger ticket_ledger_user_id_3968cb49_fk_auth_user_id; Type: FK CONSTRAINT; Schema: public; Owner: avnadmin
--

ALTER TABLE ONLY public.ticket_ledger
    ADD CONSTRAINT ticket_ledger_user_id_3968cb49_fk_auth_user_id FOREIGN KEY (user_id) REFERENCES public.auth_user(id) DEFERRABLE INITIALLY DEFERRED;


--
-- Name: ticket_riyalprice ticket_rialprice_user_id_23e89e6a_fk_auth_user_id; Type: FK CONSTRAINT; Schema: public; Owner: avnadmin
--

ALTER TABLE ONLY public.ticket_riyalprice
    ADD CONSTRAINT ticket_rialprice_user_id_23e89e6a_fk_auth_user_id FOREIGN KEY (user_id) REFERENCES public.auth_user(id) DEFERRABLE INITIALLY DEFERRED;


--
-- Name: ticket_riyalprice ticket_riyalprice_user_id_3d4a9ced_fk_auth_user_id; Type: FK CONSTRAINT; Schema: public; Owner: avnadmin
--

ALTER TABLE ONLY public.ticket_riyalprice
    ADD CONSTRAINT ticket_riyalprice_user_id_3d4a9ced_fk_auth_user_id FOREIGN KEY (user_id) REFERENCES public.auth_user(id) DEFERRABLE INITIALLY DEFERRED;


--
-- Name: ticket_roomrate ticket_roomrate_hotel_id_5bb22062_fk_ticket_hotel_id; Type: FK CONSTRAINT; Schema: public; Owner: avnadmin
--

ALTER TABLE ONLY public.ticket_roomrate
    ADD CONSTRAINT ticket_roomrate_hotel_id_5bb22062_fk_ticket_hotel_id FOREIGN KEY (hotel_id) REFERENCES public.ticket_hotel(id) DEFERRABLE INITIALLY DEFERRED;


--
-- Name: ticket_roomrate ticket_roomrate_user_id_a45d3a50_fk_auth_user_id; Type: FK CONSTRAINT; Schema: public; Owner: avnadmin
--

ALTER TABLE ONLY public.ticket_roomrate
    ADD CONSTRAINT ticket_roomrate_user_id_a45d3a50_fk_auth_user_id FOREIGN KEY (user_id) REFERENCES public.auth_user(id) DEFERRABLE INITIALLY DEFERRED;


--
-- Name: ticket_supplier ticket_supplier_user_id_d6983a7d_fk_auth_user_id; Type: FK CONSTRAINT; Schema: public; Owner: avnadmin
--

ALTER TABLE ONLY public.ticket_supplier
    ADD CONSTRAINT ticket_supplier_user_id_d6983a7d_fk_auth_user_id FOREIGN KEY (user_id) REFERENCES public.auth_user(id) DEFERRABLE INITIALLY DEFERRED;


--
-- Name: ticket_ticket ticket_ticket_customer_id_107bda30_fk_ticket_customer_id; Type: FK CONSTRAINT; Schema: public; Owner: avnadmin
--

ALTER TABLE ONLY public.ticket_ticket
    ADD CONSTRAINT ticket_ticket_customer_id_107bda30_fk_ticket_customer_id FOREIGN KEY (customer_id) REFERENCES public.ticket_customer(id) DEFERRABLE INITIALLY DEFERRED;


--
-- Name: ticket_ticket ticket_ticket_issued_by_id_93cb39f7_fk_ticket_issued_id; Type: FK CONSTRAINT; Schema: public; Owner: avnadmin
--

ALTER TABLE ONLY public.ticket_ticket
    ADD CONSTRAINT ticket_ticket_issued_by_id_93cb39f7_fk_ticket_issued_id FOREIGN KEY (issued_by_id) REFERENCES public.ticket_issued(id) DEFERRABLE INITIALLY DEFERRED;


--
-- Name: ticket_ticket ticket_ticket_supplier_id_31e3bfed_fk_ticket_supplier_id; Type: FK CONSTRAINT; Schema: public; Owner: avnadmin
--

ALTER TABLE ONLY public.ticket_ticket
    ADD CONSTRAINT ticket_ticket_supplier_id_31e3bfed_fk_ticket_supplier_id FOREIGN KEY (supplier_id) REFERENCES public.ticket_supplier(id) DEFERRABLE INITIALLY DEFERRED;


--
-- Name: ticket_ticket ticket_ticket_user_id_56669ba1_fk_auth_user_id; Type: FK CONSTRAINT; Schema: public; Owner: avnadmin
--

ALTER TABLE ONLY public.ticket_ticket
    ADD CONSTRAINT ticket_ticket_user_id_56669ba1_fk_auth_user_id FOREIGN KEY (user_id) REFERENCES public.auth_user(id) DEFERRABLE INITIALLY DEFERRED;


--
-- Name: ticket_visa ticket_visa_customer_id_4fb1f168_fk_ticket_customer_id; Type: FK CONSTRAINT; Schema: public; Owner: avnadmin
--

ALTER TABLE ONLY public.ticket_visa
    ADD CONSTRAINT ticket_visa_customer_id_4fb1f168_fk_ticket_customer_id FOREIGN KEY (customer_id) REFERENCES public.ticket_customer(id) DEFERRABLE INITIALLY DEFERRED;


--
-- Name: ticket_visa ticket_visa_supplier_id_3e888870_fk_ticket_supplier_id; Type: FK CONSTRAINT; Schema: public; Owner: avnadmin
--

ALTER TABLE ONLY public.ticket_visa
    ADD CONSTRAINT ticket_visa_supplier_id_3e888870_fk_ticket_supplier_id FOREIGN KEY (supplier_id) REFERENCES public.ticket_supplier(id) DEFERRABLE INITIALLY DEFERRED;


--
-- Name: ticket_visa ticket_visa_user_id_767036a0_fk_auth_user_id; Type: FK CONSTRAINT; Schema: public; Owner: avnadmin
--

ALTER TABLE ONLY public.ticket_visa
    ADD CONSTRAINT ticket_visa_user_id_767036a0_fk_auth_user_id FOREIGN KEY (user_id) REFERENCES public.auth_user(id) DEFERRABLE INITIALLY DEFERRED;


--
-- Name: ticket_voucher_trip ticket_voucher_trip_trip_id_55b05f5f_fk_ticket_trip_id; Type: FK CONSTRAINT; Schema: public; Owner: avnadmin
--

ALTER TABLE ONLY public.ticket_voucher_trip
    ADD CONSTRAINT ticket_voucher_trip_trip_id_55b05f5f_fk_ticket_trip_id FOREIGN KEY (trip_id) REFERENCES public.ticket_trip(id) DEFERRABLE INITIALLY DEFERRED;


--
-- Name: ticket_voucher_trip ticket_voucher_trip_voucher_id_fb42efd8_fk_ticket_voucher_id; Type: FK CONSTRAINT; Schema: public; Owner: avnadmin
--

ALTER TABLE ONLY public.ticket_voucher_trip
    ADD CONSTRAINT ticket_voucher_trip_voucher_id_fb42efd8_fk_ticket_voucher_id FOREIGN KEY (voucher_id) REFERENCES public.ticket_voucher(id) DEFERRABLE INITIALLY DEFERRED;


--
-- Name: ticket_voucher ticket_voucher_user_id_9b239776_fk_auth_user_id; Type: FK CONSTRAINT; Schema: public; Owner: avnadmin
--

ALTER TABLE ONLY public.ticket_voucher
    ADD CONSTRAINT ticket_voucher_user_id_9b239776_fk_auth_user_id FOREIGN KEY (user_id) REFERENCES public.auth_user(id) DEFERRABLE INITIALLY DEFERRED;


--
-- Name: ticket_voucher_visas ticket_voucher_visas_visa_id_b2f02a9a_fk_ticket_visa_id; Type: FK CONSTRAINT; Schema: public; Owner: avnadmin
--

ALTER TABLE ONLY public.ticket_voucher_visas
    ADD CONSTRAINT ticket_voucher_visas_visa_id_b2f02a9a_fk_ticket_visa_id FOREIGN KEY (visa_id) REFERENCES public.ticket_visa(id) DEFERRABLE INITIALLY DEFERRED;


--
-- Name: ticket_voucher_visas ticket_voucher_visas_voucher_id_24701334_fk_ticket_voucher_id; Type: FK CONSTRAINT; Schema: public; Owner: avnadmin
--

ALTER TABLE ONLY public.ticket_voucher_visas
    ADD CONSTRAINT ticket_voucher_visas_voucher_id_24701334_fk_ticket_voucher_id FOREIGN KEY (voucher_id) REFERENCES public.ticket_voucher(id) DEFERRABLE INITIALLY DEFERRED;


--
-- PostgreSQL database dump complete
--

