--
-- PostgreSQL database dump
--

-- Dumped from database version 15.5
-- Dumped by pg_dump version 16.2 (Ubuntu 16.2-1.pgdg22.04+1)

SET statement_timeout = 0;
SET lock_timeout = 0;
SET idle_in_transaction_session_timeout = 0;
SET client_encoding = 'UTF8';
SET standard_conforming_strings = on;
SELECT pg_catalog.set_config('search_path', '', false);
SET check_function_bodies = false;
SET xmloption = content;
SET client_min_messages = warning;
SET row_security = off;

SET default_tablespace = '';

SET default_table_access_method = heap;

--
-- Name: auth_group; Type: TABLE; Schema: public; Owner: avnadmin
--

CREATE TABLE public.auth_group (
    id integer NOT NULL,
    name character varying(150) NOT NULL
);


ALTER TABLE public.auth_group OWNER TO avnadmin;

--
-- Name: auth_group_id_seq; Type: SEQUENCE; Schema: public; Owner: avnadmin
--

ALTER TABLE public.auth_group ALTER COLUMN id ADD GENERATED BY DEFAULT AS IDENTITY (
    SEQUENCE NAME public.auth_group_id_seq
    START WITH 1
    INCREMENT BY 1
    NO MINVALUE
    NO MAXVALUE
    CACHE 1
);


--
-- Name: auth_group_permissions; Type: TABLE; Schema: public; Owner: avnadmin
--

CREATE TABLE public.auth_group_permissions (
    id bigint NOT NULL,
    group_id integer NOT NULL,
    permission_id integer NOT NULL
);


ALTER TABLE public.auth_group_permissions OWNER TO avnadmin;

--
-- Name: auth_group_permissions_id_seq; Type: SEQUENCE; Schema: public; Owner: avnadmin
--

ALTER TABLE public.auth_group_permissions ALTER COLUMN id ADD GENERATED BY DEFAULT AS IDENTITY (
    SEQUENCE NAME public.auth_group_permissions_id_seq
    START WITH 1
    INCREMENT BY 1
    NO MINVALUE
    NO MAXVALUE
    CACHE 1
);


--
-- Name: auth_permission; Type: TABLE; Schema: public; Owner: avnadmin
--

CREATE TABLE public.auth_permission (
    id integer NOT NULL,
    name character varying(255) NOT NULL,
    content_type_id integer NOT NULL,
    codename character varying(100) NOT NULL
);


ALTER TABLE public.auth_permission OWNER TO avnadmin;

--
-- Name: auth_permission_id_seq; Type: SEQUENCE; Schema: public; Owner: avnadmin
--

ALTER TABLE public.auth_permission ALTER COLUMN id ADD GENERATED BY DEFAULT AS IDENTITY (
    SEQUENCE NAME public.auth_permission_id_seq
    START WITH 1
    INCREMENT BY 1
    NO MINVALUE
    NO MAXVALUE
    CACHE 1
);


--
-- Name: auth_user; Type: TABLE; Schema: public; Owner: avnadmin
--

CREATE TABLE public.auth_user (
    id integer NOT NULL,
    password character varying(128) NOT NULL,
    last_login timestamp with time zone,
    is_superuser boolean NOT NULL,
    username character varying(150) NOT NULL,
    first_name character varying(150) NOT NULL,
    last_name character varying(150) NOT NULL,
    email character varying(254) NOT NULL,
    is_staff boolean NOT NULL,
    is_active boolean NOT NULL,
    date_joined timestamp with time zone NOT NULL
);


ALTER TABLE public.auth_user OWNER TO avnadmin;

--
-- Name: auth_user_groups; Type: TABLE; Schema: public; Owner: avnadmin
--

CREATE TABLE public.auth_user_groups (
    id bigint NOT NULL,
    user_id integer NOT NULL,
    group_id integer NOT NULL
);


ALTER TABLE public.auth_user_groups OWNER TO avnadmin;

--
-- Name: auth_user_groups_id_seq; Type: SEQUENCE; Schema: public; Owner: avnadmin
--

ALTER TABLE public.auth_user_groups ALTER COLUMN id ADD GENERATED BY DEFAULT AS IDENTITY (
    SEQUENCE NAME public.auth_user_groups_id_seq
    START WITH 1
    INCREMENT BY 1
    NO MINVALUE
    NO MAXVALUE
    CACHE 1
);


--
-- Name: auth_user_id_seq; Type: SEQUENCE; Schema: public; Owner: avnadmin
--

ALTER TABLE public.auth_user ALTER COLUMN id ADD GENERATED BY DEFAULT AS IDENTITY (
    SEQUENCE NAME public.auth_user_id_seq
    START WITH 1
    INCREMENT BY 1
    NO MINVALUE
    NO MAXVALUE
    CACHE 1
);


--
-- Name: auth_user_user_permissions; Type: TABLE; Schema: public; Owner: avnadmin
--

CREATE TABLE public.auth_user_user_permissions (
    id bigint NOT NULL,
    user_id integer NOT NULL,
    permission_id integer NOT NULL
);


ALTER TABLE public.auth_user_user_permissions OWNER TO avnadmin;

--
-- Name: auth_user_user_permissions_id_seq; Type: SEQUENCE; Schema: public; Owner: avnadmin
--

ALTER TABLE public.auth_user_user_permissions ALTER COLUMN id ADD GENERATED BY DEFAULT AS IDENTITY (
    SEQUENCE NAME public.auth_user_user_permissions_id_seq
    START WITH 1
    INCREMENT BY 1
    NO MINVALUE
    NO MAXVALUE
    CACHE 1
);


--
-- Name: django_admin_log; Type: TABLE; Schema: public; Owner: avnadmin
--

CREATE TABLE public.django_admin_log (
    id integer NOT NULL,
    action_time timestamp with time zone NOT NULL,
    object_id text,
    object_repr character varying(200) NOT NULL,
    action_flag smallint NOT NULL,
    change_message text NOT NULL,
    content_type_id integer,
    user_id integer NOT NULL,
    CONSTRAINT django_admin_log_action_flag_check CHECK ((action_flag >= 0))
);


ALTER TABLE public.django_admin_log OWNER TO avnadmin;

--
-- Name: django_admin_log_id_seq; Type: SEQUENCE; Schema: public; Owner: avnadmin
--

ALTER TABLE public.django_admin_log ALTER COLUMN id ADD GENERATED BY DEFAULT AS IDENTITY (
    SEQUENCE NAME public.django_admin_log_id_seq
    START WITH 1
    INCREMENT BY 1
    NO MINVALUE
    NO MAXVALUE
    CACHE 1
);


--
-- Name: django_content_type; Type: TABLE; Schema: public; Owner: avnadmin
--

CREATE TABLE public.django_content_type (
    id integer NOT NULL,
    app_label character varying(100) NOT NULL,
    model character varying(100) NOT NULL
);


ALTER TABLE public.django_content_type OWNER TO avnadmin;

--
-- Name: django_content_type_id_seq; Type: SEQUENCE; Schema: public; Owner: avnadmin
--

ALTER TABLE public.django_content_type ALTER COLUMN id ADD GENERATED BY DEFAULT AS IDENTITY (
    SEQUENCE NAME public.django_content_type_id_seq
    START WITH 1
    INCREMENT BY 1
    NO MINVALUE
    NO MAXVALUE
    CACHE 1
);


--
-- Name: django_migrations; Type: TABLE; Schema: public; Owner: avnadmin
--

CREATE TABLE public.django_migrations (
    id bigint NOT NULL,
    app character varying(255) NOT NULL,
    name character varying(255) NOT NULL,
    applied timestamp with time zone NOT NULL
);


ALTER TABLE public.django_migrations OWNER TO avnadmin;

--
-- Name: django_migrations_id_seq; Type: SEQUENCE; Schema: public; Owner: avnadmin
--

ALTER TABLE public.django_migrations ALTER COLUMN id ADD GENERATED BY DEFAULT AS IDENTITY (
    SEQUENCE NAME public.django_migrations_id_seq
    START WITH 1
    INCREMENT BY 1
    NO MINVALUE
    NO MAXVALUE
    CACHE 1
);


--
-- Name: django_session; Type: TABLE; Schema: public; Owner: avnadmin
--

CREATE TABLE public.django_session (
    session_key character varying(40) NOT NULL,
    session_data text NOT NULL,
    expire_date timestamp with time zone NOT NULL
);


ALTER TABLE public.django_session OWNER TO avnadmin;

--
-- Name: ticket_customer; Type: TABLE; Schema: public; Owner: avnadmin
--

CREATE TABLE public.ticket_customer (
    id bigint NOT NULL,
    name character varying(255) NOT NULL,
    opening_balance numeric(10,2) NOT NULL,
    user_id integer NOT NULL
);


ALTER TABLE public.ticket_customer OWNER TO avnadmin;

--
-- Name: ticket_customer_id_seq; Type: SEQUENCE; Schema: public; Owner: avnadmin
--

ALTER TABLE public.ticket_customer ALTER COLUMN id ADD GENERATED BY DEFAULT AS IDENTITY (
    SEQUENCE NAME public.ticket_customer_id_seq
    START WITH 1
    INCREMENT BY 1
    NO MINVALUE
    NO MAXVALUE
    CACHE 1
);


--
-- Name: ticket_hotel; Type: TABLE; Schema: public; Owner: avnadmin
--

CREATE TABLE public.ticket_hotel (
    id bigint NOT NULL,
    city_name character varying(50),
    hotel_name character varying(255),
    distance integer NOT NULL,
    user_id integer NOT NULL,
    CONSTRAINT ticket_hotel_distance_check CHECK ((distance >= 0))
);


ALTER TABLE public.ticket_hotel OWNER TO avnadmin;

--
-- Name: ticket_hotel_id_seq; Type: SEQUENCE; Schema: public; Owner: avnadmin
--

ALTER TABLE public.ticket_hotel ALTER COLUMN id ADD GENERATED BY DEFAULT AS IDENTITY (
    SEQUENCE NAME public.ticket_hotel_id_seq
    START WITH 1
    INCREMENT BY 1
    NO MINVALUE
    NO MAXVALUE
    CACHE 1
);


--
-- Name: ticket_ledger; Type: TABLE; Schema: public; Owner: avnadmin
--

CREATE TABLE public.ticket_ledger (
    id bigint NOT NULL,
    payment numeric(10,2) NOT NULL,
    payment_date timestamp with time zone NOT NULL,
    description text,
    customer_id bigint,
    supplier_id bigint,
    user_id integer NOT NULL
);


ALTER TABLE public.ticket_ledger OWNER TO avnadmin;

--
-- Name: ticket_ledger_id_seq; Type: SEQUENCE; Schema: public; Owner: avnadmin
--

ALTER TABLE public.ticket_ledger ALTER COLUMN id ADD GENERATED BY DEFAULT AS IDENTITY (
    SEQUENCE NAME public.ticket_ledger_id_seq
    START WITH 1
    INCREMENT BY 1
    NO MINVALUE
    NO MAXVALUE
    CACHE 1
);


--
-- Name: ticket_riyalprice; Type: TABLE; Schema: public; Owner: avnadmin
--

CREATE TABLE public.ticket_riyalprice (
    id bigint NOT NULL,
    created_at timestamp with time zone NOT NULL,
    price numeric(10,2) NOT NULL,
    user_id integer NOT NULL
);


ALTER TABLE public.ticket_riyalprice OWNER TO avnadmin;

--
-- Name: ticket_rialprice_id_seq; Type: SEQUENCE; Schema: public; Owner: avnadmin
--

ALTER TABLE public.ticket_riyalprice ALTER COLUMN id ADD GENERATED BY DEFAULT AS IDENTITY (
    SEQUENCE NAME public.ticket_rialprice_id_seq
    START WITH 1
    INCREMENT BY 1
    NO MINVALUE
    NO MAXVALUE
    CACHE 1
);


--
-- Name: ticket_room; Type: TABLE; Schema: public; Owner: avnadmin
--

CREATE TABLE public.ticket_room (
    id bigint NOT NULL,
    room_category character varying(2) NOT NULL,
    hotel_id bigint NOT NULL
);


ALTER TABLE public.ticket_room OWNER TO avnadmin;

--
-- Name: ticket_room_id_seq; Type: SEQUENCE; Schema: public; Owner: avnadmin
--

ALTER TABLE public.ticket_room ALTER COLUMN id ADD GENERATED BY DEFAULT AS IDENTITY (
    SEQUENCE NAME public.ticket_room_id_seq
    START WITH 1
    INCREMENT BY 1
    NO MINVALUE
    NO MAXVALUE
    CACHE 1
);


--
-- Name: ticket_room_price; Type: TABLE; Schema: public; Owner: avnadmin
--

CREATE TABLE public.ticket_room_price (
    id bigint NOT NULL,
    date_from date,
    date_to date,
    riyal_price numeric(10,2) NOT NULL,
    riyal_rate numeric(10,2) NOT NULL,
    pkr_price numeric(10,2) NOT NULL,
    room_id bigint NOT NULL,
    user_id integer NOT NULL
);


ALTER TABLE public.ticket_room_price OWNER TO avnadmin;

--
-- Name: ticket_room_price_id_seq; Type: SEQUENCE; Schema: public; Owner: avnadmin
--

ALTER TABLE public.ticket_room_price ALTER COLUMN id ADD GENERATED BY DEFAULT AS IDENTITY (
    SEQUENCE NAME public.ticket_room_price_id_seq
    START WITH 1
    INCREMENT BY 1
    NO MINVALUE
    NO MAXVALUE
    CACHE 1
);


--
-- Name: ticket_supplier; Type: TABLE; Schema: public; Owner: avnadmin
--

CREATE TABLE public.ticket_supplier (
    id bigint NOT NULL,
    name character varying(255) NOT NULL,
    opening_balance numeric(10,2) NOT NULL,
    user_id integer NOT NULL
);


ALTER TABLE public.ticket_supplier OWNER TO avnadmin;

--
-- Name: ticket_supplier_id_seq; Type: SEQUENCE; Schema: public; Owner: avnadmin
--

ALTER TABLE public.ticket_supplier ALTER COLUMN id ADD GENERATED BY DEFAULT AS IDENTITY (
    SEQUENCE NAME public.ticket_supplier_id_seq
    START WITH 1
    INCREMENT BY 1
    NO MINVALUE
    NO MAXVALUE
    CACHE 1
);


--
-- Name: ticket_ticket; Type: TABLE; Schema: public; Owner: avnadmin
--

CREATE TABLE public.ticket_ticket (
    id bigint NOT NULL,
    created_at timestamp with time zone NOT NULL,
    pnr character varying(100) NOT NULL,
    sector character varying(255),
    passenger character varying(255),
    travel_date timestamp with time zone,
    return_date timestamp with time zone,
    airline character varying(255),
    sale numeric(10,2) NOT NULL,
    purchase numeric(10,2) NOT NULL,
    ticket_type character varying(2) NOT NULL,
    customer_id bigint NOT NULL,
    supplier_id bigint NOT NULL,
    user_id integer NOT NULL
);


ALTER TABLE public.ticket_ticket OWNER TO avnadmin;

--
-- Name: ticket_ticket_id_seq; Type: SEQUENCE; Schema: public; Owner: avnadmin
--

ALTER TABLE public.ticket_ticket ALTER COLUMN id ADD GENERATED BY DEFAULT AS IDENTITY (
    SEQUENCE NAME public.ticket_ticket_id_seq
    START WITH 1
    INCREMENT BY 1
    NO MINVALUE
    NO MAXVALUE
    CACHE 1
);


--
-- Name: ticket_visa; Type: TABLE; Schema: public; Owner: avnadmin
--

CREATE TABLE public.ticket_visa (
    id bigint NOT NULL,
    riyal_price numeric(10,2) NOT NULL,
    pkr_price numeric(10,2) NOT NULL,
    sale numeric(10,2) NOT NULL,
    purchase numeric(10,2) NOT NULL,
    visa_type character varying(2) NOT NULL,
    duration character varying(2) NOT NULL,
    customer_id bigint,
    supplier_id bigint,
    user_id integer NOT NULL,
    created_at timestamp with time zone NOT NULL,
    riyal_rate numeric(10,2) NOT NULL
);


ALTER TABLE public.ticket_visa OWNER TO avnadmin;

--
-- Name: ticket_visa_id_seq; Type: SEQUENCE; Schema: public; Owner: avnadmin
--

ALTER TABLE public.ticket_visa ALTER COLUMN id ADD GENERATED BY DEFAULT AS IDENTITY (
    SEQUENCE NAME public.ticket_visa_id_seq
    START WITH 1
    INCREMENT BY 1
    NO MINVALUE
    NO MAXVALUE
    CACHE 1
);


--
-- Data for Name: auth_group; Type: TABLE DATA; Schema: public; Owner: avnadmin
--

COPY public.auth_group (id, name) FROM stdin;
\.


--
-- Data for Name: auth_group_permissions; Type: TABLE DATA; Schema: public; Owner: avnadmin
--

COPY public.auth_group_permissions (id, group_id, permission_id) FROM stdin;
\.


--
-- Data for Name: auth_permission; Type: TABLE DATA; Schema: public; Owner: avnadmin
--

COPY public.auth_permission (id, name, content_type_id, codename) FROM stdin;
1	Can add log entry	1	add_logentry
2	Can change log entry	1	change_logentry
3	Can delete log entry	1	delete_logentry
4	Can view log entry	1	view_logentry
5	Can add permission	2	add_permission
6	Can change permission	2	change_permission
7	Can delete permission	2	delete_permission
8	Can view permission	2	view_permission
9	Can add group	3	add_group
10	Can change group	3	change_group
11	Can delete group	3	delete_group
12	Can view group	3	view_group
13	Can add user	4	add_user
14	Can change user	4	change_user
15	Can delete user	4	delete_user
16	Can view user	4	view_user
17	Can add content type	5	add_contenttype
18	Can change content type	5	change_contenttype
19	Can delete content type	5	delete_contenttype
20	Can view content type	5	view_contenttype
21	Can add session	6	add_session
22	Can change session	6	change_session
23	Can delete session	6	delete_session
24	Can view session	6	view_session
25	Can add customer	7	add_customer
26	Can change customer	7	change_customer
27	Can delete customer	7	delete_customer
28	Can view customer	7	view_customer
29	Can add supplier	8	add_supplier
30	Can change supplier	8	change_supplier
31	Can delete supplier	8	delete_supplier
32	Can view supplier	8	view_supplier
33	Can add ticket	9	add_ticket
34	Can change ticket	9	change_ticket
35	Can delete ticket	9	delete_ticket
36	Can view ticket	9	view_ticket
37	Can add ledger	10	add_ledger
38	Can change ledger	10	change_ledger
39	Can delete ledger	10	delete_ledger
40	Can view ledger	10	view_ledger
41	Can add visa	11	add_visa
42	Can change visa	11	change_visa
43	Can delete visa	11	delete_visa
44	Can view visa	11	view_visa
45	Can add rial price	12	add_rialprice
46	Can change rial price	12	change_rialprice
47	Can delete rial price	12	delete_rialprice
48	Can view rial price	12	view_rialprice
49	Can add riyal price	12	add_riyalprice
50	Can change riyal price	12	change_riyalprice
51	Can delete riyal price	12	delete_riyalprice
52	Can view riyal price	12	view_riyalprice
53	Can add city	13	add_city
54	Can change city	13	change_city
55	Can delete city	13	delete_city
56	Can view city	13	view_city
57	Can add hotel	14	add_hotel
58	Can change hotel	14	change_hotel
59	Can delete hotel	14	delete_hotel
60	Can view hotel	14	view_hotel
61	Can add room	15	add_room
62	Can change room	15	change_room
63	Can delete room	15	delete_room
64	Can view room	15	view_room
65	Can add price	16	add_price
66	Can change price	16	change_price
67	Can delete price	16	delete_price
68	Can view price	16	view_price
69	Can add room_ price	17	add_room_price
70	Can change room_ price	17	change_room_price
71	Can delete room_ price	17	delete_room_price
72	Can view room_ price	17	view_room_price
\.


--
-- Data for Name: auth_user; Type: TABLE DATA; Schema: public; Owner: avnadmin
--

COPY public.auth_user (id, password, last_login, is_superuser, username, first_name, last_name, email, is_staff, is_active, date_joined) FROM stdin;
3	pbkdf2_sha256$720000$TFMTsk0KQ47JeIZAhClD2P$IbURDF5jpc0JaLzoEX65SQjf6Taao+jDir3M/tKGg44=	2024-03-23 07:20:42.992328+00	f	karwanehassan	Karwan E Hassan Private Limited			f	t	2024-02-29 19:50:15+00
2	pbkdf2_sha256$720000$1NOnAVS2hb3NgD7qIvM1jJ$Adeo5VFItPYdmJTsbTPR3ajlGMOXBPZWSyg/N44AjCI=	2024-03-23 07:29:28.506525+00	f	hasnaintravel	Hasnain Travel And Tours		hasnaintravelandtours@gmail.com	f	t	2024-02-29 19:27:47+00
1	pbkdf2_sha256$720000$QORN0QFua4N1bOhDZXqjtX$r/O/PwBtKOYsuF9RiR6b9DB+kWUUTPFQJBtadleQMBI=	2024-03-25 09:48:47.070498+00	t	admin			admin@gmail.com	t	t	2024-02-29 19:25:08.479697+00
\.


--
-- Data for Name: auth_user_groups; Type: TABLE DATA; Schema: public; Owner: avnadmin
--

COPY public.auth_user_groups (id, user_id, group_id) FROM stdin;
\.


--
-- Data for Name: auth_user_user_permissions; Type: TABLE DATA; Schema: public; Owner: avnadmin
--

COPY public.auth_user_user_permissions (id, user_id, permission_id) FROM stdin;
\.


--
-- Data for Name: django_admin_log; Type: TABLE DATA; Schema: public; Owner: avnadmin
--

COPY public.django_admin_log (id, action_time, object_id, object_repr, action_flag, change_message, content_type_id, user_id) FROM stdin;
1	2024-02-29 19:27:48.892399+00	2	hasnaintravel	1	[{"added": {}}]	4	1
2	2024-02-29 19:50:16.86455+00	3	karwanehassan	1	[{"added": {}}]	4	1
3	2024-03-01 07:29:54.975988+00	2	hasnaintravel	2	[{"changed": {"fields": ["First name", "Email address"]}}]	4	1
4	2024-03-01 07:33:41.583188+00	3	Muhammad Abubaker	1	[{"added": {}}]	7	1
5	2024-03-01 07:33:55.984134+00	4	Fort Munroo	1	[{"added": {}}]	7	1
6	2024-03-01 07:35:03.092952+00	5	Wazeer Khan Dera Ghazi Khan	1	[{"added": {}}]	7	1
7	2024-03-01 07:35:40.743234+00	6	Khak E Batha	1	[{"added": {}}]	7	1
8	2024-03-01 07:36:30.350121+00	7	IS International	1	[{"added": {}}]	7	1
9	2024-03-01 07:36:58.19899+00	8	Hafiz Abdullah	1	[{"added": {}}]	7	1
10	2024-03-01 07:38:40.512949+00	9	KHT	1	[{"added": {}}]	7	1
11	2024-03-01 07:39:27.947137+00	10	Arif Khan Langah	1	[{"added": {}}]	7	1
12	2024-03-01 07:39:50.362447+00	11	Ahmad Shakargarh	1	[{"added": {}}]	7	1
13	2024-03-01 07:40:26.026078+00	12	Anas Tayyab	1	[{"added": {}}]	7	1
14	2024-03-01 07:40:53.895189+00	13	Sayyed Sabbar Bukhari	1	[{"added": {}}]	7	1
15	2024-03-01 07:41:21.836612+00	14	Mudassir Sb	1	[{"added": {}}]	7	1
16	2024-03-01 07:41:41.473321+00	14	Kashi Rajpoot	2	[{"changed": {"fields": ["Name", "Opening balance"]}}]	7	1
17	2024-03-01 07:41:58.948258+00	14	JJ	2	[{"changed": {"fields": ["Name", "Opening balance"]}}]	7	1
18	2024-03-01 07:42:56.726964+00	14	KK	2	[{"changed": {"fields": ["Name", "Opening balance"]}}]	7	1
19	2024-03-01 07:43:11.96739+00	14	Talha Jaffar	2	[{"changed": {"fields": ["Name", "Opening balance"]}}]	7	1
20	2024-03-01 07:43:30.622297+00	14	Rauf	2	[{"changed": {"fields": ["Name", "Opening balance"]}}]	7	1
21	2024-03-01 07:44:26.890294+00	15	Hafiz Rizwan	1	[{"added": {}}]	7	1
22	2024-03-01 07:45:19.045216+00	15	Hafiz Shafeeq KabeerWala	2	[{"changed": {"fields": ["Name", "Opening balance"]}}]	7	1
23	2024-03-01 07:45:48.10383+00	15	Qari Saeed Ahmad	2	[{"changed": {"fields": ["Name", "Opening balance"]}}]	7	1
24	2024-03-01 07:46:10.872333+00	15	Mujeeb	2	[{"changed": {"fields": ["Name", "Opening balance"]}}]	7	1
25	2024-03-01 07:46:37.007989+00	15	Muhammad Tayyad	2	[{"changed": {"fields": ["Name", "Opening balance"]}}]	7	1
26	2024-03-01 07:47:24.361782+00	15	Hasnain Ahmad	2	[{"changed": {"fields": ["Name", "Opening balance"]}}]	7	1
27	2024-03-01 07:47:43.539637+00	15	Muzamil Mux	2	[{"changed": {"fields": ["Name", "Opening balance"]}}]	7	1
28	2024-03-01 07:48:14.005808+00	15	Abdul Nabi	2	[{"changed": {"fields": ["Name", "Opening balance"]}}]	7	1
29	2024-03-01 07:48:28.450068+00	15	Zia	2	[{"changed": {"fields": ["Name", "Opening balance"]}}]	7	1
30	2024-03-01 07:48:48.324839+00	15	Salman Chacho	2	[{"changed": {"fields": ["Name", "Opening balance"]}}]	7	1
31	2024-03-01 07:49:10.759918+00	15	Rizwan Malaysia	2	[{"changed": {"fields": ["Name", "Opening balance"]}}]	7	1
32	2024-03-01 07:49:53.078238+00	15	Quest Travel	2	[{"changed": {"fields": ["Name", "Opening balance"]}}]	7	1
33	2024-03-01 07:50:18.873435+00	15	GHazanfar Abbas	2	[{"changed": {"fields": ["Name", "Opening balance"]}}]	7	1
34	2024-03-01 07:51:11.22698+00	15	Manan Khan	2	[{"changed": {"fields": ["Name", "Opening balance"]}}]	7	1
35	2024-03-01 07:55:12.019998+00	2	NCT	1	[{"added": {}}]	8	1
36	2024-03-01 08:52:35.428348+00	2	Travel Point	2	[{"changed": {"fields": ["Name", "Opening balance"]}}]	8	1
37	2024-03-01 08:54:03.427392+00	2	NCT	2	[{"changed": {"fields": ["Name", "Opening balance"]}}]	8	1
38	2024-03-01 08:54:50.265798+00	2	Travel Point	2	[{"changed": {"fields": ["Name", "Opening balance"]}}]	8	1
39	2024-03-01 08:55:12.593565+00	2	Travel Point	2	[]	8	1
40	2024-03-01 08:55:44.409396+00	3	NCT	1	[{"added": {}}]	8	1
41	2024-03-01 09:53:58.536354+00	4	FZ	1	[{"added": {}}]	8	1
42	2024-03-01 09:56:44.58765+00	4	G9	2	[{"changed": {"fields": ["Name", "Opening balance"]}}]	8	1
43	2024-03-01 09:57:33.076242+00	4	PA	2	[{"changed": {"fields": ["Name", "Opening balance"]}}]	8	1
44	2024-03-01 09:57:54.167138+00	4	PA	2	[]	8	1
45	2024-03-01 09:58:16.004596+00	5	FZ	1	[{"added": {}}]	8	1
46	2024-03-01 09:58:28.380027+00	5	FZ	2	[]	8	1
47	2024-03-01 09:58:43.860939+00	6	G9	1	[{"added": {}}]	8	1
48	2024-03-01 09:59:10.815032+00	7	OV	1	[{"added": {}}]	8	1
49	2024-03-01 10:00:32.937407+00	8	PF	1	[{"added": {}}]	8	1
50	2024-03-01 10:07:11.86293+00	1	Ledger object (1)	1	[{"added": {}}]	10	1
51	2024-03-01 10:10:02.479645+00	16	JJ	1	[{"added": {}}]	7	1
52	2024-03-01 10:10:38.45148+00	17	Mudassir Sb	1	[{"added": {}}]	7	1
53	2024-03-01 10:11:06.54658+00	18	Kashi Rajpoot	1	[{"added": {}}]	7	1
54	2024-03-01 10:12:13.163553+00	19	Arif Khan Langah	1	[{"added": {}}]	7	1
55	2024-03-01 10:12:38.012056+00	20	Ahmad Shakargarh	1	[{"added": {}}]	7	1
56	2024-03-01 10:12:58.772218+00	21	KK	1	[{"added": {}}]	7	1
57	2024-03-01 10:13:22.375025+00	22	Talha Jaffar	1	[{"added": {}}]	7	1
58	2024-03-01 10:15:26.694813+00	24	Hafiz Shafeeq Kabeerwala	1	[{"added": {}}]	7	1
59	2024-03-01 10:15:59.762917+00	25	Qari Saeed Ahmad	1	[{"added": {}}]	7	1
60	2024-03-01 10:16:16.707636+00	26	Mujeeb	1	[{"added": {}}]	7	1
61	2024-03-01 10:16:43.734688+00	27	Muhammad tayyab	1	[{"added": {}}]	7	1
62	2024-03-01 10:46:50.167286+00	28	Ali	1	[{"added": {}}]	7	1
63	2024-03-02 07:33:23.441805+00	10	Arif Khan Langah	3		7	1
64	2024-03-02 07:50:31.092847+00	3	karwanehassan	2	[{"changed": {"fields": ["First name"]}}]	4	1
\.


--
-- Data for Name: django_content_type; Type: TABLE DATA; Schema: public; Owner: avnadmin
--

COPY public.django_content_type (id, app_label, model) FROM stdin;
1	admin	logentry
2	auth	permission
3	auth	group
4	auth	user
5	contenttypes	contenttype
6	sessions	session
7	ticket	customer
8	ticket	supplier
9	ticket	ticket
10	ticket	ledger
11	ticket	visa
13	ticket	city
14	ticket	hotel
15	ticket	room
16	ticket	price
17	ticket	room_price
12	ticket	riyalprice
\.


--
-- Data for Name: django_migrations; Type: TABLE DATA; Schema: public; Owner: avnadmin
--

COPY public.django_migrations (id, app, name, applied) FROM stdin;
1	contenttypes	0001_initial	2024-02-26 07:49:11.444892+00
2	auth	0001_initial	2024-02-26 07:49:17.909156+00
3	admin	0001_initial	2024-02-26 07:49:19.620906+00
4	admin	0002_logentry_remove_auto_add	2024-02-26 07:49:19.836404+00
5	admin	0003_logentry_add_action_flag_choices	2024-02-26 07:49:20.487168+00
6	contenttypes	0002_remove_content_type_name	2024-02-26 07:49:21.728675+00
7	auth	0002_alter_permission_name_max_length	2024-02-26 07:49:22.582427+00
8	auth	0003_alter_user_email_max_length	2024-02-26 07:49:23.440845+00
9	auth	0004_alter_user_username_opts	2024-02-26 07:49:23.875299+00
10	auth	0005_alter_user_last_login_null	2024-02-26 07:49:24.958766+00
11	auth	0006_require_contenttypes_0002	2024-02-26 07:49:25.375737+00
12	auth	0007_alter_validators_add_error_messages	2024-02-26 07:49:26.010867+00
13	auth	0008_alter_user_username_max_length	2024-02-26 07:49:27.087215+00
14	auth	0009_alter_user_last_name_max_length	2024-02-26 07:49:27.940427+00
15	auth	0010_alter_group_name_max_length	2024-02-26 07:49:28.787789+00
16	auth	0011_update_proxy_permissions	2024-02-26 07:49:29.226545+00
17	auth	0012_alter_user_first_name_max_length	2024-02-26 07:49:30.302145+00
18	sessions	0001_initial	2024-02-26 07:49:31.777144+00
39	ticket	0001_initial	2024-02-29 11:09:23.622032+00
40	ticket	0002_customer_user_ledger_user_supplier_user_ticket_user	2024-02-29 19:35:20.53718+00
42	ticket	0003_alter_ticket_ticket_type	2024-03-08 11:08:49.400507+00
43	ticket	0004_alter_ticket_ticket_type	2024-03-08 11:20:20.792248+00
44	ticket	0005_alter_ticket_ticket_type	2024-03-08 11:28:48.119321+00
45	ticket	0006_rialprice_visa	2024-03-15 10:34:19.492741+00
46	ticket	0007_visa_created_at_alter_visa_duration	2024-03-17 19:19:17.861308+00
47	ticket	0008_alter_visa_pkr_price_alter_visa_rial_price	2024-03-18 00:00:50.222026+00
57	ticket	0009_rename_rialprice_riyalprice_and_more	2024-03-25 19:08:23.255934+00
\.


--
-- Data for Name: django_session; Type: TABLE DATA; Schema: public; Owner: avnadmin
--

COPY public.django_session (session_key, session_data, expire_date) FROM stdin;
qt2ynac6xkqp58l5jiyohe6c9aifn0zj	.eJxVjMsOwiAQRf-FtSG8BZfu_QYywIxUDSSlXRn_3TbpQrfnnHvfLMK61LgOnONU2IVJdvplCfIT2y7KA9q989zbMk-J7wk_7OC3XvB1Pdq_gwqjbmuyyjkyMgGIVDJQtg41oQw-6HMQQEGaQEpQ1tZbt2FVPGZ01gRpC_t8AfdXN_U:1rmJ8R:r5zOGfhUPY_cpYKKvwN5hew76061bNHkd-1_pMYG_XY	2024-04-01 19:59:03.651652+00
k7sg8a3qbvu9plp460x52zb0km4si0dv	.eJxVjMsOwiAQRf-FtSG8BZfu_QYywIxUDSSlXRn_3TbpQrfnnHvfLMK61LgOnONU2IVJdvplCfIT2y7KA9q989zbMk-J7wk_7OC3XvB1Pdq_gwqjbmuyyjkyMgGIVDJQtg41oQw-6HMQQEGaQEpQ1tZbt2FVPGZ01gRpC_t8AfdXN_U:1rogwh:xZR0ZplnobFdlSISMvGQxPmhVc28Z1nlQDDKrqW6GDg	2024-04-08 09:48:47.308252+00
8f91z1oedihkyenew31q0xo65tngyzxc	.eJxVjEEOwiAQRe_C2hBghCku3fcMZBioVA0kpV0Z765NutDtf-_9lwi0rSVsPS9hTuIijDj9bpH4kesO0p3qrUludV3mKHdFHrTLsaX8vB7u30GhXr6109byRKBZaaazoohgQOWIyDaCi4bRT-gJs1ID6yEl9gzMgNYadOL9AeG_N8Q:1rhvkN:PxikwOoYrtJywxYsioGrQOPBjwn5kNut7EJDDtYHMUg	2024-03-20 18:12:07.940328+00
4gjz1fdoitgcpvbwvmre47aktplyogvn	.eJxVjEEOwiAQRe_C2hBghCku3fcMZBioVA0kpV0Z765NutDtf-_9lwi0rSVsPS9hTuIijDj9bpH4kesO0p3qrUludV3mKHdFHrTLsaX8vB7u30GhXr6109byRKBZaaazoohgQOWIyDaCi4bRT-gJs1ID6yEl9gzMgNYadOL9AeG_N8Q:1riBwZ:OSfNQPvol9RmkGf0n_z99JFVyi9zlABzzvslchzz8ok	2024-03-21 11:29:47.660206+00
s0hbae1pnxwgsd2aim1ge1mxcch7v56f	.eJxVjEEOwiAQRe_C2hBghCku3fcMZBioVA0kpV0Z765NutDtf-_9lwi0rSVsPS9hTuIijDj9bpH4kesO0p3qrUludV3mKHdFHrTLsaX8vB7u30GhXr6109byRKBZaaazoohgQOWIyDaCi4bRT-gJs1ID6yEl9gzMgNYadOL9AeG_N8Q:1rgKsU:V0vUaecnjVR-S39Gq65AWmlfuFLX3dYoNHmwcpafCQw	2024-03-16 08:37:54.44181+00
ukrz4ry7yqjtg7girbh2doe9iubgiiss	.eJxVjDsOwjAUBO_iGllO_ImhpM8ZrPXzCw4gW4qTCnF3iJQC2p2ZfYmAbc1ha7yEOYmL0OL0u0XQg8sO0h3lViXVsi5zlLsiD9rkWBM_r4f7d5DR8rc2ClADk3YuGjiPOHWKQf3gYFl5ZT08MQz6aKZOc7KJySCdtXeRWLw__gg5Cg:1riC0g:it6FyVopvMuIfpV9LHcd1-l75km3iMOS4L64Hivhh70	2024-03-21 11:34:02.072067+00
i098uvml7iagk8rhsvpeasaqrokrrjnl	.eJxVjEEOwiAQRe_C2hBghCku3fcMZBioVA0kpV0Z765NutDtf-_9lwi0rSVsPS9hTuIijDj9bpH4kesO0p3qrUludV3mKHdFHrTLsaX8vB7u30GhXr6109byRKBZaaazoohgQOWIyDaCi4bRT-gJs1ID6yEl9gzMgNYadOL9AeG_N8Q:1rgL03:QyxoUlc3VkbePHHQT3Ono2NzWtk0VH6zA1CYz0-lzJ0	2024-03-16 08:45:43.992585+00
w7n37pd4w2t4irm7g5jb6vq1hwbkg3ek	.eJxVjMsOwiAQRf-FtSG8BZfu_QYywIxUDSSlXRn_3TbpQrfnnHvfLMK61LgOnONU2IVJdvplCfIT2y7KA9q989zbMk-J7wk_7OC3XvB1Pdq_gwqjbmuyyjkyMgGIVDJQtg41oQw-6HMQQEGaQEpQ1tZbt2FVPGZ01gRpC_t8AfdXN_U:1rfnUS:kLXYWO620EcxKq78D9oriA8dQTCYIc3ZYPBlg7K4GkM	2024-03-14 20:58:52.793666+00
d12z90exxb4fa4qe1lealau8vkfb8964	.eJxVjDsOwjAUBO_iGllO_ImhpM8ZrPXzCw4gW4qTCnF3iJQC2p2ZfYmAbc1ha7yEOYmL0OL0u0XQg8sO0h3lViXVsi5zlLsiD9rkWBM_r4f7d5DR8rc2ClADk3YuGjiPOHWKQf3gYFl5ZT08MQz6aKZOc7KJySCdtXeRWLw__gg5Cg:1riC9I:1jySGNvmyKjENMoMeJWVVuoOEDoo7yUSeZ84MPfnETU	2024-03-21 11:42:56.275435+00
b0xh8kbra0seh2nymiig2ww454zko154	.eJxVjDsOwjAUBO_iGllO_ImhpM8ZrPXzCw4gW4qTCnF3iJQC2p2ZfYmAbc1ha7yEOYmL0OL0u0XQg8sO0h3lViXVsi5zlLsiD9rkWBM_r4f7d5DR8rc2ClADk3YuGjiPOHWKQf3gYFl5ZT08MQz6aKZOc7KJySCdtXeRWLw__gg5Cg:1riqlB:hIkOS2c6ZUuo1xs0qVZjvkYZ_h2-KUsXVgnDXvKL3U0	2024-03-23 07:04:45.325369+00
3kfos82kevdz16ocuodq7iuom75we1jj	.eJxVjEEOwiAQRe_C2hBghCku3fcMZBioVA0kpV0Z765NutDtf-_9lwi0rSVsPS9hTuIijDj9bpH4kesO0p3qrUludV3mKHdFHrTLsaX8vB7u30GhXr6109byRKBZaaazoohgQOWIyDaCi4bRT-gJs1ID6yEl9gzMgNYadOL9AeG_N8Q:1rgLhX:wfoBhz1ukXZNDvhDmVJagNH6VFbuObsUic3qsj0BCbs	2024-03-16 09:30:39.172519+00
u7og3eki24hw13o12yyrxv0ip46e1v0l	.eJxVjEEOwiAQRe_C2hBghCku3fcMZBioVA0kpV0Z765NutDtf-_9lwi0rSVsPS9hTuIijDj9bpH4kesO0p3qrUludV3mKHdFHrTLsaX8vB7u30GhXr6109byRKBZaaazoohgQOWIyDaCi4bRT-gJs1ID6yEl9gzMgNYadOL9AeG_N8Q:1rgOS8:Fusf_j2RQ4QrYw6OPEQ_A1OYSCx7wGqGTAW2QT64PqA	2024-03-16 12:26:56.456582+00
6ol220tue2uym8yst0qveyg2c56qif4v	.eJxVjEEOwiAQRe_C2hBghCku3fcMZBioVA0kpV0Z765NutDtf-_9lwi0rSVsPS9hTuIijDj9bpH4kesO0p3qrUludV3mKHdFHrTLsaX8vB7u30GhXr6109byRKBZaaazoohgQOWIyDaCi4bRT-gJs1ID6yEl9gzMgNYadOL9AeG_N8Q:1rgObS:iGJIwtIsMil_sWq_ue4bVoWHG9n0nuOyjWhz8Ra9IoI	2024-03-16 12:36:34.50461+00
iyhpc3qtvdz1nfk6k7ivlw66h2tlwd35	.eJxVjEEOwiAQRe_C2hBghCku3fcMZBioVA0kpV0Z765NutDtf-_9lwi0rSVsPS9hTuIijDj9bpH4kesO0p3qrUludV3mKHdFHrTLsaX8vB7u30GhXr6109byRKBZaaazoohgQOWIyDaCi4bRT-gJs1ID6yEl9gzMgNYadOL9AeG_N8Q:1rgOzg:ftpKi8GoegjQBAaCzMr9X3aLNagVomccnDuVAPbYg5Y	2024-03-16 13:01:36.136125+00
z9d8upugt7vv613vmckzttryr6a6zbfg	.eJxVjEEOwiAQRe_C2hBghCku3fcMZBioVA0kpV0Z765NutDtf-_9lwi0rSVsPS9hTuIijDj9bpH4kesO0p3qrUludV3mKHdFHrTLsaX8vB7u30GhXr6109byRKBZaaazoohgQOWIyDaCi4bRT-gJs1ID6yEl9gzMgNYadOL9AeG_N8Q:1rgUUv:c2R1icL3NeAIGoekivH0oqa7BoXjPgODFiv4GrcNxDM	2024-03-16 18:54:13.95368+00
1jmq4twvl2abvreur5znc74zit2v5wr1	.eJxVjEEOwiAQRe_C2hBghCku3fcMZBioVA0kpV0Z765NutDtf-_9lwi0rSVsPS9hTuIijDj9bpH4kesO0p3qrUludV3mKHdFHrTLsaX8vB7u30GhXr6109byRKBZaaazoohgQOWIyDaCi4bRT-gJs1ID6yEl9gzMgNYadOL9AeG_N8Q:1rgUVY:mwwCQsmkOf-D56emyMQ1dMeXXdof9kziLJ_u5ttQiDE	2024-03-16 18:54:52.692708+00
3w2oa3ewqi8z6bqx5mtfqg9i1dn9dehp	.eJxVjEEOwiAQRe_C2hBghCku3fcMZBioVA0kpV0Z765NutDtf-_9lwi0rSVsPS9hTuIijDj9bpH4kesO0p3qrUludV3mKHdFHrTLsaX8vB7u30GhXr6109byRKBZaaazoohgQOWIyDaCi4bRT-gJs1ID6yEl9gzMgNYadOL9AeG_N8Q:1rgbgF:OflQdoyDivOAuKe3jo5nx97tefIQTYOeMECd1QTCh38	2024-03-17 02:34:23.469057+00
cw0pdop8ugvo8gfiqqkfuf7yeiwyu8m1	.eJxVjEEOwiAQRe_C2hBghCku3fcMZBioVA0kpV0Z765NutDtf-_9lwi0rSVsPS9hTuIijDj9bpH4kesO0p3qrUludV3mKHdFHrTLsaX8vB7u30GhXr6109byRKBZaaazoohgQOWIyDaCi4bRT-gJs1ID6yEl9gzMgNYadOL9AeG_N8Q:1rgfNU:vuFaY3joPJPizWgt5j6y3uuMbmW7qftKt8xLwYa1CWs	2024-03-17 06:31:16.646521+00
6ozy4gkx1wxb8lq29mgszkv38c7joyy3	.eJxVjEEOwiAQRe_C2hBghCku3fcMZBioVA0kpV0Z765NutDtf-_9lwi0rSVsPS9hTuIijDj9bpH4kesO0p3qrUludV3mKHdFHrTLsaX8vB7u30GhXr6109byRKBZaaazoohgQOWIyDaCi4bRT-gJs1ID6yEl9gzMgNYadOL9AeG_N8Q:1rh7nE:kRQl_Ey6cxWqVveWARXeMFTkg-Rj-6H_ZDLKR2XjXQc	2024-03-18 12:51:44.556928+00
ceqt1y527ward14ranas5u3z5tztp8dw	.eJxVjEEOwiAQRe_C2hBghCku3fcMZBioVA0kpV0Z765NutDtf-_9lwi0rSVsPS9hTuIijDj9bpH4kesO0p3qrUludV3mKHdFHrTLsaX8vB7u30GhXr6109byRKBZaaazoohgQOWIyDaCi4bRT-gJs1ID6yEl9gzMgNYadOL9AeG_N8Q:1rgjzB:BY1TugfDM-qZPvgtgAAZyOtV2QKur64lvj985-I2DYI	2024-03-17 11:26:29.900125+00
foshmcpvfy7xp9ie52q7b3fkjv7bhh23	.eJxVjDsOwjAUBO_iGllO_ImhpM8ZrPXzCw4gW4qTCnF3iJQC2p2ZfYmAbc1ha7yEOYmL0OL0u0XQg8sO0h3lViXVsi5zlLsiD9rkWBM_r4f7d5DR8rc2ClADk3YuGjiPOHWKQf3gYFl5ZT08MQz6aKZOc7KJySCdtXeRWLw__gg5Cg:1rgIi2:EWmaZ2bEI3NEFckw43LnXdBEe_6pU-1suxExpBC8U8c	2024-03-16 06:18:58.636612+00
ewqtwxeizas92ixifjg92365bdgpaomi	.eJxVjEEOwiAQRe_C2hBghCku3fcMZBioVA0kpV0Z765NutDtf-_9lwi0rSVsPS9hTuIijDj9bpH4kesO0p3qrUludV3mKHdFHrTLsaX8vB7u30GhXr6109byRKBZaaazoohgQOWIyDaCi4bRT-gJs1ID6yEl9gzMgNYadOL9AeG_N8Q:1rhB4A:XdyNh_Rb3R1ZZ0ZabyNr6gCFquOB71lAiOwvHsvIMHM	2024-03-18 16:21:26.546564+00
53zl964ctqpp0ssx5h8cuhrdef9wr9su	.eJxVjEEOwiAQRe_C2hBghCku3fcMZBioVA0kpV0Z765NutDtf-_9lwi0rSVsPS9hTuIijDj9bpH4kesO0p3qrUludV3mKHdFHrTLsaX8vB7u30GhXr6109byRKBZaaazoohgQOWIyDaCi4bRT-gJs1ID6yEl9gzMgNYadOL9AeG_N8Q:1rhOXf:v73zd0_7BSLRzFBAkMr21Z_W4RNrdpBs1hTnYO1dvyE	2024-03-19 06:44:47.441528+00
nv63tz4u20iorbeudget5jojd6zqwbfe	.eJxVjEEOwiAQRe_C2hBghCku3fcMZBioVA0kpV0Z765NutDtf-_9lwi0rSVsPS9hTuIijDj9bpH4kesO0p3qrUludV3mKHdFHrTLsaX8vB7u30GhXr6109byRKBZaaazoohgQOWIyDaCi4bRT-gJs1ID6yEl9gzMgNYadOL9AeG_N8Q:1rhR7B:f8kAQdk4QEMd7HYuPV5gruJ57LpzqVpgNQnVHiDnJwU	2024-03-19 09:29:37.838853+00
f8wk7q3k7khyxnb02ra0w59uled60yf4	.eJxVjEEOwiAQRe_C2hBghCku3fcMZBioVA0kpV0Z765NutDtf-_9lwi0rSVsPS9hTuIijDj9bpH4kesO0p3qrUludV3mKHdFHrTLsaX8vB7u30GhXr6109byRKBZaaazoohgQOWIyDaCi4bRT-gJs1ID6yEl9gzMgNYadOL9AeG_N8Q:1rhRmt:CyNEhcaMM3rx_mkQd1EJiRsyDy5878xFZl2aLzfy87k	2024-03-19 10:12:43.336318+00
wa3n5qn56ot9v6pweuxyvv7erot75jym	.eJxVjDsOwjAUBO_iGllO_ImhpM8ZrPXzCw4gW4qTCnF3iJQC2p2ZfYmAbc1ha7yEOYmL0OL0u0XQg8sO0h3lViXVsi5zlLsiD9rkWBM_r4f7d5DR8rc2ClADk3YuGjiPOHWKQf3gYFl5ZT08MQz6aKZOc7KJySCdtXeRWLw__gg5Cg:1rlNQD:PQlHo77PmVbAfXUDOPwKtJYWOC9p6_t6PlEPbstqfZY	2024-03-30 06:21:33.673874+00
uj11vqgatqiy59xeaaflczavas9d3ayx	.eJxVjMsOwiAQRf-FtSG8BZfu_QYywIxUDSSlXRn_3TbpQrfnnHvfLMK61LgOnONU2IVJdvplCfIT2y7KA9q989zbMk-J7wk_7OC3XvB1Pdq_gwqjbmuyyjkyMgGIVDJQtg41oQw-6HMQQEGaQEpQ1tZbt2FVPGZ01gRpC_t8AfdXN_U:1rmJ99:1lhjO-nNKZpCRy3D7fx2XjSzs7NBQAt3EexoZjO4g20	2024-04-01 19:59:47.14116+00
weib8j2fob81wmf1d599ismslg3kohhb	.eJxVjEEOwiAQRe_C2hBghCku3fcMZBioVA0kpV0Z765NutDtf-_9lwi0rSVsPS9hTuIijDj9bpH4kesO0p3qrUludV3mKHdFHrTLsaX8vB7u30GhXr6109byRKBZaaazoohgQOWIyDaCi4bRT-gJs1ID6yEl9gzMgNYadOL9AeG_N8Q:1rnZX2:2v0_9Ty47pW350D4zDg6UpQgSEkJwrnzO1F74okpQhQ	2024-04-05 07:41:40.057882+00
tpo5vr9ig1lexdc1pr0ifnec2q8tqlju	.eJxVjEEOwiAQRe_C2hBghCku3fcMZBioVA0kpV0Z765NutDtf-_9lwi0rSVsPS9hTuIijDj9bpH4kesO0p3qrUludV3mKHdFHrTLsaX8vB7u30GhXr6109byRKBZaaazoohgQOWIyDaCi4bRT-gJs1ID6yEl9gzMgNYadOL9AeG_N8Q:1rlPVu:VZ3CAJpVYzqHFA7vcAxeKyMBjtgfwL89UJlCDSFF5hQ	2024-03-30 08:35:34.688932+00
xnks61wirsbg3gx1iv2hz9rhg7peafwq	.eJxVjEEOwiAQRe_C2hBghCku3fcMZBioVA0kpV0Z765NutDtf-_9lwi0rSVsPS9hTuIijDj9bpH4kesO0p3qrUludV3mKHdFHrTLsaX8vB7u30GhXr6109byRKBZaaazoohgQOWIyDaCi4bRT-gJs1ID6yEl9gzMgNYadOL9AeG_N8Q:1rnakQ:PWEzpK4bCCZqLBuxedAJQe2VyFmKnXMGj8YrlJ6mGMQ	2024-04-05 08:59:34.678802+00
rbh4ruq2aor9dzvdup3o49ddslhdtqx9	.eJxVjEEOwiAQRe_C2hBghCku3fcMZBioVA0kpV0Z765NutDtf-_9lwi0rSVsPS9hTuIijDj9bpH4kesO0p3qrUludV3mKHdFHrTLsaX8vB7u30GhXr6109byRKBZaaazoohgQOWIyDaCi4bRT-gJs1ID6yEl9gzMgNYadOL9AeG_N8Q:1rndVp:RaBIwPuTbJcs2XfGMTIgL9UTY5W6N2OZDJSph4JX8OM	2024-04-05 11:56:41.63628+00
c3jyux6mhgbdqvw8uv9dcwbh7ckel996	.eJxVjEEOwiAQRe_C2hBghCku3fcMZBioVA0kpV0Z765NutDtf-_9lwi0rSVsPS9hTuIijDj9bpH4kesO0p3qrUludV3mKHdFHrTLsaX8vB7u30GhXr6109byRKBZaaazoohgQOWIyDaCi4bRT-gJs1ID6yEl9gzMgNYadOL9AeG_N8Q:1rmW2S:-rXB2eSzsziEv9fRyxdpYq3Q--vqval-c90uy9Cb88A	2024-04-02 09:45:44.976097+00
0n3mfr25714kybddl80712k2kf6d70pl	.eJxVjEEOwiAQRe_C2hBghCku3fcMZBioVA0kpV0Z765NutDtf-_9lwi0rSVsPS9hTuIijDj9bpH4kesO0p3qrUludV3mKHdFHrTLsaX8vB7u30GhXr6109byRKBZaaazoohgQOWIyDaCi4bRT-gJs1ID6yEl9gzMgNYadOL9AeG_N8Q:1rmsAI:wXssk5w_Y7yYK5j6lcmcftV0jmL5hwX1Y_9nN7uKWl8	2024-04-03 09:23:18.653143+00
f0m0w5490ysxcckr81eo2d9o62k8ceyw	.eJxVjMsOwiAQRf-FtSG8BZfu_QYywIxUDSSlXRn_3TbpQrfnnHvfLMK61LgOnONU2IVJdvplCfIT2y7KA9q989zbMk-J7wk_7OC3XvB1Pdq_gwqjbmuyyjkyMgGIVDJQtg41oQw-6HMQQEGaQEpQ1tZbt2FVPGZ01gRpC_t8AfdXN_U:1rmsAQ:Ljlfav2gXA8CBKFqkKTtAes8AZ7sgr5uR1J2d3hF7d8	2024-04-03 09:23:26.073321+00
64ox351qrqzz0su7rx2wss6us4fgkrmz	.eJxVjMsOwiAQRf-FtSG8BZfu_QYywIxUDSSlXRn_3TbpQrfnnHvfLMK61LgOnONU2IVJdvplCfIT2y7KA9q989zbMk-J7wk_7OC3XvB1Pdq_gwqjbmuyyjkyMgGIVDJQtg41oQw-6HMQQEGaQEpQ1tZbt2FVPGZ01gRpC_t8AfdXN_U:1rlywE:YWvf-wvxf2qAvYSXMYj9EHkwfP463FH5uIj0KO0eYt4	2024-03-31 22:25:06.721193+00
qtg9cjw51vhbrn4t61gxit8hznxah75a	.eJxVjEEOwiAQRe_C2hBghCku3fcMZBioVA0kpV0Z765NutDtf-_9lwi0rSVsPS9hTuIijDj9bpH4kesO0p3qrUludV3mKHdFHrTLsaX8vB7u30GhXr6109byRKBZaaazoohgQOWIyDaCi4bRT-gJs1ID6yEl9gzMgNYadOL9AeG_N8Q:1rnGgt:lbehyzVkjFqvzIWuXLp5_dv2IcbDLY4RBtQCNo8X6hE	2024-04-04 11:34:35.569607+00
np38ep1opg7cmo759ls797abt7idmjno	.eJxVjMsOwiAQRf-FtSG8BZfu_QYywIxUDSSlXRn_3TbpQrfnnHvfLMK61LgOnONU2IVJdvplCfIT2y7KA9q989zbMk-J7wk_7OC3XvB1Pdq_gwqjbmuyyjkyMgGIVDJQtg41oQw-6HMQQEGaQEpQ1tZbt2FVPGZ01gRpC_t8AfdXN_U:1rm8CB:4zF3ajhp02qSP4DTqZVCkE_7dQ6CZeYG8N2rPI6WZaY	2024-04-01 08:18:11.626132+00
sf4ojmow7rgr1651tpkidl2yt47r84qt	.eJxVjMsOwiAQRf-FtSG8BZfu_QYywIxUDSSlXRn_3TbpQrfnnHvfLMK61LgOnONU2IVJdvplCfIT2y7KA9q989zbMk-J7wk_7OC3XvB1Pdq_gwqjbmuyyjkyMgGIVDJQtg41oQw-6HMQQEGaQEpQ1tZbt2FVPGZ01gRpC_t8AfdXN_U:1rmACL:JL765n2W5lOp1XRcji2_CLZhhoGTaP_qfxp8HAbWB88	2024-04-01 10:26:29.479312+00
7oc8g7a8dtdx9ndudjmmkoqsscqarcof	.eJxVjMsOwiAQRf-FtSG8BZfu_QYywIxUDSSlXRn_3TbpQrfnnHvfLMK61LgOnONU2IVJdvplCfIT2y7KA9q989zbMk-J7wk_7OC3XvB1Pdq_gwqjbmuyyjkyMgGIVDJQtg41oQw-6HMQQEGaQEpQ1tZbt2FVPGZ01gRpC_t8AfdXN_U:1rnzHO:NecWjflNrpAAPd--dCHEJ6uqzeH1Zd5wCwvcaD7zUPQ	2024-04-06 11:11:14.667452+00
\.


--
-- Data for Name: ticket_customer; Type: TABLE DATA; Schema: public; Owner: avnadmin
--

COPY public.ticket_customer (id, name, opening_balance, user_id) FROM stdin;
3	Muhammad Abubaker	0.00	2
6	Khak E Batha	245383.00	2
7	IS International	71792.00	2
8	Hafiz Abdullah	69394.00	2
9	KHT	-61926.00	2
11	Ahmad Shakargarh	27061.00	2
13	Sayyed Sabbar Bukhari	75850.00	2
92	NEW ZIKARIYA TRAVEL-CUS	0.00	3
93	AR TRAVEL-CUS	0.00	3
94	AZMIN TRAVEL-CUS	-33627.00	3
95	ASRA TRAVEL-CUS	2560.00	3
14	Rauf	124696.00	2
97	MADNI TRAVEL-CUS	536697.00	3
98	KARWAN E MUBARAK-CUS	60719.00	3
99	DUA E HARAM TRAVEL-CUS	-5217.00	3
100	KARWAN E MAHSOOMA DR MUNIR-CUS	202474.00	3
101	Perfect Travel	0.00	2
102	SADAM	0.00	2
40	Quest Travel	18952.00	2
103	REHMAN TRAVEL-CUS	60.00	3
104	TAYYAB OFFICE-CUS	0.00	3
122	DAR UL SAFAR TRAVEL-CUS	0.00	3
123	KARWAN E FAZLIA-CUS	0.00	3
16	JJ	401325.00	2
19	Arif Khan Langah	15500.00	2
21	KK	54391.00	2
24	Hafiz Shafeeq Kabeerwala	44370.00	2
25	Qari Saeed Ahmad	77034.00	2
26	Mujeeb	145000.00	2
27	Muhammad tayyab	218150.00	2
28	Ali	0.00	1
105	CHANGAIZ LAGARI TRAVEL-CUS	278513.00	3
37	Shazam	0.00	2
38	Yasir Iqbal	0.00	2
17	Zin	184410.00	2
41	Ghazanfar Abbas	35700.00	2
43	Sahil Air	0.00	2
45	Royal Falcon	0.00	2
44	Abdul Nabi	186020.00	2
107	HABIB AHMAD  OFFICE-CUS	6505.00	3
12	Anas Tayyab	-83050.00	2
108	MUREED HARMAIN-CUS	546533.00	3
23	Hafiz Rizwan	58095.00	2
36	JAVEED MEHMOOD	0.00	2
22	Talha Jaffar	40099.00	2
46	Ali Mastoi	0.00	2
47	Irfan Bhatti	0.00	2
48	FORT MUNRO-CUS	1377536.00	3
50	RS TRAVELS-CUS	850145.50	3
52	RANDHAWA TRAVEL-CUS	62909.00	3
53	ZUBAIR INTERNATIONAL-CUS	939472.00	3
54	AL MUTEERI TRAVEL-CUS	31312.00	3
56	BASHIR IBRAHIM TRAVELS-CUS	0.00	3
57	PAK SAHER TRAVEL-CUS	13450.00	3
55	SHAZAM TRAVEL-CUS	18199.98	3
58	SAAD KHAN-CUS	750.00	3
59	ARFEEN TRAVEL-CUS	242054.50	3
60	Premium Travel	0.00	2
61	FAISAL KARACHI-CUS	626152.10	3
62	HASEEB AL HADAF-CUS	511151.00	3
63	AISHA SIDDIQA TRAVEL-CUS	-248.00	3
64	ABDUL SHAKOOR SAHIB-CUS	1618718.50	3
65	IKRAAM MADINA SHARIF-CUS	652559.00	3
66	DOCTOR YASEEN-CUS	727978.76	3
67	AL AWWAL TRAVEL-CUS	15.00	3
69	MAARIB TRAVEL-CUS	-78125.00	3
70	NEW SARBULAND TRAVEL-CUS	822741.98	3
71	DHALOON TRAVEL-CUS	232924.00	3
72	ADEEB TRAVEL-CUS	50886.00	3
74	KHALIL AHMAD FAROOQI-CUS	0.00	3
75	TRAVEL POINT-CUS	450704.00	3
76	CC	0.00	2
78	ADAN TRAVEL-CUS	0.00	3
79	MANAN D.G KHAN-CUS	182807.00	3
81	MUSHTAQ KHAN GARH-CUS	11605.00	3
82	HAMZA ALI TRAVEL-CUS	100000.00	3
83	IFTEKHAR ASF AIRPORT-CUS	0.00	3
84	HAFIZ ASLAM SHB-CUS	162009.00	3
85	SHAHBAZ QATAR-CUS	1542.00	3
86	MALAIKA RIAZ TRAVEL-CUS	202758.00	3
87	KARWAN E ZAHRA BATOOL KZB TRAVEL-CUS	0.00	3
5	Wazeer Khan Dera	186720.00	2
88	Rizwan Burewala	0.00	2
89	MUZAMMIL	11130.00	2
90	Hasnain Kareemain	280573.00	2
42	Sohail Afzal	0.00	2
91	ASIF KABIRWALA-CUS	451369.00	3
109	QASIM BHAI-CUS	25200.00	3
110	ONE WORLD TRAVEL-CUS	168942.00	3
80	TNN TRAVEL-CUS	12750.00	3
111	REHMAT UL LILALAMIN-CUS	361430.50	3
112	UZAIR MUSTAFA-CUS	142509.80	3
113	AL REHMA TRAVEL-CUS	0.00	3
114	MILAT PUNJAB TRAVEL-CUS	165000.00	3
115	ATTA AND SONS TRAVEL-CUS	0.00	3
116	MOLE TRAVEL-CUS	63585.50	3
117	BAAB AL UMRAH TRAVEL-CUS	0.00	3
118	AL HAREEM TRAVEL-CUS	157679.50	3
119	KMT	0.00	2
120	VENUS	0.00	2
121	QARI ABDUL RASHEED-CUS	-4079.00	3
124	KAZMI TRAVEL-CUS	0.00	3
125	KHURSHID ALI PUR-CUS	0.00	3
73	COUNTER SALE	4818519.50	3
126	ZOHAIB SHB-CUS	13389.00	3
127	ZUBAIR WAQAR MADINA TRAVEL-CUS	6215.00	3
128	ANAS SAEED TRAVEL A/C2-CUS	913244.00	3
129	FORT MUNRO INTERNATIONAL-CUS	88202.00	3
130	HEAVEN DROPS-CUS	2000.00	3
131	EWAN E ABID TRAVEL-CUS	0.00	3
132	AL NASEEB TRAVEL-CUS	-4380.00	3
133	MASOOD TRAVEL-CUS	3985.60	3
134	ANSAR GHILANI TRAVEL-CUS	229942.00	3
\.


--
-- Data for Name: ticket_hotel; Type: TABLE DATA; Schema: public; Owner: avnadmin
--

COPY public.ticket_hotel (id, city_name, hotel_name, distance, user_id) FROM stdin;
1	Madinah	Zia	100	1
2	Madinah	Humaira	50	1
3	Madinah	200	400	1
4	Madinah	200	100	1
5	Madinah	200	10	1
6	Madinah	Humaira	10	1
7	Madinah	200	3000	1
8	Madinah	Last	200	1
9	Madinah	Final	2200	1
10	Madinah	Final	2200	1
11	Madinah	Ab bs	200	1
12	Madinah	Bas yar	200	1
13	Makkah	Lolo	200	1
14	Madinah	Zia	1000	1
15	Madinah	Wow	200	1
16	Madinah	New Hotel	1	1
17	Madinah	11	11	1
18	Madinah	dasda	1234	1
19	Madinah	1231	12312	1
20	Madinah	1221	121	1
21	Madinah	121	11	1
22	Madinah	1121	11	1
23	Madinah	last	1111	1
24	Madinah	last	1111	1
25	Madinah	1211	111	1
26	Madinah	211	1221	1
27	Madinah	211	112	1
28	Madinah	21221	11	1
29	Madinah	22	22	1
30	Madinah	Lolo Barkah	111	1
31	Madinah	1211	121	1
32	Madinah	121	121	1
\.


--
-- Data for Name: ticket_ledger; Type: TABLE DATA; Schema: public; Owner: avnadmin
--

COPY public.ticket_ledger (id, payment, payment_date, description, customer_id, supplier_id, user_id) FROM stdin;
66	160000.00	2024-03-05 08:29:00+00	Recived	17	\N	2
1	375000.00	2024-03-01 09:27:00+00	Bank Alfallah\r\nTransaction Successful	\N	3	2
3	440000.00	2024-03-02 09:36:00+00	Mezaan Bank Payment	\N	3	2
4	-750.00	2024-03-02 11:55:00+00	Golootlo Token	\N	21	2
5	131000.00	2024-03-02 12:00:00+00	ALFALAH-0114001008240868	\N	3	2
8	111750.00	2024-03-03 08:04:00+00	Rasst transfer to Ubaid account	37	\N	2
67	50000.00	2024-03-02 08:35:00+00	Meezan	17	\N	2
11	500000.00	2024-03-04 10:34:00+00	Transfer From Meezan to NCT	\N	3	2
12	250000.00	2024-03-03 09:24:00+00	HBL TO HBL	\N	3	2
13	90000.00	2024-03-02 09:43:00+00	Credit Card Payment	\N	21	2
14	158586.00	2024-03-03 10:11:00+00	UBL TO NCT	\N	3	2
15	209872.00	2024-03-02 10:59:00+00	HBL to FZ	\N	5	2
9	60000.00	2024-03-04 06:52:00+00	UBL Transaction	7	\N	2
18	-250000.00	2024-03-04 06:44:00+00	HBL	9	\N	2
19	-70000.00	2024-03-04 06:45:00+00	Alsaboor	9	\N	2
20	-200.00	2024-03-04 15:45:00+00	habibullah jalapur	9	\N	2
21	-200.00	2024-03-04 15:45:00+00	huma mushtaq gujranwala	9	\N	2
22	150000.00	2024-03-04 15:46:00+00	cash received	9	\N	2
23	320000.00	2024-03-04 15:46:00+00	sv 2 tkts	9	\N	2
24	-102000.00	2024-03-04 15:46:00+00	To Arbab Travels	9	\N	2
16	-17422.00	2024-03-03 15:39:00+00	Chase up	\N	21	2
25	90000.00	2024-03-04 12:36:00+00	Muhammad Ismael to Ubaid UBL	7	\N	2
26	100000.00	2024-03-04 09:33:00+00	Ismael to Ubaid HBL	7	\N	2
27	137000.00	2024-03-05 09:33:00+00	HBL to Air Sial(PF)	\N	8	2
29	45000.00	2024-03-04 10:47:00+00	JJ to Ubaid Raast	16	\N	2
30	200000.00	2024-03-04 06:46:00+00	JJ to Raast	16	\N	2
31	250000.00	2024-03-03 08:20:00+00	JJ to Raast	16	\N	2
32	225000.00	2024-03-02 09:31:00+00	JJ to Raast	16	\N	2
33	84000.00	2024-03-01 16:19:00+00	JJ to Raast	16	\N	2
34	200000.00	2024-03-01 12:15:00+00	JJ to Raast	16	\N	2
35	1800.00	2024-03-05 10:16:00+00	SUNDAY BONUS	12	\N	2
36	101000.00	2024-03-05 10:14:00+00	Transfer from HBL	\N	2	2
37	-63000.00	2024-03-01 10:23:00+00	3 multiple Visa	16	\N	2
38	-49000.00	2024-03-05 10:24:00+00	Ghulam Hyder UAE visa	16	\N	2
39	32520.00	2024-03-05 10:27:00+00	Payment Recived\r\n04 Mar 09:22 p.m.\tGLQ17S\tSAMI ULLAH\tRs: 32,520.00	44	\N	2
41	139000.00	2024-03-05 10:30:00+00	Alfalaha Transaction	44	\N	2
42	35700.00	2024-03-04 10:34:00+00	Transfered to HBL	41	\N	2
45	141400.00	2024-03-01 11:11:00+00	Muhammad Irfan Refund	8	\N	2
69	287000.00	2024-03-06 08:50:00+00	Tranfered to NCT	\N	3	2
70	100000.00	2024-03-06 09:58:00+00	ubl	\N	2	2
47	6000.00	2024-03-01 11:17:00+00	PK VIsa	8	\N	2
49	30000.00	2024-03-02 11:18:00+00		23	\N	2
50	72200.00	2024-03-05 11:22:00+00	ABdul Raf JED KHI reamining payment	23	\N	2
52	150000.00	2024-03-02 11:46:00+00	received in hbl	36	\N	2
53	135400.00	2024-03-04 12:00:00+00	recived in hbl	36	\N	2
54	485000.00	2024-03-05 12:01:00+00	CA ALFLLAH	\N	3	2
56	92824.00	2024-03-04 16:30:00+00	recived in ubl	45	\N	2
57	55000.00	2024-03-05 06:57:00+00	recived in hbl	22	\N	2
58	150000.00	2024-03-06 06:34:00+00	Recived in HBL from GHULAM JAFFAR	22	\N	2
59	250000.00	2024-03-06 07:06:00+00	Trasnfered from HBL	\N	2	2
60	100000.00	2024-03-04 07:11:00+00	Recived in UBL	14	\N	2
61	130000.00	2024-03-05 11:13:00+00	Cash Deposit	5	\N	2
62	180000.00	2024-03-05 07:43:00+00	Ammount recived	6	\N	2
63	130000.00	2024-03-06 07:47:00+00	transfered from meezan	\N	6	2
64	1500.00	2024-03-06 08:00:00+00	Muhammad Bilai Void\r\n75S6DX	47	\N	2
65	109000.00	2024-03-06 08:01:00+00	Recived in hbl	7	\N	2
71	67000.00	2024-03-06 09:02:00+00	recived in hbl	5	\N	2
72	100000.00	2024-03-06 11:03:00+00	Raast transfer	22	\N	2
73	130000.00	2024-03-06 11:05:00+00	Raast	16	\N	2
74	96000.00	2024-03-06 12:35:00+00	HBL	\N	5	2
75	214000.00	2024-03-06 12:46:00+00	ID 959\r\nAccount 2101	24	\N	2
51	214000.00	2024-03-05 11:46:00+00	ID: 107\r\nreceived in hbl	24	\N	2
76	180000.00	2024-03-06 13:01:00+00	cash deposit	24	\N	2
77	47000.00	2024-03-06 13:15:00+00	Paid By Cash\r\n8TPE5T	37	\N	2
79	343400.00	2024-03-07 07:17:00+00	UBL	41	\N	2
80	50000.00	2024-03-07 08:47:00+00	ID: 0724\r\nAccount: 2853	5	\N	2
81	25000.00	2024-03-06 09:59:00+00	ID: 9233\r\nAccount: 2853	5	\N	2
82	45000.00	2024-03-06 09:01:00+00	ID: 9233\r\nAccount: 2853	5	\N	2
83	3000.00	2024-03-07 09:02:00+00	Payemnt Clear	38	\N	2
84	150000.00	2024-03-06 11:17:00+00	ID: FX12\r\nAccount: 2853	17	\N	2
85	152000.00	2024-03-06 09:20:00+00	Meezan	17	\N	2
86	100000.00	2024-03-07 09:23:00+00	ID: 5902\r\nAccount: 2101	8	\N	2
87	100000.00	2024-03-07 07:38:00+00	ID: BMQD\r\nAccount: 5655	47	\N	2
88	45500.00	2024-03-07 09:41:00+00	ID: 3406\r\nAccount:5655	47	\N	2
89	100000.00	2024-03-07 09:42:00+00	Received	19	\N	2
90	145000.00	2024-03-07 09:43:00+00	From HBL To PF	\N	8	2
92	144400.00	2024-03-07 09:48:00+00	Adjusted to Nill	37	\N	2
95	454000.00	2024-03-07 09:56:00+00	transfered to NCT	\N	3	2
96	-750.00	2024-03-06 17:01:00+00	Goolotlo	\N	21	2
97	39000.00	2024-03-07 10:08:00+00	Faisal Nawaz Refund	6	\N	2
98	13500.00	2024-03-07 10:12:00+00	Account Adjusted	47	\N	2
6	100000.00	2024-02-29 12:29:00+00	Received in  Meezan Bank Account	3	\N	2
99	156650.00	2024-03-05 10:36:00+00	Meezan	3	\N	2
100	1040.00	2024-03-04 10:36:00+00	Chaseup purchase	\N	21	2
101	-3500.00	2024-03-07 10:44:00+00	Insurance	3	\N	2
102	60000.00	2024-03-07 11:00:00+00	Paid By Cash	\N	2	2
78	107500.00	2024-03-06 07:16:00+00	Reccived in UBL	43	\N	2
55	34567.00	2024-03-05 13:45:00+00		\N	9	3
103	600000.00	2024-03-07 11:14:00+00	UBL to UBL	\N	3	2
106	50000.00	2024-03-08 09:26:00+00	Paid in Cash	\N	2	2
107	50000.00	2024-03-08 09:27:00+00	Paid by HBL	\N	2	2
108	202000.00	2024-03-08 09:28:00+00	Paid By Alfallah	\N	3	2
109	70000.00	2024-03-08 09:30:00+00	Paid in account	17	\N	2
110	50000.00	2024-03-08 12:55:00+00	recived in ubl	42	\N	2
111	55000.00	2024-03-04 12:58:00+00	Recived in UBL	42	\N	2
112	311000.00	2024-03-09 08:24:00+00	Paid to NCT UBL	\N	3	2
113	425000.00	2024-03-09 08:24:00+00	Paid by HBL	\N	3	2
114	1000.00	2024-03-08 12:40:00+00	Transfered to alfa	47	\N	2
115	300000.00	2024-03-08 08:30:00+00	Payment recived in UBL	5	\N	2
116	95000.00	2024-03-09 08:32:00+00	Raast transfer	37	\N	2
117	215000.00	2024-03-08 04:43:00+00	Bank Alfa	24	\N	2
118	43500.00	2024-03-08 17:28:00+00	Meezan	3	\N	2
120	100000.00	2024-03-08 08:49:00+00	Received from JJ	16	\N	2
122	250000.00	2024-03-08 11:34:00+00	Recived in HBL	7	\N	2
172	-2918.00	2024-03-09 10:38:00+00	Storm Fiber Bill	\N	21	2
119	-600.00	2024-03-08 08:43:00+00	Courier	9	\N	2
123	75000.00	2024-03-09 10:04:00+00	Recived Direct In Credit Card	\N	21	2
125	57500.00	2024-03-07 12:30:00+00	HBL	22	\N	2
124	140000.00	2024-03-08 12:30:00+00	HBL	22	\N	2
126	3200.00	2024-03-11 12:51:00+00	SUNDAY BONUS	12	\N	2
127	50000.00	2024-03-11 09:31:00+00	hbl	21	\N	2
128	162400.00	2024-03-11 18:04:00+00	meezan bank	3	\N	2
129	300000.00	2024-03-11 18:23:00+00	hbl	7	\N	2
130	150000.00	2024-03-10 17:53:00+00	RAAST	16	\N	2
132	181500.00	2024-03-12 06:46:00+00	Account 2853	14	\N	2
133	500000.00	2024-03-11 16:45:00+00	Alfa\r\nAccount 0237	60	\N	2
134	1500.00	2024-03-11 07:05:00+00	ALFA	47	\N	2
135	1000.00	2024-03-12 07:58:00+00	hbl	47	\N	2
136	242724.00	2024-03-12 07:58:00+00	Meezan	60	\N	2
137	100000.00	2024-03-11 10:01:00+00	UBL	5	\N	2
138	100000.00	2024-03-09 10:01:00+00	HBL	22	\N	2
139	100000.00	2024-03-10 10:03:00+00	2539\r\nHBL	22	\N	2
140	40000.00	2024-03-12 10:04:00+00	Meezan	22	\N	2
141	268000.00	2024-03-12 10:05:00+00	UBL	\N	3	2
142	30000.00	2024-03-12 10:05:00+00	Cash	\N	2	2
144	120000.00	2024-03-12 10:46:00+00	Meezan	\N	6	2
145	43000.00	2024-03-12 11:08:00+00	Paid	8	\N	2
146	217000.00	2024-03-12 11:08:00+00	UBL	\N	3	2
147	-5250.00	2024-03-12 11:10:00+00	March\r\nOffice Rent	90	\N	2
181	308000.00	2024-03-16 08:36:00+00	Send to NCT	\N	3	2
182	403472.00	2024-03-16 09:37:00+00	Send by UBL	\N	3	2
121	100000.00	2024-03-09 08:50:00+00	Raast Transfer	16	\N	2
131	100000.00	2024-03-11 06:42:00+00	Account 2853	6	\N	2
148	-500.00	2024-03-11 11:13:00+00	Faizan Ahmad Reissue	6	\N	2
149	50000.00	2024-03-11 11:28:00+00	UBL	89	\N	2
150	200000.00	2024-03-09 11:31:00+00	Alfalah	60	\N	2
151	50000.00	2024-03-01 11:33:00+00	Cheque	25	\N	2
152	60000.00	2024-03-02 10:14:00+00	HBL	40	\N	2
155	-200.00	2024-03-13 06:45:00+00	Courier	9	\N	2
156	100000.00	2024-03-13 06:45:00+00	HBL	\N	2	2
157	130000.00	2024-03-13 08:28:00+00	HBL	22	\N	2
158	250000.00	2024-03-14 07:42:00+00	Alflah\r\nfrom account: 2101	\N	8	2
159	127000.00	2024-03-12 07:43:00+00	From UBL To HBL	\N	8	2
160	42000.00	2024-03-14 07:45:00+00	Reciveed In Cash	37	\N	2
161	83800.00	2024-03-13 00:12:00+00	Account: 2853	43	\N	2
162	83800.00	2024-03-14 17:41:00+00	Alfallah	8	\N	2
163	380000.00	2024-03-14 06:45:00+00	cash Deposit	24	\N	2
164	400000.00	2024-03-13 08:51:00+00	Cash Deposit	24	\N	2
165	97500.00	2024-03-14 08:54:00+00	Alfallah	47	\N	2
166	45000.00	2024-03-13 08:57:00+00	UBL to UBL	7	\N	2
167	21000.00	2024-03-12 08:59:00+00	Meezan Bank	3	2	2
168	500.00	2024-03-13 09:00:00+00	Meezan	22	\N	2
169	77000.00	2024-03-13 09:05:00+00	Meezan	22	\N	2
170	59000.00	2024-03-12 09:06:00+00	Alfallah	44	\N	2
171	10000.00	2024-03-14 10:08:00+00	Received in cash	25	\N	2
173	152000.00	2024-03-14 10:39:00+00	HBL	\N	3	2
174	144000.00	2024-03-14 10:01:00+00	Alfallah	\N	3	2
175	600000.00	2024-03-13 11:04:00+00	Alfallah	\N	3	2
176	142000.00	2024-03-12 11:04:00+00	Alfallah	\N	3	2
177	500000.00	2024-03-11 11:06:00+00	HBL	\N	3	2
178	390000.00	2024-03-11 11:09:00+00	Meezan	\N	3	2
180	150000.00	2024-03-14 11:15:00+00	UBL	\N	8	2
179	515000.00	2024-03-11 09:09:00+00	A00009 - CA ALFALAH-0114001008240868	\N	3	2
183	-94394.00	2024-03-16 09:39:00+00	Redund Yet not received	\N	21	2
143	5000.00	2024-03-12 10:10:00+00	Cash	\N	21	2
184	100000.00	2024-03-16 09:40:00+00	recived payment	\N	21	2
185	100000.00	2024-03-16 10:17:00+00	Recvied in Meezan	16	\N	2
186	100000.00	2024-03-15 10:22:00+00	UBL	16	\N	2
187	95000.00	2024-03-15 10:23:00+00	Meezan	16	\N	2
188	199000.00	2024-03-18 10:59:00+00		\N	6	2
189	100000.00	2024-03-18 11:15:00+00	UBL	\N	8	2
190	100000.00	2024-03-19 08:31:00+00	Alfallah	\N	3	2
191	172000.00	2024-03-19 11:46:00+00	HBL	\N	8	2
192	200000.00	2024-03-19 11:47:00+00	MEEZAN	\N	6	2
193	238574.00	2024-03-20 09:17:00+00	MEEZAN	\N	3	2
194	349000.00	2024-03-20 10:12:00+00	HBL	\N	3	2
195	200000.00	2024-03-22 07:42:00+00		\N	8	2
196	500.00	2024-03-22 09:39:00+00	Let see	\N	1	1
197	5000.00	2024-03-22 09:41:00+00	Let see	\N	37	1
198	5000.00	2024-03-22 09:41:00+00	Let see	\N	37	1
199	200000.00	2024-03-25 07:16:00+00	UBL	\N	8	2
200	150000.00	2024-03-25 07:29:00+00	HBL	\N	5	2
201	100000.00	2024-03-25 07:29:00+00	HBL	\N	6	2
202	78712.00	2024-03-25 08:37:00+00	HBL	\N	4	2
203	54566.00	2024-03-25 09:49:00+00	REFUND	\N	2	2
\.


--
-- Data for Name: ticket_riyalprice; Type: TABLE DATA; Schema: public; Owner: avnadmin
--

COPY public.ticket_riyalprice (id, created_at, price, user_id) FROM stdin;
2	2024-03-16 09:56:00+00	76.75	1
3	2024-03-21 11:39:00+00	76.00	1
\.


--
-- Data for Name: ticket_room; Type: TABLE DATA; Schema: public; Owner: avnadmin
--

COPY public.ticket_room (id, room_category, hotel_id) FROM stdin;
1	P	8
2	P	10
3	P	11
4	P	12
5	P	13
6	S	14
7	S	15
8	P	16
9	P	17
10	P	18
11	P	19
12	P	20
13	P	21
14	P	22
15	P	24
16	P	25
17	P	26
18	P	27
19	P	28
\.


--
-- Data for Name: ticket_room_price; Type: TABLE DATA; Schema: public; Owner: avnadmin
--

COPY public.ticket_room_price (id, date_from, date_to, riyal_price, riyal_rate, pkr_price, room_id, user_id) FROM stdin;
1	2024-02-26	2024-03-29	200.00	76.00	15200.00	4	1
2	2024-03-01	2024-03-06	500.00	76.00	38000.00	6	1
3	2024-03-01	2024-03-06	500.00	76.00	38000.00	6	1
4	2024-03-08	2024-03-27	200.00	76.00	15200.00	7	1
5	2024-03-08	2024-03-21	10.00	76.00	760.00	8	1
6	2024-03-20	2024-03-29	456.00	76.00	34656.00	9	1
7	2024-03-13	2024-03-28	2121.00	76.00	161196.00	14	1
8	2024-03-07	2024-03-30	100.00	76.00	7600.00	15	1
9	2024-03-07	2024-03-30	100.00	76.00	7600.00	15	1
10	2024-03-08	2024-03-16	34567.00	76.00	2627092.00	16	1
\.


--
-- Data for Name: ticket_supplier; Type: TABLE DATA; Schema: public; Owner: avnadmin
--

COPY public.ticket_supplier (id, name, opening_balance, user_id) FROM stdin;
1	Zia	0.00	1
2	Travel Point	-29759.83	2
4	PA	-5031.00	2
5	FZ	-124436.00	2
6	G9	-161772.29	2
7	OV	-5613.51	2
8	PF	-20819.44	2
21	ZIA SC CARD	166909.00	2
22	UBL BANK	0.00	2
3	NCT	657521.00	2
11	AIR BLUE	0.00	3
12	SALAM AIR	0.00	3
15	AEROGLOBE	0.00	3
16	JAS TRAVELS	0.00	3
17	ARFEEN TRAVELS	0.00	3
19	HAMZA ALI TRAVELS	0.00	3
9	FLY DUBAI	-328865.00	3
25	NEW CHOUDHARY-SUP	705604.00	3
20	MOLE TRAVELS	-526304.00	3
27	UBAID UR REHMAN HASNAIN TRAVEL-SUP	160500.00	3
29	Meezan	0.00	2
18	TRAVEL POINT-SUP	158678.00	3
23	CC	0.00	2
30	UPSKY TRAVEL-SUP	378000.00	3
31	HBL CARD	0.00	2
32	SAAD WASEEM TRAVEL-SUP	139860.00	3
33	SUPRIME TRAVEL-SUP	312000.00	3
34	A.S.B TRAVEL-SUP	0.00	3
13	AIR ARABIA	539627.00	3
35	SIX SIGMA TRAVEL-SUP	-1979000.00	3
36	QUAILTY AVAITION-SUP	-342604.00	3
37	KMT	0.00	1
38	KMT	0.00	2
39	IS INTERNATIONAL	0.00	2
40	ADNAN TRAVELS	0.00	2
10	AIR SIAL	-401117.00	3
\.


--
-- Data for Name: ticket_ticket; Type: TABLE DATA; Schema: public; Owner: avnadmin
--

COPY public.ticket_ticket (id, created_at, pnr, sector, passenger, travel_date, return_date, airline, sale, purchase, ticket_type, customer_id, supplier_id, user_id) FROM stdin;
4	2024-03-01 11:28:00+00	1	\N		\N	\N		131.00	12321.00	Is	28	1	1
3	2024-03-01 11:23:00+00	1	\N		\N	\N		1.00	1.00	Is	28	1	1
5	2024-03-01 11:29:00+00	1	\N		\N	\N		1.00	1.00	Is	28	1	1
7	2024-03-01 17:20:00+00	4ROP6C	JED KHI	MUHAMMAD IRFAN	2024-03-02 19:00:00+00	\N	PF	22140.00	21495.00	Is	14	8	2
14	2024-03-02 08:58:00+00	8PCU0E	MUX JED	NASEER HAIDER	2024-03-02 19:00:00+00	\N	PF	144400.00	143897.00	Is	37	3	2
12	2024-03-02 08:51:00+00	8TLZC8	JED KHI	HASEENA ABU BAKAR	\N	\N	PK	1000.00	300.00	Is	16	3	2
20	2024-03-02 08:30:00+00	ECKSSD	DMM KHI	ASMA ARIF	\N	\N	WY	1500.00	700.00	Is	38	3	2
34	2024-03-02 07:02:00+00	8TMGGT	SHJ/MUX/SHJ	MUZAFFAR SAEED	2024-04-08 19:00:00+00	\N	PK	105600.00	104278.55	Is	7	3	2
16	2024-03-02 09:02:00+00	NY9FZ3	FRU DXB	Muhammad Tanveer	2024-03-01 19:00:00+00	\N	FZ	74300.00	73910.00	Is	37	5	2
17	2024-03-02 09:04:00+00	42IB55	DXB LYP	Ali Raza	2024-03-07 19:00:00+00	\N	FZ	37450.00	37091.00	Is	37	5	2
11	2024-03-01 08:47:00+00	74PQVY	MUX JED MUX	MUHAMMAD ARIF*2	2024-04-03 19:00:00+00	\N	SV	285400.00	284198.00	Is	36	3	2
13	2024-03-02 08:30:00+00	ECKSSD	DMM KHI	MASOOD RAHEEM	\N	\N	WY	1500.00	700.00	Is	38	3	2
6	2024-03-01 11:41:00+00	97690A	LHE KHI	Mr OMAR B Y AHMED	2024-02-29 19:00:00+00	\N	ER	42000.00	36593.05	Is	16	3	2
19	2024-03-01 10:23:00+00	97690A	LHE KHI	MOHAMMAD AHMAD IBRAHIM HAMMAD	2024-02-29 19:00:00+00	\N	ER	42000.00	36593.05	Is	16	3	2
18	2024-03-01 09:47:00+00	97690A	LHE KHI	TUQA MOHAMMAD AHMAD HAMMAD	2024-02-29 19:00:00+00	\N	ER	42000.00	36593.05	Is	16	3	2
26	2024-03-02 11:38:00+00	8TM6RG	DXB KHI	MUHAMMAD SHAKEEL	\N	\N	PK	600.00	300.00	IS	9	3	2
10	2024-03-01 08:46:00+00	FFSI4U	KHI RUH	MUHAMMAD RAZ *3	2024-03-12 19:00:00+00	\N	XY	281100.00	266559.20	Is	16	3	2
51	2024-03-03 08:14:00+00	753CKV	KHI AUH DMM	SAYED ARSH	2024-03-17 19:00:00+00	\N	EY	51431.00	50931.00	Is	43	3	2
50	2024-03-03 08:13:00+00	753CKV	KHI AUH DMM	SAYED MASHAL	2024-03-18 19:00:00+00	\N	EY	51431.00	50931.00	Is	43	3	2
39	2024-03-03 07:23:00+00	8TMY8B	RUH MUX	AANAYA SIKANDAR	2024-05-16 19:00:00+00	\N	PK	1000.00	300.00	Is	6	3	2
27	2024-03-02 11:46:00+00	8QEE6T	KHI DXB	ABDUL REHMAN SUNNY	2024-03-12 19:00:00+00	\N	EK	56650.00	56130.00	Is	40	3	2
28	2024-03-02 11:58:00+00	KTJETU	KHI DXB	KASHIF ALI IRSHAD ALI	2024-03-09 19:00:00+00	\N	PA	86000.00	81920.00	Is	16	21	2
29	2024-03-02 12:37:00+00	8TMBEH	MUX DXB	MUKHTAR AHMAD	2024-03-03 19:00:00+00	\N	PK	117000.00	111050.00	Is	17	22	2
58	2024-03-04 11:02:00+00	U2SD6W	ISB AHB	Iftikhar Ali	2024-03-11 19:00:00+00	\N	FZ	92824.00	92524.00	Is	45	5	2
24	2024-03-02 11:34:00+00	8TM4PP	MCT KHI	ASIF ALI	2024-03-21 19:00:00+00	\N	PK	1000.00	300.00	Is	16	3	2
33	2024-03-03 07:22:00+00	612968734	ISB RKT	AHMAD MUSTAFA	2024-01-03 19:00:00+00	\N	G9	100000.00	98932.41	Is	8	6	2
40	2024-03-03 07:24:00+00	CN1KLU	KHI JED	MUHAMMAD ZUBAIR	2024-03-03 19:00:00+00	\N	PF	170100.00	168250.50	Is	16	3	2
41	2024-03-03 07:50:00+00	CN1KLU	KHI JED	MUBASHAR HASSAN	2024-03-02 19:00:00+00	\N	PF	170100.00	168250.50	Is	16	3	2
42	2024-03-03 07:51:00+00	CN1KLU	KHI JED	MUBASHAR IRSHADD	2024-03-01 19:00:00+00	\N	PF	170100.00	168250.50	Is	16	3	2
43	2024-03-03 07:51:00+00	8TMN8N	JED MUX	SUNDAR KHADIM	2024-04-15 19:00:00+00	\N	PK	1000.00	300.00	Is	7	3	2
44	2024-03-03 07:54:00+00	8TMN8N	JED MUX	AZHAR MAHMOOD	2024-04-14 19:00:00+00	\N	PK	1000.00	300.00	Is	7	3	2
46	2024-03-03 08:04:00+00	CNO4O9	JED MUX	ABDUL JALIL	2024-03-05 19:00:00+00	\N	PF	51800.00	51401.13	Is	42	3	2
47	2024-03-03 08:06:00+00	CNO4O9	JED MUX	ABDUL JALIL	2024-03-04 19:00:00+00	\N	PF	51800.00	51401.13	Is	42	3	2
48	2024-03-03 08:07:00+00	8TN40A	MCT KHI	MUHAMMAD LIAQAT	\N	\N	PK	800.00	300.00	Is	42	3	2
49	2024-03-03 08:11:00+00	753CKV	KHI AUH DMM	NAZISH SAYED QAISAR SHAH	2024-03-19 19:00:00+00	\N	EY	63971.00	63471.00	Is	43	3	2
53	2024-03-03 08:31:00+00	8TMTNL	ISB DMM	ASMA IMRAN 1 Adult 2 Child	2024-03-20 19:00:00+00	\N	PK	204300.00	202920.00	Is	44	2	2
8	2024-03-01 07:07:00+00	E1BATN	KHI MCT	ABDUL REHMAN	2024-03-19 19:00:00+00	\N	OV	36750.00	36255.00	Is	16	3	2
54	2024-03-03 09:09:00+00	753CDC	AHB/JED/MUX/JED/AHB	DILAWAR SHAH	2024-03-07 19:00:00+00	\N	SV	116750.00	116142.00	Is	22	3	2
45	2024-03-03 07:57:00+00	8TMRE8	MED LHE	ASIM SOHAIL	\N	\N		1000.00	300.00	IS	8	3	2
9	2024-03-01 07:11:00+00	8RUPTF	JED MUX	ROBINA BIBI	2024-03-26 19:00:00+00	\N	PK	18000.00	17062.00	IS	14	3	2
31	2024-03-02 09:00:00+00	8TLUSP	JED MUX	QADIR BAKHSH	\N	\N	PK	1000.00	300.00	Is	7	3	2
15	2024-03-02 09:00:00+00	8TLUSP	JED MUX	MUHAMMAD NAWAZ	\N	\N	PK	1000.00	300.00	Is	7	3	2
32	2024-03-02 09:00:00+00	8TLUSP	JED MUX	SHAILA BIBI	\N	\N	PK	1000.00	300.00	Is	7	3	2
30	2024-03-02 09:00:00+00	8TLUSP	JED MUX	FAIZAN ELLAHI	\N	\N	PK	1000.00	300.00	Is	7	3	2
55	2024-03-03 09:25:00+00	1ZLLYZ	KHI JED	Haseena Abubakar	\N	\N	PF	-66000.00	-66506.00	Is	16	3	2
37	2024-03-03 07:17:00+00	8TMY8B	RUH MUX	Hira Rani	2024-05-18 19:00:00+00	\N	PK	1000.00	300.00	Is	6	3	2
38	2024-03-03 07:21:00+00	8TMY8B	RUH MUX	MUHAMMAD ABDUL REHMAN SUDEES	2024-05-17 19:00:00+00	\N	PK	1000.00	300.00	Is	6	3	2
36	2024-03-03 07:11:00+00	8SBEDD	JED MUX	MUHAMMAD ABID	2024-02-08 19:00:00+00	\N	PK	0.00	-129248.05	Is	23	3	2
63	2024-03-04 16:43:00+00	MZYKUJ	MUX SHJ	MUHAMMAD MUJAHID	2024-03-22 19:00:00+00	\N	PA	61875.00	60110.00	Is	5	21	2
60	2024-03-03 12:28:00+00	W6FGMH	ISB RUH	GULNAZ MUSHTAQ	\N	\N	SA	-126400.23	-125069.23	Is	43	3	2
59	2024-03-03 12:27:00+00	W6FGMH	ISB RUH	BUSHRA MUSHTAQ	\N	\N	SA	-126400.23	-125069.23	Is	43	3	2
64	2024-03-05 09:15:00+00	8TZD33	MUX MED MUX	USMAN HAIDER KHAN	2024-03-14 19:00:00+00	2024-03-27 19:00:00+00	PK	171900.00	170756.00	Is	24	2	2
25	2024-03-02 11:37:00+00	8TM4PP	MCT KHI	JINSAR ALI	2024-03-20 19:00:00+00	\N	PK	1000.00	300.00	IS	16	3	2
65	2024-03-05 09:32:00+00	8TNTEH	JED-KHI	MUHAMMAD SULEMAN	\N	\N	PIA	1000.00	300.00	Is	24	3	2
66	2024-03-05 09:36:00+00	SORHQR	MED-MUX	MUHAMMAD RIAZ	\N	\N	FLYDUBAI	1000.00	700.00	Is	7	3	2
67	2024-03-05 09:38:00+00	8TZ07N	MCT-KHI	RIAZ HUSSAIN	\N	\N	PIA	1000.00	300.00	Is	42	3	2
68	2024-03-05 09:39:00+00	8TZ28Q	DXB-KHI	TOUFIQUE ALI	\N	\N	PIA	1000.00	300.00	Is	16	3	2
69	2024-03-05 09:40:00+00	8TZ8A1	MED-MUX	NADIA MAI	\N	\N	PIA	1000.00	300.00	Is	7	3	2
52	2024-03-03 08:14:00+00	753CKV	KHI AUH DMM	SAYED ZAVIYAR	2024-03-16 19:00:00+00	\N	EY	13624.00	13124.00	RF	43	3	2
62	2024-03-04 16:22:00+00	GLQI7S	LHE KHI	SAMI ULLAH	2024-03-06 19:00:00+00	\N	PF	32520.00	32018.00	IS	44	3	2
70	2024-03-05 09:42:00+00	8TZ8A1	MED-MUX	MARIAM BIBI	\N	\N	PIA	1000.00	300.00	Is	7	3	2
71	2024-03-05 09:42:00+00	8TZ8A1	MED-MUX	MEHREEN AKHTAR BASHSIR	\N	\N	PIA	1000.00	300.00	Is	7	3	2
72	2024-03-05 09:43:00+00	TEVBIX	MUX DXB	Naseer Ahmad	2024-03-16 19:00:00+00	\N	PA	97550.00	96248.00	Is	3	21	2
35	2024-03-03 07:09:00+00	74X6Y4	DXB/BAH/MUX	MUZAFFAR SAEED	2024-04-01 19:00:00+00	\N	GF	53550.00	53548.00	Is	12	3	2
76	2024-03-02 11:28:00+00	8SBEDD	JED MUX	MUHAMMAD ABID	2024-02-07 19:00:00+00	\N	PK	17529.00	146277.05	Is	23	3	2
77	2024-03-05 11:48:00+00	Visa	\N	Usama Haider Khan	\N	\N		40000.00	40000.00	Is	24	23	2
78	2024-03-05 11:49:00+00	Visa	\N	4 Pax Umrah	\N	\N		172000.00	172000.00	Is	24	23	2
79	2024-03-04 11:50:00+00	Visa	\N	2 Umrah	\N	\N		79000.00	79000.00	Is	7	23	2
80	2024-03-05 11:53:00+00	GHBLWF	MUX SHJ	SAIFULLAH ESSA GHULAM	2024-03-31 19:00:00+00	\N	PA	53050.00	52560.00	Is	5	3	2
82	2024-03-05 08:05:00+00	KJL333	KHI JED	DEEDAR AHMAD	2024-03-06 19:00:00+00	\N	PF	169590.00	167232.00	Is	16	8	2
83	2024-03-06 06:55:00+00	8TZEJG	LHE KUL	GORAYA BAKR EHSAN	2024-03-19 19:00:00+00	2024-04-02 19:00:00+00	PK	171400.00	170182.00	Is	22	2	2
84	2024-03-05 07:13:00+00	KJYTK7	JED MUX	ALLAH RAKHA	2024-03-09 19:00:00+00	\N	PF	55800.00	54385.98	Is	22	3	2
87	2024-03-06 07:40:00+00	75RTZ0	KHI DOH	Jafir Hussain	2024-03-20 19:00:00+00	\N	QR	72300.00	69309.00	Is	19	3	2
88	2024-03-06 07:58:00+00	LRNWJR	MHD/DXB/MUX	MUHAMMAD BILAL	2024-03-25 19:00:00+00	\N	FZ	1500.00	700.00	Is	46	3	2
89	2024-03-06 08:00:00+00	75S6DX	JED/DXB/MUX	MUHAMAD BILAL	\N	\N	FZ	15000.00	700.00	Is	47	3	2
90	2024-03-06 08:00:00+00	QRPKXB	KHI/DXB	IRFAN RASHEED	2024-03-17 19:00:00+00	\N	FZ	48000.00	45853.68	Is	17	3	2
91	2024-03-06 08:40:00+00	WLIDRE	MUX DXB	MUHAMMAD ISHFAQ	2024-03-09 19:00:00+00	\N	PA	124000.00	121592.00	Is	17	21	2
92	2024-03-01 10:29:00+00	4RCQ5D	KHI-JED	MR. QADIR BAKHSH, MR. ELAHI BAKHSH	2024-03-01 19:00:00+00	\N	AIR SIAL	311380.00	305180.00	Is	48	10	3
93	2024-03-01 10:46:00+00	4RFCU8	KHI-JED	MR. BAKHSHKIA BILAL	2024-03-01 19:00:00+00	\N	AIR SIAL	155990.00	152211.00	Is	48	10	3
94	2024-03-01 10:51:00+00	WX939H	MUX-DXB-MED	Mr. Muhammad Imran	2024-03-05 19:00:00+00	\N	fly dubai	169180.00	168678.00	Is	50	9	3
95	2024-03-01 11:05:00+00	ILGLFE	JED-DXB-KHI	MR. BAKHSHKIA BILAL, MR. ELAHI BAKHSH, MR. QADIR BAKHSH	2024-03-28 19:00:00+00	\N	FLY DUBAI	3600.00	2100.00	Is	48	25	3
74	2024-03-01 10:59:00+00	8THNU6	JED LHE	MUHAMMAD IRFAN	2024-02-25 19:00:00+00	\N	PK	104500.00	104000.00	IS	8	3	2
96	2024-03-01 11:10:00+00	SWUJDH	JED-BAH-MUX	MR. MUHAMMAD TANVEER	2024-05-24 19:00:00+00	2024-05-25 19:00:00+00	GULF AIR	50786.00	48986.00	Is	52	25	3
97	2024-03-01 11:18:00+00	AVRCSP	JED-DXB-MUX	MR. MUHAMMAD TANVEER	2024-05-24 19:00:00+00	2024-05-25 19:00:00+00	FLY DUBAI	1200.00	700.00	Is	52	25	3
98	2024-03-01 11:23:00+00	8TL5QD	MUX-JED-MUX	MALIK MUHAMMAD HAYAT, MUHAMMAD MAGHFOOR ANWER, MUHAMMAD USMAN	2024-03-12 19:00:00+00	2024-03-26 19:00:00+00	PIA	498837.00	496269.00	Is	53	17	3
99	2024-03-02 12:03:00+00	MX58A9	DXB-MUX-DXB	Mr. Muhammad Mudassir Hussain	2024-04-10 19:00:00+00	2024-05-11 19:00:00+00	fly dubai	113693.00	109639.00	Is	54	25	3
100	2024-03-06 12:55:00+00	8TPH47	MUX MED	ALI HAIDer	2024-03-14 19:00:00+00	2024-03-22 19:00:00+00	PK	171950.00	171194.30	Is	24	3	2
101	2024-03-06 13:00:00+00	H7TUCT	KHI/DXB/JED	MUHAMMAD JAFFAR KHAN	2024-03-18 19:00:00+00	\N	FZ	73980.00	73769.90	Is	17	3	2
104	2024-03-02 13:28:00+00	M92ZK0	DXB-KHI	Mr. Muhammad Tanveer	2024-04-22 19:00:00+00	\N	fly dubai	1200.00	700.00	Is	55	25	3
105	2024-03-02 13:32:00+00	RE7N26	MUX-MCT	MR. ADAM KHAN	2024-03-19 19:00:00+00	\N	SALAM AIR	68435.00	68035.00	Is	48	12	3
106	2024-03-02 13:35:00+00	RTQLZ0	MUX-MCT-JED	ATTA MUHAMMAD	2024-03-12 19:00:00+00	\N	SALAM AIR	116932.00	116223.00	Is	48	12	3
107	2024-03-02 13:38:00+00	8TM18Y	ISB-UET	MR. SYED SABGHAT ULLAH SHAH SYED IBRAHIM SHAH	2024-03-02 19:00:00+00	\N	PIA	17223.00	16923.00	Is	48	25	3
108	2024-03-02 13:41:00+00	F0T39F	KHI-MCT	MR. MUHAMMAD JAVED MATLOOB	2024-03-09 19:00:00+00	\N	SALAM AIR	77353.00	77053.00	Is	56	12	3
109	2024-03-02 13:43:00+00	DXB2N2	MUX-MCT	MR. MUHAMMAD ZAHID	2024-03-02 19:00:00+00	\N	SALAM AIR	119531.00	119231.00	Is	57	12	3
110	2024-03-02 13:45:00+00	612956457	KHI-SHJ	MR. GHULAM RASOOL	2024-03-19 19:00:00+00	\N	AIR ARABIA	47200.00	46418.00	Is	48	13	3
111	2024-03-02 13:48:00+00	8TM7Q6	LHR-MED-LHR	AHTESHAM ALI	2024-03-12 19:00:00+00	2024-03-31 19:00:00+00	PIA	171311.00	170557.00	Is	58	20	3
112	2024-03-02 13:52:00+00	8TM7Q6	LHR-MED-LHR	FNU IRAM	2024-03-12 19:00:00+00	2024-03-31 19:00:00+00	PIA	171311.00	170557.00	Is	58	20	3
114	2024-03-02 14:00:00+00	8TLLBS	KHI-MED-KHI	MUHAMMAD ASIM	2024-03-08 19:00:00+00	2024-03-24 19:00:00+00	PIA	160818.00	160119.00	Is	61	17	3
103	2024-03-06 13:11:00+00	8TPE5T	KHI DXB	Sufyan javed	2024-03-19 19:00:00+00	\N	PK	47000.00	46700.00	Is	37	22	2
115	2024-03-02 14:03:00+00	SU3T55	MUX-DXB-MUX	MR. AZEEM SHAHZAD	2024-03-22 19:00:00+00	2024-03-24 19:00:00+00	FLY DUBAI	89711.00	85863.00	Is	62	25	3
116	2024-03-02 14:07:00+00	14783306	MUX-AUH	MR. ABDUL RAZZAQ GHULAM NABI	2024-03-15 19:00:00+00	\N	AIR ARABIA	80846.00	80546.00	Is	63	13	3
117	2024-03-02 14:09:00+00	8TMBJA	DXB-MUX-DXB	UMAR HAYAT	2024-03-03 19:00:00+00	2024-04-02 19:00:00+00	PIA	69401.00	67647.00	Is	53	17	3
118	2024-03-02 14:12:00+00	8TMB29	MUX-JED-MUX	MUHAMMAD RAB NAWAZ	2024-03-13 19:00:00+00	2024-04-23 19:00:00+00	PIA	171852.00	166573.00	Is	64	20	3
119	2024-03-02 14:14:00+00	8TM5L6	MUX-JED-MUX	MUHAMMAD RAMZAN	2024-04-04 19:00:00+00	2024-04-18 19:00:00+00	PIA	133349.00	128919.00	Is	65	20	3
120	2024-03-02 14:16:00+00	8TM53H	MUX-JED-MUX	KHADIJA MAI	2024-04-04 19:00:00+00	2024-04-25 19:00:00+00	PIA	133349.00	128919.00	Is	65	20	3
121	2024-03-02 14:18:00+00	8TM53H	MUX-JED-MUX	SADIA REHMAN	2024-04-04 19:00:00+00	2024-04-25 19:00:00+00	PIA	133349.00	128919.00	Is	65	20	3
124	2024-03-04 06:21:00+00	8TMBJA	DXB-MUX-DXB	UMAR HAYAT	2024-03-03 19:00:00+00	2024-04-02 19:00:00+00	PIA	1500.00	0.00	Is	53	17	3
125	2024-03-04 06:26:00+00	79NPZP	MUX-DXB-JED	MR. MUHAMMAD ABDULLAH	2024-03-17 19:00:00+00	\N	FLY DUBAI	92050.00	90903.00	Is	66	25	3
126	2024-03-04 06:30:00+00	8TM6RG	DXB-KHI	MUHAMMAD SHAKEEL	2024-03-24 19:00:00+00	\N	PIA	1500.00	1000.00	Is	67	27	3
85	2024-03-06 07:29:00+00	8TZZGP	MUX MED MUX	Ali Asad	2024-03-14 19:00:00+00	2024-03-25 19:00:00+00	PK	171900.00	170754.00	Is	24	2	2
102	2024-03-06 13:07:00+00	8TPCKY	MUX/JED/MED/MUX	MUSTANSAR MAHFOOZ	2024-04-04 19:00:00+00	\N	PK	126906.00	126345.60	Is	60	3	2
86	2024-03-06 07:31:00+00	75RTZ0	KHI DOH	MUHAMMAD SHAHID	2024-03-20 19:00:00+00	\N	QR	72300.00	69309.00	IS	19	3	2
73	2024-03-05 10:41:00+00	75G6C5	MUX DOH	Hafiz Abdullah	2024-04-01 19:00:00+00	\N	QR	83800.00	83797.00	IS	8	3	2
81	2024-03-05 12:31:00+00	8TZYSD	SHJ MUX	MUHAMMAD KAMRAN	2024-03-08 19:00:00+00	2024-03-13 19:00:00+00	PK	131400.00	124474.00	IS	7	22	2
127	2024-03-06 06:35:00+00	4O7891	MUX DXB JED	MUHAMMAD SALEEM	2024-03-20 19:00:00+00	\N	FZ	80210.00	79711.58	Is	17	3	2
129	2024-03-04 06:40:00+00	QFPJEC	MUX-JED-MUX	MRS. SONIAN XX	2024-03-23 19:00:00+00	2024-04-12 19:00:00+00	AIR BLUE	28100.00	26136.00	Is	73	11	3
130	2024-03-04 06:42:00+00	612967976	KHI-SHJ-JED	MR. HASEEB AHMAD	2024-03-13 19:00:00+00	\N	AIR ARABIA	90122.00	86189.00	Is	54	13	3
131	2024-03-04 06:47:00+00	XTHADZ	LHE-DXB	MR. MIAN AZHAR ABBAS	2024-03-20 19:00:00+00	\N	AIR BLUE	62450.00	61857.00	Is	69	11	3
132	2024-03-04 06:49:00+00	XMIYMB	DXB-MUX	MR. GHULAM RAZA	2024-03-16 19:00:00+00	\N	AIR BLUE	37468.00	37027.00	Is	70	11	3
133	2024-03-07 06:38:00+00	8TPCG1	MUX JED MUX	TASLEEM BIBI	2024-03-14 19:00:00+00	2024-03-27 19:00:00+00	PK	171951.30	171194.30	Is	41	3	2
128	2024-03-06 06:37:00+00	4O7891	MUX DXB JED	MUHAMMAD ABUBAKAR	2024-03-20 19:00:00+00	\N	FZ	80210.00	79711.58	Is	17	3	2
134	2024-03-06 06:54:00+00	8TPCG1	MUX JED MUX	MUHAMMAD WAQAS	2024-03-14 19:00:00+00	2024-05-27 19:00:00+00	PK	171951.30	171194.30	Is	41	3	2
113	2024-03-02 13:55:00+00	FRIZPG	LYP-DXB, JED-DXB	MR. MUHAMMAD USAMA ALI	2024-03-03 19:00:00+00	2024-03-19 19:00:00+00	FLY DUBAI	212141.00	211541.00	Is	59	9	3
135	2024-03-07 06:56:00+00	764HBV	DMM PEW DMM	ADIL AKBAR	2024-03-10 19:00:00+00	2024-03-12 19:00:00+00	QR	107063.00	106063.00	Is	43	3	2
136	2024-03-04 07:04:00+00	FRIZPG	LYP-DXB-MED, JED-DXB-MUX	MR. MUHAMMAD USAMA ALI	2024-03-03 19:00:00+00	2024-03-19 19:00:00+00	FLY DUBAI	-77958.00	-79258.00	RF	59	9	3
137	2024-03-04 07:17:00+00	EREXSM	MUX-SHJ	MR. MUHAMMAD ASIF	2024-03-26 19:00:00+00	\N	AIR BLUE	58320.00	57711.00	Is	56	11	3
157	2024-03-04 08:38:00+00	GVIIHS	JED-DXB-MUX	5 PAX	2024-03-28 19:00:00+00	\N	FLY DUBAI	6500.00	3500.00	Is	71	9	3
158	2024-03-04 08:41:00+00	GUDLXH	JED-DXB-MUX	4 PAX	2024-03-28 19:00:00+00	\N	FLY DUBAI	5200.00	2800.00	Is	71	9	3
159	2024-03-04 08:43:00+00	WNOYRN	JED-DXB	7 PAX	2024-03-28 19:00:00+00	\N	FLY DUBAI	9100.00	4900.00	Is	71	9	3
160	2024-03-04 08:45:00+00	GACFGV	JED-DXB	7 PAX	2024-03-28 19:00:00+00	\N	FLY DUBAI	9100.00	4900.00	Is	71	9	3
161	2024-03-04 08:47:00+00	P7U7KA	MUX-MCT	MR. MEHBOOB AHMAD	2024-03-05 19:00:00+00	\N	SALAM AIR	119755.00	119231.00	Is	72	12	3
162	2024-03-04 08:49:00+00	74tDXB	KHI-DOH	MR. MUHAMMAD BAKHSH	2024-03-12 19:00:00+00	\N	QATAR AIRWAYS	67950.00	66449.00	Is	50	25	3
163	2024-03-06 08:53:00+00	8TPLF3	MUX SHJ	MUHAMMAD SHABAZ + MAJEED UR Rehman	2024-03-23 19:00:00+00	\N	PK	125974.00	120272.00	Is	7	29	2
164	2024-03-04 08:52:00+00	AVWZWN	MUX-JED-MUX	MRS. AYESHA KANWAL	2024-04-05 19:00:00+00	2024-05-06 19:00:00+00	AIR BLUE	136700.00	132187.00	Is	73	11	3
165	2024-03-04 08:56:00+00	AVWZWN	MUX-JED-MUX	MR. MUHAMMAD AFFAN	2024-04-05 19:00:00+00	2024-05-06 19:00:00+00	AIR BLUE	136700.00	132187.00	Is	73	11	3
166	2024-03-04 08:58:00+00	JGKZXH	MED-DXB-LYP	MR. NASEER UD DIN	2024-03-16 19:00:00+00	\N	FLY DUBAI	1200.00	700.00	Is	59	25	3
167	2024-03-04 09:01:00+00	8TNL7Q	UET-ISB	SYED SABGHAT ULLAH SHAH	2024-03-04 19:00:00+00	\N	PIA	17760.00	17153.00	Is	48	17	3
169	2024-03-04 09:03:00+00	8TNSOR	MUX-ELQ	MUHAMMAD SADIQ	2024-03-08 19:00:00+00	\N	PIA	156411.00	155691.00	Is	56	17	3
170	2024-03-07 09:06:00+00	8TQ3CD	RUH MUX	ANEEKA BIBI *3	\N	\N	PK	3000.00	900.00	Is	6	3	2
171	2024-03-05 09:07:00+00	C22DFF	MUX-DXB	MR. MUHAMMAD AAMIR	2024-03-24 19:00:00+00	\N	FLY DUBAI	57230.00	56980.00	Is	62	9	3
172	2024-03-05 09:10:00+00	8TMG1B	JED-MUX	3 PAX	2024-03-30 19:00:00+00	\N	PIA	3000.00	1500.00	Is	73	25	3
173	2024-03-07 09:36:00+00	SFNJLY	MUX JED	MUHAMMAD RAFAQAT	2024-03-06 19:00:00+00	\N	PF	145500.00	143896.00	Is	47	3	2
174	2024-03-05 09:37:00+00	1RPD5L	MUX-JED-MUX	7 PAX	2024-03-08 19:00:00+00	2024-03-29 19:00:00+00	AIR SIAL	1106000.00	1064000.00	Is	74	19	3
175	2024-03-05 09:40:00+00	8T6DL4	DXB-LHE	ATTIQ UR REHMAN	2024-03-06 19:00:00+00	\N	PIA	6180.00	5680.00	RI	70	17	3
176	2024-03-05 09:51:00+00	D51RRV	KHI-DXB-MED	MR. SAGHIR AHMED GUL	2024-03-12 19:00:00+00	\N	FLY DUBAI	98904.00	98604.00	Is	75	9	3
177	2024-03-05 09:53:00+00	8TNNL3	MUX-KHI-JED	4 PAX	2024-03-12 19:00:00+00	\N	PIA	486000.00	414532.00	Is	73	17	3
178	2024-03-07 09:39:00+00	SFS7G5	ISI MCT	Nazir Hussaiin	2024-03-08 19:00:00+00	\N	PF	115000.00	113406.00	Is	76	3	2
181	2024-03-05 10:00:00+00	8TNPC6	MUX-MED-MUX	10 PAX	2024-04-04 19:00:00+00	2024-05-02 19:00:00+00	PIA	1218806.00	1213084.00	Is	61	20	3
185	2024-03-04 10:35:00+00	8TNAHZ	MUX RUH	MUHAMMAD IMRAN	2024-03-30 19:00:00+00	\N	PK	76600.00	72916.00	Is	3	22	2
186	2024-03-05 10:51:00+00	PQMSZR	MUX-JED-MUX	7 PAX	2024-03-03 19:00:00+00	2024-03-31 19:00:00+00	SAUDI ARABIAN AIRLINES	1092000.00	1078000.00	Is	78	30	3
187	2024-03-05 10:59:00+00	401236695	SHJ-ISB	MR. SULTAN KHAN	2024-03-08 19:00:00+00	\N	AIR ARABIA	31849.00	30849.00	Is	79	13	3
189	2024-03-07 11:40:00+00	GMJHFG	mux-shj	muhammad sadiq	2024-03-31 19:00:00+00	\N	PA	52300.00	51076.00	Is	5	21	2
190	2024-03-07 11:45:00+00	OSHRIM	JED MUX	SHAHID HUSSAIN	2024-04-30 19:00:00+00	\N	PA	70250.00	69730.00	Is	7	3	2
191	2024-03-07 11:49:00+00	X1W4JT	KHI DXB	SHAHZADA BASIT ALI	2024-03-17 19:00:00+00	\N	FZ	48600.00	48182.96	Is	22	3	2
194	2024-03-05 12:51:00+00	75CD4X	ELQ-DXB-MUX	2 PAX	2024-04-24 19:00:00+00	\N	FLY DUBAI	2400.00	1400.00	Is	72	25	3
192	2024-03-07 11:57:00+00	8TAEKT	MUX RUH	FARWA KOUSAR/SEERAT FATIMA	2024-03-30 19:00:00+00	\N	PK	87300.00	83169.00	Is	22	22	2
195	2024-03-05 12:59:00+00	SVWLYR	ISB-RUH	MS HUMA MUSHTAQ	2024-03-10 19:00:00+00	\N	AIR BLUE	128900.00	127938.00	Is	70	11	3
196	2024-03-06 13:09:00+00	ADNOCA	KHI-JED-KHI	MS. WASO MAI	2024-03-18 19:00:00+00	2024-04-22 19:00:00+00	AIR BLUE	155516.00	152592.00	Is	81	11	3
197	2024-03-07 13:11:00+00	SYJXIB	SHJ MUX	MUHAMMAD AHTASHAM	2024-03-08 19:00:00+00	\N		28700.00	27690.00	Is	76	3	2
199	2024-03-06 13:15:00+00	WOXPJT	MUX-SHJ	MR. AMIR SOHAIL	2024-03-05 19:00:00+00	\N	AIR BLUE	119940.00	119022.00	Is	82	11	3
200	2024-03-06 13:18:00+00	613021954	UET-SHJ	MR. MUHAMMAD REHAN	2024-03-12 19:00:00+00	\N	AIR ARABIA	69065.00	68565.00	Is	72	13	3
201	2024-03-06 13:21:00+00	AL1GYB	MUX-DXB-RUH	MR. RASHID ALI	2024-03-17 19:00:00+00	\N	FLY DUBAI	91024.00	90724.00	Is	75	9	3
188	2024-03-05 11:05:00+00	FCQ8P7	MUX-DXB-AHB	ABUBAKAR MUHAMMAD RAMZAN	2024-03-19 19:00:00+00	\N	FLY DUBAI	86274.00	82321.00	IS	80	25	3
183	2024-03-04 10:32:00+00	VIsa	UAE	1 Month	\N	\N		82500.00	82000.00	IS	3	23	2
184	2024-03-06 10:35:00+00	Visa	Umrah	Muhammad Shahid	\N	\N		40000.00	39150.00	IS	3	23	2
180	2024-03-07 10:10:00+00	Visa	UAE	Saif Ali	2024-03-04 19:00:00+00	\N		39500.00	39000.00	IS	6	23	2
179	2024-03-07 10:04:00+00	VIsa	\N	Faisal Nawaz	2024-03-05 19:00:00+00	\N		47000.00	43500.00	IS	6	23	2
182	2024-03-07 10:27:00+00	Visa	UMRAH	Asad Ali	2024-03-05 19:00:00+00	\N		40000.00	39500.00	IS	24	23	2
202	2024-03-06 13:29:00+00	7ZBD1F	MUX-DXB-RUH	MR. MUHAMMAD AHMAD	2024-03-16 19:00:00+00	\N	FLY DUBAI	94810.00	90724.00	Is	83	9	3
203	2024-03-06 13:38:00+00	GAR3H3	DXB-MCT-MUX	MUHAMMAD ASLAM	2024-04-09 19:00:00+00	\N	SALAM AIR	64400.00	56242.00	Is	84	12	3
204	2024-03-06 13:41:00+00	8TZP99	SHJ-ISB-UET	RAFIQ AHMAD	2024-04-01 19:00:00+00	\N	PIA	1000.00	300.00	Is	48	25	3
205	2024-03-06 13:44:00+00	6XA8GC	MED-RUH	MR UMAIR SOBAN	2024-03-09 19:00:00+00	\N	SAUDI ARABIAN AIRLINES	21911.00	20511.00	Is	50	25	3
206	2024-03-06 13:48:00+00	6X9OGS	RUH-MED	MR UMAIR SOBAN	2024-03-10 19:00:00+00	\N	SAUDI ARABIAN AIRLINES	22140.00	20723.00	Is	50	25	3
207	2024-03-06 13:50:00+00	FACGTK	JED-LHR	MR HAFIZ MUHAMMAD USAMA KHALID	2024-04-13 19:00:00+00	\N	AIR BLUE	56480.00	55808.00	Is	59	11	3
208	2024-03-06 13:54:00+00	8TPJLJ	DXB-MUX	JUNAID MUHAMMAD GHAFFAR	2024-04-02 19:00:00+00	\N	PIA	1000.00	300.00	Is	62	25	3
209	2024-03-06 13:59:00+00	TFLGKW	MUX-DXB-MUX	MRS AZRA PARVEEN	2024-03-05 19:00:00+00	2024-05-18 19:00:00+00	AIR BLUE	96330.00	95502.00	Is	50	11	3
210	2024-03-06 14:04:00+00	P4W31Y	DXB-MUX-DXB	MR. FAROOQ AHMAD	2024-03-25 19:00:00+00	2024-04-16 19:00:00+00	FLY DUBAI	113407.00	112807.00	Is	85	9	3
211	2024-03-06 14:07:00+00	8TP7FL	MUX-JED-MUX	MUHAMMAD ARIF	2024-03-13 19:00:00+00	2024-05-17 19:00:00+00	PIA	181523.00	180696.00	Is	56	17	3
212	2024-03-06 14:09:00+00	EPVNJZ	GIZ-DXB-KHI	MR MUHAMMAD SOHAIL	2024-03-30 19:00:00+00	\N	FLY DUBAI	2000.00	700.00	Is	73	25	3
213	2024-03-06 14:12:00+00	NTKPLI	JED-DXB-MUX	MR MUHAMMAD ASLAM	2024-03-31 19:00:00+00	\N	FLY DUBAI	2000.00	700.00	Is	84	25	3
214	2024-03-06 14:17:00+00	OFMAJF	MUX-JED	MR RASHID JAWAD	2024-03-14 19:00:00+00	\N	AIR BLUE	126668.00	125881.00	Is	82	11	3
215	2024-03-06 14:19:00+00	8TPL1D	MUX-JED	MUHAMMAD BOOTA MUKHTAR ALI	2024-03-13 19:00:00+00	\N	PIA	139630.00	138963.00	Is	56	17	3
217	2024-03-07 14:34:00+00	14813760	MUX-AUH	MR ALAM UD DIN, IMAM DIN	2024-03-26 19:00:00+00	\N	AIR ARABIA	60817.00	60217.00	Is	48	13	3
218	2024-03-07 14:40:00+00	AOZWYU	MUX-SHJ	MR MUHAMMAD ZAHID	2024-03-08 19:00:00+00	\N	AIR BLUE	-85436.00	-85436.00	RF	86	11	3
220	2024-03-07 14:45:00+00	MGZKGE	MUX-DXB	MR SAFDAR ALI	2024-03-14 19:00:00+00	\N	AIR BLUE	117350.00	111222.00	Is	73	11	3
221	2024-03-07 14:49:00+00	8TQ5K6	MUX-JED	MUHAMMAD ISHFAQ	2024-03-21 19:00:00+00	\N	PIA	85499.00	84913.00	Is	86	17	3
224	2024-03-07 13:13:00+00	EMKQHC	MUX DXB	HUSSAIN HAFIZ FAIZ	2024-03-11 19:00:00+00	\N	PA	124050.00	121592.00	Is	5	21	2
226	2024-03-07 17:42:00+00	8TQE58	MUX MED	MUMTAZ  MAI	2024-03-19 19:00:00+00	\N	PK	132750.00	127375.00	Is	7	23	2
227	2024-03-07 18:56:00+00	KYOTDP	DXB MUX	SHAHID PERVEZ	2024-04-01 19:00:00+00	\N	PA	64908.00	64608.00	Is	22	3	2
225	2024-03-07 17:32:00+00	2RPY9D	ISB DXB	MUHAMMAD WALI KHAN	2024-03-10 19:00:00+00	\N	ER	95000.00	93551.68	Is	37	3	2
228	2024-03-08 07:37:00+00	8TP1ET	LYP MED LYP	WAQAS Nazir	\N	\N	PK	500.00	300.00	Is	6	2	2
230	2024-03-08 07:50:00+00	8TQJMJ	MCT MUX	MUHAMMAD SHERAZ	\N	\N	PK	1000.00	300.00	Is	47	3	2
231	2024-03-08 08:54:00+00	4JWJSA	DXB MUX	Ali Shahbaz	2024-03-08 19:00:00+00	\N	FZ	42320.00	41815.00	Is	88	5	2
243	2024-03-07 07:43:00+00	6K3TJQ	MUX-JED-MUX	MR MUHAMMAD JAHANGIR	2024-03-22 19:00:00+00	2024-04-12 19:00:00+00	SAUDI ARABIAN	162000.00	156000.00	IS	91	33	3
244	2024-03-07 07:53:00+00	6K3TJQ	MUX-JED-MUX	MRS MEMOONA JAHANGIR	2024-03-22 19:00:00+00	2024-04-12 19:00:00+00	SAUDI ARABIAN	162000.00	156000.00	IS	91	33	3
242	2024-03-09 07:45:00+00	8TR526	MUX JED MUX	PARVEEN AKHTAR	2024-03-25 19:00:00+00	2024-04-21 19:00:00+00	PK	168066.66	167310.45	IS	60	3	2
241	2024-03-09 07:44:00+00	8TR526	MUX JED MUX	MIRAJ BIBI	2024-03-25 19:00:00+00	2024-04-21 19:00:00+00	PK	168066.66	167310.45	IS	60	3	2
222	2024-03-07 14:53:00+00	613053169	SKT-SHJ-MED	GHULAM FAREED	2024-03-18 19:00:00+00	\N	AIR ARABIA	104500.00	103775.00	IS	87	13	3
245	2024-03-07 08:00:00+00	613053169	SKT-SHJ-MED	ASIA KHATOON	2024-03-18 19:00:00+00	\N	AIR ARABIA	104500.00	103775.00	IS	87	13	3
249	2024-03-08 08:27:00+00	66J2PI	KHI-MCT	MR MAULA DAD	2024-03-31 19:00:00+00	\N	SALAM AIR	33393.00	32693.00	IS	48	12	3
250	2024-03-08 08:30:00+00	V9BJKE	KHI-MCT	MR JALAL DIN	2024-03-31 19:00:00+00	\N	SALAM AIR	35475.00	34875.00	IS	48	12	3
235	2024-03-08 11:58:00+00	8TQPC7	MUX JED	MUHAMMAD YOUNIS	2024-03-21 19:00:00+00	\N	PK	97150.00	90806.00	IS	89	31	2
216	2024-03-07 14:21:00+00	613069747	LYP-SHJ-MED	MR AKHTAR HUSSAIN	2024-03-20 19:00:00+00	\N	AIR ARABIA	94210.00	93610.00	IS	70	13	3
237	2024-03-07 07:27:00+00	UFCGY6	MUX-JED-MUX	TAMOUR HASSAN	2024-03-08 19:00:00+00	2024-03-28 19:00:00+00	SAUDIA	162000.00	157000.00	IS	91	32	3
238	2024-03-07 07:29:00+00	NDWMEW	MUX-JED-MUX	MR MUHAMMAD KHURRAM ABRAR	2024-03-07 19:00:00+00	2024-05-25 19:00:00+00	AIR BLUE	-129777.00	-129777.00	RF	73	11	3
239	2024-03-09 07:30:00+00	6VJ35X	MUX/DAR	Nadeem Nasir	\N	\N	QR	9800.00	500.00	IS	22	3	2
240	2024-03-09 07:41:00+00	8TR526	MUX JED MUX	Muhmmad Sajid	2024-03-25 19:00:00+00	2024-04-21 19:00:00+00	PK	168066.66	167310.45	IS	60	3	2
236	2024-03-08 19:25:00+00	8BGLF5	ISB DXB	UMAR NAZIR	2024-03-14 19:00:00+00	\N	ER	67000.00	65712.00	IS	76	3	2
223	2024-03-07 15:01:00+00	8TQ8TY	MUX-JED	MUHAMMAD AYOOB	2024-03-27 19:00:00+00	\N	PIA	77461.00	76816.00	IS	48	17	3
246	2024-03-07 08:07:00+00	8TQ8TY	MUX-JED	UMAR LNU	2024-03-27 19:00:00+00	\N	PIA	77461.00	76816.00	IS	48	17	3
247	2024-03-07 08:11:00+00	8TQHER	JED-KHI	SHUMAILA GILAL	2024-03-10 19:00:00+00	\N	PIA	36593.00	35633.00	IS	79	17	3
248	2024-03-07 08:15:00+00	8TQ409	DXB-MUX	AYAZ MAQBOOL	2024-04-30 19:00:00+00	\N	PIA	1000.00	300.00	VO	62	25	3
252	2024-03-09 08:44:00+00	14828314	MUX AUH	Muhammad Sohail	2024-03-22 19:00:00+00	\N	G9	63150.00	62631.00	IS	3	6	2
253	2024-03-09 09:08:00+00	8TPH47	MUX MED	ALI HAIDer	2024-03-14 19:00:00+00	\N	PK	2000.00	1800.00	RI	24	3	2
255	2024-03-08 09:34:00+00	NMX73D	MUX-JED-MUX	MR MEHMOOD SAQIB	2024-03-18 19:00:00+00	2024-04-14 19:00:00+00	SAUDI ARABIAN AIRLINES	160000.00	144613.00	IS	93	15	3
256	2024-03-08 09:40:00+00	NMX73D	MUX-JED-MUX	MR AHMAD DIN ALLAH DITTA	2024-03-18 19:00:00+00	2024-04-14 19:00:00+00	SAUDI ARABIAN AIRLINES	157000.00	144613.00	IS	95	15	3
258	2024-03-08 09:44:00+00	NMX73D	MUX-JED-MUX	MRS FIAZ MAI	2024-03-18 19:00:00+00	2024-04-14 19:00:00+00	SAUDI ARABIAN AIRLINES	157000.00	144613.00	IS	95	15	3
257	2024-03-08 09:43:00+00	NMX73D	MUX-JED-MUX	MR HAJI ALLAH RAKHA	2024-03-18 19:00:00+00	2024-04-14 19:00:00+00	SAUDI ARABIAN AIRLINES	157000.00	144613.00	IS	95	15	3
259	2024-03-08 09:47:00+00	NMX73D	MUX-JED-MUX	MR NOOR MUHAMMAD ABDUL WAHEED	2024-03-18 19:00:00+00	2024-04-14 19:00:00+00	SAUDI ARABIAN AIRLINES	155000.00	144613.00	IS	94	15	3
229	2024-03-08 07:46:00+00	6XJTN9	MUX/DOH/DAR	Rizwana / Aahil Ahmad	2024-03-25 19:00:00+00	\N	QR	10600.00	10000.00	RI	22	3	2
251	2024-03-09 08:37:00+00	8TRFLF	JED MUX	Najima Mai/ Abdul Rehman	\N	\N	PK	2000.00	600.00	VO	46	3	2
260	2024-03-08 09:50:00+00	NMX73D	MUX-JED-MUX	MR MUHAMMAD AKRAM	2024-03-18 19:00:00+00	2024-04-14 19:00:00+00	SAUDI ARABIAN AIRLINES	155000.00	144613.00	IS	94	15	3
261	2024-03-08 09:51:00+00	NMX73D	MUX-JED-MUX	MRS SHAKEELA BIBI	2024-03-18 19:00:00+00	2024-04-14 19:00:00+00	SAUDI ARABIAN AIRLINES	155000.00	144613.00	IS	94	15	3
262	2024-03-08 09:52:00+00	NMX73D	MUX-JED-MUX	MS SHEHLA KANWAL	2024-03-18 19:00:00+00	2024-04-14 19:00:00+00	SAUDI ARABIAN AIRLINES	155000.00	144613.00	IS	94	15	3
263	2024-03-08 09:53:00+00	NMX73D	MUX-JED-MUX	MR DIN MUHAMMAD	2024-03-18 19:00:00+00	2024-04-14 19:00:00+00	SAUDI ARABIAN AIRLINES	155000.00	144613.00	IS	94	15	3
264	2024-03-08 09:54:00+00	NMX73D	MUX-JED-MUX	MRS FOZIA NAZIR	2024-03-18 19:00:00+00	2024-04-14 19:00:00+00	SAUDI ARABIAN AIRLINES	155000.00	144613.00	IS	94	15	3
265	2024-03-08 09:54:00+00	NMX73D	MUX-JED-MUX	MR MUHAMMAD RAFIQ	2024-03-18 19:00:00+00	2024-04-14 19:00:00+00	SAUDI ARABIAN AIRLINES	155000.00	144613.00	IS	94	15	3
266	2024-03-08 09:58:00+00	8QAEG7	UET-DXB	MR KHALIQ DAD	2024-03-18 19:00:00+00	\N	FLY DUBAI	45442.00	42431.00	IS	48	25	3
267	2024-03-08 10:03:00+00	O580CV	MCT-MUX	MR ABBAS GHULAM	2024-04-09 19:00:00+00	\N	SALAM AIR	32900.00	31997.00	IS	92	12	3
268	2024-03-09 09:17:00+00	QVKUGQ	MUX JED	ALLAH DITTA //  NADEEM	2024-03-17 19:00:00+00	\N	PA	222300.00	221195.00	IS	7	21	2
269	2024-03-09 10:06:00+00	8TQ3K5	MUX-DXB	MUHAMMAD ISMAIL	2024-03-21 19:00:00+00	\N	PIA	79000.00	72278.00	IS	73	17	3
270	2024-03-09 10:09:00+00	U9OATQ	MUX-DXB-JED	MR. ABDUL REHMAN	2024-03-24 19:00:00+00	\N	FLY DUBAI	80424.00	80174.00	IS	62	9	3
271	2024-03-09 10:07:00+00	MSPN10	DXB MUX	Muhammad Imran	2024-03-22 19:00:00+00	\N	FZ	42300.00	41779.00	IS	37	5	2
272	2024-03-09 11:06:00+00	77098S	MUX/DXB/LHR	MUHAMMAD FARHAN GHAFFAR	2024-04-24 19:00:00+00	\N	QR	135000.00	128279.00	IS	76	3	2
274	2024-03-09 12:22:00+00	VFMGH7	MUX - RUH	AROOJ FATIMA	2024-03-25 19:00:00+00	\N	FZ	73250.00	72960.00	IS	22	3	2
275	2024-03-09 12:24:00+00	UA90B4	MUX - RUH	ADEEBA SADAF	2024-03-25 19:00:00+00	\N	FZ	73250.00	72960.00	IS	22	3	2
276	2024-03-09 12:25:00+00	UA90B4	MUX - RUH	ZAVIYAAR IHSAN	2024-03-25 19:00:00+00	\N	FZ	73250.00	72960.00	IS	22	3	2
277	2024-03-09 12:26:00+00	8TRHF7	MUX - JED	QASIM ALI	2024-04-17 19:00:00+00	\N	PK	74460.00	70863.00	IS	22	29	2
278	2024-03-09 12:28:00+00	8TRKKP	LHE-DMM	BILAL SHARIF	2024-03-24 19:00:00+00	\N	PK	77170.00	73362.00	IS	11	29	2
279	2024-03-09 12:38:00+00	XVFSUK	MUX-JED	MUHAMMAD IRSHAD	2024-03-23 19:00:00+00	\N	AIR BLUE	100600.00	99778.00	IS	86	11	3
280	2024-03-09 12:40:00+00	8TR46C	SHJ-MUX	SHAHZAD AHMAD	2024-04-01 19:00:00+00	\N	PIA	1000.00	300.00	VO	73	25	3
281	2024-03-09 12:44:00+00	8TR46C	SHJ-MUX	SHABBIR AHMAD	2024-04-01 19:00:00+00	\N	PIA	1000.00	300.00	VO	73	25	3
283	2024-03-09 12:48:00+00	76SNJJ	MED-DXB-MUX	MR MUHAMMAD JAVED	2024-03-31 19:00:00+00	\N	FLY DUBAI	1200.00	700.00	VO	66	25	3
282	2024-03-09 12:46:00+00	HCDZQJ	JED-DXB-MUX	MR SADAM HUSSAIN	2024-04-03 19:00:00+00	\N	FLY DUBAI	1200.00	700.00	VO	48	25	3
284	2024-03-09 12:53:00+00	CDJBUP	LHE-RUH	MR NAVEED IQBAL	2024-03-31 19:00:00+00	\N	AIR BLUE	72860.00	72129.00	IS	70	11	3
285	2024-03-09 13:08:00+00	UHCUAN	MUX-JED-MUX	MR BASHIR AHMAD	2024-03-11 19:00:00+00	2024-04-10 19:00:00+00	AIR BLUE	155000.00	151000.00	IS	73	34	3
286	2024-03-09 13:11:00+00	UHCUAN	MUX-JED-MUX	MRS SUMIYA BASHIR	2024-03-11 19:00:00+00	2024-04-10 19:00:00+00	AIR BLUE	155000.00	151000.00	IS	73	34	3
287	2024-03-09 13:12:00+00	UHCUAN	MUX-JED-MUX	MR MUHAMMAD IDREES	2024-03-11 19:00:00+00	2024-04-10 19:00:00+00	AIR BLUE	155000.00	151000.00	IS	73	34	3
288	2024-03-09 13:13:00+00	UELZWA	MUX-DXB	MR MUHAMMAD ZUBAIR GHOURI	2024-03-18 19:00:00+00	\N	AIR BLUE	77430.00	76667.00	IS	53	11	3
289	2024-03-09 13:17:00+00	8TRFQ9	LHE-JED	NASEEM AKHTAR	2024-03-29 19:00:00+00	\N	PIA	79886.00	79528.00	IS	70	18	3
290	2024-03-09 13:22:00+00	8TRFQ9	LHE-JED	FNU MARYAM	2024-03-29 19:00:00+00	\N	PIA	62514.00	62245.00	IS	70	18	3
291	2024-03-09 13:42:00+00	8TM5L6	MUX-JED, MED-MUX	MR MUHAMMAD RAMZAN	2024-04-04 19:00:00+00	2024-04-20 19:00:00+00	PIA	5820.00	1432.00	RI	65	20	3
292	2024-03-09 13:54:00+00	CVXPVZ	MUX-JED-MUX	MR NASIR ABDUL	2024-03-13 19:00:00+00	2024-04-12 19:00:00+00	AIR BLUE	157000.00	155000.00	IS	97	34	3
293	2024-03-09 14:02:00+00	CVXPVZ	MUX-JED-MUX	MR QASIM MUHAMMAD	2024-03-13 19:00:00+00	2024-04-12 19:00:00+00	AIR BLUE	157000.00	155000.00	IS	97	34	3
294	2024-03-09 14:07:00+00	OLUBOU	JED-ISB	MR HAFIZ MUHAMMAD AHMAD RAZA	2024-04-02 19:00:00+00	\N	AIR BLUE	40466.00	39942.00	IS	98	11	3
295	2024-03-09 14:11:00+00	613108441	KHI-SHJ	MR HABIB GUL	2024-03-17 19:00:00+00	\N	AIR ARABIA	61591.00	61028.00	IS	48	13	3
296	2024-03-09 14:29:00+00	10BWPH	JED-MUX	MR. MUHAMMAD USMAN	2024-03-24 19:00:00+00	\N	AIR SIAL	35200.00	34823.00	IS	99	10	3
297	2024-03-09 14:45:00+00	ETI8GM	KHI-DXB-JED	MR. MUHAMMAD JAVED	2024-03-14 19:00:00+00	\N	FLY DUBAI	98384.00	98084.00	IS	75	9	3
298	2024-03-09 18:40:00+00	8SG2UP	JED-MUX	MUHAMMAD GHAZANFAR MEHFOOZ	2024-04-07 19:00:00+00	\N	PIA	4000.00	3185.00	RI	60	3	2
299	2024-03-10 08:44:00+00	149XSU	JED-MUX	SHOAIB SAEED	2024-03-24 19:00:00+00	\N	PF	35700.00	34823.00	IS	6	8	2
300	2024-03-10 10:23:00+00	8TRPD4	LHR-RUH	MUHAMMAD SADIQ	2024-03-25 19:00:00+00	\N	PIA	85409.00	84922.00	IS	56	17	3
301	2024-03-10 10:27:00+00	JQNZ25	BAH-DXB-MUX	MR FARHAN JABBAR	2024-03-10 19:00:00+00	\N	FLY DUBAI	55071.00	54771.00	IS	50	9	3
302	2024-03-10 10:30:00+00	VKXZTI	SHJ-MUX	MR SANA ULLAH	2024-04-14 19:00:00+00	\N	AIR BLUE	27600.00	27163.00	IS	48	11	3
303	2024-03-10 10:32:00+00	OGQZES	SHJ-MUX	MR ALTAF KHAN	2024-04-14 19:00:00+00	\N	AIR BLUE	33160.00	32574.00	IS	48	11	3
304	2024-03-10 10:33:00+00	14832752	MUX-AUH	NOOR KHAN	2024-03-26 19:00:00+00	\N	AIR ARABIA	61216.00	60216.00	IS	48	13	3
305	2024-03-10 11:23:00+00	14832785	MUX-AUH	MR NASRULLAH WALI MUHAMMAD	2024-03-26 19:00:00+00	\N	AIR ARABIA	59348.00	58348.00	IS	48	13	3
306	2024-03-10 11:27:00+00	10C56U	MUX-JED	MR SAFDAR ALI	2024-03-17 19:00:00+00	\N	AIR SIAL	115300.00	113593.00	IS	70	10	3
307	2024-03-10 11:32:00+00	14A3L8	JED-KHI	MR ABDUL REHMAN	2024-03-09 19:00:00+00	\N	AIR SIAL	23054.00	21633.00	IS	48	10	3
308	2024-03-10 11:35:00+00	8TRP35	JED-MUX-JED	ARSHAD ALI ARIF	2024-03-12 19:00:00+00	\N	PIA	100519.00	98090.00	IS	86	19	3
309	2024-03-10 11:38:00+00	775QW9	MUX-DOH	MR ASIF REHMAN	2024-03-28 19:00:00+00	\N	QATAR AIRWAYS	74755.00	73655.00	IS	52	25	3
310	2024-03-11 13:22:00+00	XBHBC8	RUH-MCT-MUX	JAVED AHMAD	2024-03-11 19:00:00+00	\N	SALAM AIR	34015.00	33570.00	IS	86	12	3
311	2024-03-11 13:25:00+00	BYZ99R	MED-DXB-MUX	MR MUHAMMAD USAMA ALI	2024-03-11 19:00:00+00	\N	FLY DUBAI	45443.00	44943.00	IS	59	9	3
312	2024-03-11 13:37:00+00	8TSLP9	MUX-MED-MUX	ASSAD ULLAH IHSAN	2024-03-19 19:00:00+00	2024-04-13 19:00:00+00	PIA	172908.00	171151.00	IS	100	18	3
313	2024-03-11 13:41:00+00	8TSP33	LHR-KUL-LHE	MUHAMMAD JUNAID	2024-03-23 19:00:00+00	2024-04-16 19:00:00+00	PIA	171461.00	170656.00	IS	70	18	3
316	2024-03-11 17:43:00+00	MPVQKV	ISB DXB	HASSAN ALI	2024-03-24 19:00:00+00	\N	PA	50550.00	49477.00	IS	101	22	2
318	2024-03-11 18:00:00+00	777J4D	RUH/MCT/ISB	ABID KHAN	2024-03-09 19:00:00+00	\N	WY	99250.00	97926.00	IS	3	3	2
317	2024-03-11 17:46:00+00	JRETVQ	MUX SHJ	Muhammad Rafiq	2024-03-31 19:00:00+00	\N	PA	52280.00	51076.00	IS	5	22	2
319	2024-03-11 18:02:00+00	1883X3	MUX JED MUX	Hamid Hassan	2024-04-10 19:00:00+00	2024-05-01 19:00:00+00	PF	125000.00	123470.00	IS	24	8	2
320	2024-03-11 18:07:00+00	8TS6ML	DXB MUX DXB	MUHAMMAD NASIR	2024-03-10 19:00:00+00	2024-04-16 19:00:00+00	PK	83550.00	79052.00	IS	7	22	2
321	2024-03-11 18:10:00+00	8TS102	JED MUX	KASHIF ALI	\N	\N	PK	1000.00	300.00	VO	16	3	2
322	2024-03-12 06:23:00+00	8TSBJK	DMM KHI DMM	SHUMAILA / IRFA/ SHAHEER	\N	\N	PK	3000.00	900.00	VO	14	3	2
352	2024-03-12 11:07:00+00	Visa	Umrah	Faisal Nawaz	\N	\N		43000.00	42200.00	IS	8	23	2
353	2024-03-12 11:08:00+00	Visa	\N	Ali Haider Khan	\N	\N		40000.00	40000.00	IS	24	23	2
326	2024-03-12 06:29:00+00	8TSMZU	JED MUX	MUHAMMAD SALEEM	\N	\N	PK	1000.00	300.00	IS	46	3	2
325	2024-03-12 06:27:00+00	SKTZRA	RUH DXB MUX	ABDUL MAJEED / AMIR QAISER	\N	\N	FZ	3000.00	1400.00	IS	46	3	2
328	2024-03-12 06:33:00+00	8TSNQH	JED MUX	Khalil / Majeed	\N	\N	PK	2000.00	600.00	VO	46	3	2
329	2024-03-12 06:35:00+00	8TST3L	JED MUX	Talib Hussain	\N	\N	PK	1000.00	300.00	VO	46	3	2
330	2024-03-12 06:36:00+00	8TT4NQ	MED ISB	HAJAMI	\N	\N	PK	1000.00	300.00	VO	47	3	2
331	2024-03-12 06:37:00+00	613161326	SHJ MUX	SHAZAD IJAZ	2024-03-11 19:00:00+00	\N	G9	42900.00	42606.00	IS	9	6	2
333	2024-03-12 06:50:00+00	A88F4G	KHI JED	SHABINA / HARIB	\N	\N	ER	179500.00	176378.00	IS	14	3	2
334	2024-03-12 06:54:00+00	HMFTWT	MED DXB MED	ASHRAF	2024-05-31 19:00:00+00	\N	FZ	1500.00	700.00	VO	14	3	2
335	2024-03-12 06:59:00+00	EYNTJD	MUX JED	Hamza Iqbal/ Sana Anwar	2024-04-11 19:00:00+00	2024-03-20 19:00:00+00	PA	309000.00	306924.00	IS	60	3	2
323	2024-03-12 06:25:00+00	77B04N	MED DXB KHI	FAHAD FAROOQ	\N	\N	FZ	1500.00	700.00	VO	47	3	2
371	2024-03-12 05:26:00+00	612819139	MUX-SHJ-ELQ	MR MUHAMMAD ARSAL	2024-03-12 19:00:00+00	\N	AIR ARABIA	2100.00	1777.00	IS	67	13	3
354	2024-03-12 11:20:00+00	8TTYB3	JED MUX	HAMZA SHABBIR	\N	\N	PK	1000.00	300.00	VO	60	3	2
357	2024-03-12 11:23:00+00	Visa	\N	Muhammad Mursaleen	\N	\N		43500.00	43000.00	IS	6	23	2
340	2024-03-10 07:18:00+00	775Q1H	MUX/BAH/DXB	ZEESHAN HADAIR	2024-04-17 19:00:00+00	\N	GF	65415.00	65065.00	IS	36	3	2
341	2024-03-12 07:19:00+00	7770W1	KHI/BAH/MED	GHULAM MUSTAFA *3	2024-03-18 19:00:00+00	\N	GF	230100.00	225594.00	IS	16	3	2
327	2024-03-12 06:31:00+00	77DYKF	RUX DXB MUX	Shafi / Nadeem	\N	\N	QR	3000.00	1400.00	IS	46	3	2
355	2024-03-12 11:11:00+00	Tashera	\N	Ahmad Tashera	\N	\N		10000.00	10000.00	IS	16	23	2
339	2024-03-12 07:11:00+00	1883RK	MUX JED MUX	ULLAH SULTAN	2024-04-10 19:00:00+00	\N	PF	125000.00	124042.38	IS	24	3	2
342	2024-03-12 07:31:00+00	1883X7	MUX JED MUX	MAJEED ALLAH DITTA	2024-04-10 19:00:00+00	\N	PF	125000.00	124042.38	IS	24	3	2
338	2024-03-12 07:11:00+00	1883RK	MUX JED MUX	UMAIR IQBAL	2024-04-10 19:00:00+00	\N	PF	125000.00	124042.38	IS	24	3	2
343	2024-03-12 07:31:00+00	8TT6JJ	JED MUX	AHMAD SHAKEEL	\N	\N	PK	1000.00	300.00	VO	7	3	2
344	2024-03-12 07:35:00+00	8TT6K8	MED/KHI/MUX	ATTA MUHAMMAD	\N	\N	pk	1000.00	300.00	VO	7	3	2
346	2024-03-12 07:39:00+00	EWYTHB	\N	SADDAM / HUSSAIN	\N	\N	FZ	3000.00	1400.00	IS	102	3	2
347	2024-03-12 07:42:00+00	T7J31C	ISB/DXB	HAMZA HASSAN	2024-03-19 19:00:00+00	\N	ER	59000.00	57360.00	IS	44	3	2
348	2024-03-12 07:47:00+00	TIXIGB	DXB/MUX	ASAAD HAYIAT	2024-03-11 19:00:00+00	\N	PA	27100.00	26778.00	IS	22	3	2
349	2024-03-12 07:48:00+00	KDOJVQ	RUH MUX	MUHAMAD AWAIS	2024-03-13 19:00:00+00	\N	OV	34200.00	33705.00	IS	22	3	2
345	2024-03-12 07:36:00+00	DB5578793	VISA	NOUSHEEN Sajjad	\N	\N		37000.00	32980.00	IS	9	3	2
351	2024-03-12 08:27:00+00	14849699	AUH MUX	MUJAHID ALI	\N	\N	G9	63150.00	62863.46	IS	76	3	2
324	2024-03-12 06:26:00+00	CQFDGI	MED DXB KHI	MUHAMMAD EJAZ	\N	\N	FZ	1000.00	700.00	IS	25	3	2
358	2024-03-11 11:52:00+00	8TT02E	MUX-JED-MUX	FNU ALLAH WASAYA	2024-03-21 19:00:00+00	2024-04-08 19:00:00+00	PIA	172452.00	167153.00	IS	103	17	3
359	2024-03-11 11:55:00+00	8TT02E	MUX-JED-MUX	SANA KHAN	2024-03-21 19:00:00+00	2024-04-08 19:00:00+00	PIA	172452.00	167153.00	IS	103	17	3
360	2024-03-11 11:56:00+00	8TT019	JED-MUX	MUHAMMAD JUNAID SATTAR	2024-03-08 19:00:00+00	\N	PIA	82656.00	80136.00	IS	103	17	3
361	2024-03-11 11:59:00+00	8TT9JY	MED-MUX	NAJMA SAMREEN	2024-04-27 19:00:00+00	\N	PIA	1000.00	300.00	IS	54	25	3
363	2024-03-11 12:02:00+00	8TT9JY	MED-MUX	TAYYABA NAEEM	2024-04-27 19:00:00+00	\N	PIA	1000.00	300.00	IS	54	25	3
365	2024-03-12 05:09:00+00	613161326	SHJ-MUX	MR SHAHZAD IJAZ	2024-03-11 19:00:00+00	\N	AIR ARABIA	43400.00	42900.00	IS	70	27	3
366	2024-03-12 05:13:00+00	77LJN2	JED-MUX	MR ZAIEM TAREEN	2024-04-05 19:00:00+00	\N	SAUDI ARABIAN AIRLINES	119612.00	118512.00	IS	50	25	3
367	2024-03-12 05:17:00+00	77LJN2	JED-MUX	MRS NAUSHEEN SAJJAD	2024-04-05 19:00:00+00	\N	SAUDI ARABIAN AIRLINES	119612.00	118512.00	IS	50	25	3
368	2024-03-12 05:18:00+00	77LJN2	JED-MUX	KIAN AKHTAR TAREEN	2024-04-05 19:00:00+00	\N	SAUDI ARABIAN AIRLINES	10306.00	10006.00	IS	50	25	3
369	2024-03-12 05:21:00+00	GD7IP7	BAH-MCT-MUX	MUHAMMAD USMAN	2024-03-20 19:00:00+00	\N	SALAM AIR	48600.00	48296.00	IS	104	12	3
370	2024-03-12 05:23:00+00	613150683	MUX-SHJ	MR MUHAMMAD JANANZAIB	2024-03-26 19:00:00+00	\N	AIR ARABIA	59479.00	58979.00	IS	56	13	3
372	2024-03-12 05:30:00+00	1C64ZI	MUX-JED-MUX	MRS ANEELA KHANUM	2024-03-30 19:00:00+00	2024-04-14 19:00:00+00	AIR SIAL	139990.00	137736.00	IS	50	10	3
373	2024-03-12 05:33:00+00	1C64PI	MUX-JED-MUX	MR MUHAMMAD HUNZA KHAN	2024-03-30 19:00:00+00	2024-04-14 19:00:00+00	AIR SIAL	144550.00	142179.00	IS	50	10	3
374	2024-03-13 09:43:00+00	1231	12231		\N	\N		1231.00	12312.00	IS	28	1	1
375	2024-03-13 09:57:00+00	123	12312		2024-03-21 19:00:00+00	\N		1231.00	12.00	IS	28	1	1
376	2024-03-13 09:57:00+00	123	12312		2024-03-21 19:00:00+00	\N		1231.00	12.00	IS	28	1	1
336	2024-03-12 07:04:00+00	1883X7	MUX JED MUX	KHALID SAEED	2024-04-10 19:00:00+00	\N	PF	125000.00	124042.38	IS	24	3	2
356	2024-03-12 11:20:00+00	8TTA9E	JED - LHE	AQSA RUBAB *3	2024-05-27 19:00:00+00	\N	PK	2000.00	900.00	VO	14	3	2
332	2024-03-12 06:47:00+00	8TSR5Q	JED MUX JED	ABDUL AZIZ	2024-03-25 19:00:00+00	2024-08-16 19:00:00+00	PK	98600.00	97443.55	IS	6	3	2
364	2024-03-12 17:41:00+00	Visa	Umrah	Sahar Sultan/ Amal	\N	\N		90000.00	86000.00	IS	5	23	2
377	2024-03-13 09:57:00+00	123	12312		2024-03-21 19:00:00+00	\N		1231.00	12.00	IS	28	1	1
378	2024-03-13 09:57:00+00	123	12312		2024-03-21 19:00:00+00	\N		1231.00	12.00	IS	28	1	1
379	2024-03-13 09:57:00+00	123	12312		2024-03-21 19:00:00+00	\N		1231.00	12.00	IS	28	1	1
380	2024-03-13 09:58:00+00	12312	21312	12321	2024-03-13 19:00:00+00	\N	12312	5000.00	1000.00	IS	28	1	1
381	2024-03-13 09:59:00+00	1231	1231		2024-03-22 19:00:00+00	\N		1231.00	1231.00	IS	28	1	1
383	2024-03-13 10:03:00+00	1231	12312	1231	\N	\N	1231	1.00	1.00	IS	28	1	1
385	2024-03-13 10:07:00+00	12312	12312		2024-03-13 19:00:00+00	\N		12312.00	12321.00	IS	28	1	1
387	2024-03-13 10:08:00+00	123123	213123	21312	\N	\N	12312	12312.00	12312.00	IS	28	1	1
423	2024-03-15 09:12:00+00	8U0JDA	MUX - MED	MUHAMMAD BILAL	2024-03-28 19:00:00+00	\N	PK	81500.00	77589.00	IS	24	31	2
426	2024-03-14 09:18:00+00	78H5R2	RUH-DXB-MUX	SUGHRAN MAI	\N	\N	FZ	1500.00	700.00	VO	46	3	2
427	2024-03-15 09:18:00+00	78H5R2	RUH-DXB-MUX	KHALIL YAQOOB	\N	\N	FZ	1500.00	700.00	VO	46	3	2
428	2024-03-15 09:18:00+00	78H5R2	RUH-DXB-MUX	MAHAM YAQOOB	\N	\N	FZ	1500.00	700.00	VO	46	3	2
429	2024-03-14 09:18:00+00	78NP37	MED-MUX	SUGHRAN MAI	2024-04-09 19:00:00+00	\N	SV	43700.00	42376.00	IS	60	3	2
430	2024-03-14 09:18:00+00	8TDHUA	MUX-JED	MUHAMMAD YASIN KHAN	\N	\N	PK	-130500.00	-133264.00	RF	14	3	2
431	2024-03-15 09:18:00+00	8TUPYG	JED-MUX	MUHAMMAD YASIN KHAN	2024-04-12 19:00:00+00	\N	PK	1000.00	300.00	VO	14	3	2
433	2024-03-15 09:18:00+00	8U08HR	JED-KHI	LIAQAT ALI	2024-06-04 19:00:00+00	\N	PK	1000.00	300.00	VO	19	3	2
434	2024-03-15 09:18:00+00	8U09YD	MED-MUX	SAIMA MAI	2024-05-07 19:00:00+00	\N	PK	1000.00	300.00	VO	14	3	2
399	2024-03-13 05:21:00+00	77ZIZP	DXB-MUX	MR WALI BAKHSH	2024-04-22 19:00:00+00	\N	FLY DUBAI	1500.00	700.00	VO	105	25	3
400	2024-03-13 05:24:00+00	8TT9RN	MCT-MUX	MUHAMMAD AKRAM	2024-04-05 19:00:00+00	\N	PIA	1000.00	300.00	VO	86	25	3
401	2024-03-13 05:26:00+00	8TTFPC	JED-MUX	FNU ANEELA	2024-04-08 19:00:00+00	\N	PIA	1000.00	300.00	VO	73	25	3
402	2024-03-13 05:30:00+00	8TTFPC	JED-MUX	MUHAMMAD SHAHZAD SHAMI	2024-04-08 19:00:00+00	\N	PIA	1000.00	300.00	VO	73	25	3
403	2024-03-13 05:31:00+00	8TTFPC	JED-MUX	MUHAMMAD RAYAN SHAMI	2024-04-08 19:00:00+00	\N	PIA	1000.00	300.00	VO	73	25	3
404	2024-03-13 05:33:00+00	8TTFPC	JED-MUX	SHAMI MUHAMMAD	2024-04-08 19:00:00+00	\N	PIA	1000.00	300.00	VO	73	25	3
405	2024-03-13 05:34:00+00	8TTJG9	MUX-MED, JED-MUX	JAVEED IQBAL	2024-03-26 19:00:00+00	2024-04-09 19:00:00+00	PIA	175415.00	174157.00	IS	50	17	3
406	2024-03-13 05:39:00+00	613186483	SHJ-MUX	MR REHMAT KHAN	2024-04-01 19:00:00+00	\N	AIR ARABIA	57500.00	56970.00	IS	48	13	3
407	2024-03-13 06:11:00+00	8TU1Y7	KHI-MUX	MUNIR AHMAD BOSAN	2024-04-04 19:00:00+00	\N	PIA	20860.00	20486.00	IS	73	17	3
408	2024-03-13 06:15:00+00	613188492	UET-SHJ-MCT	MR NAQEEB ULLAH	2024-03-21 19:00:00+00	\N	AIR ARABIA	53995.00	53491.00	IS	48	13	3
409	2024-03-13 06:19:00+00	401262751	LHE-KHI	MR MUHAMMAD FARHAN	2024-03-16 19:00:00+00	\N	AIR ARABIA	18570.00	17499.00	IS	70	13	3
410	2024-03-14 06:48:00+00	8TUP95	MUX - SHJ	MUHAMMAD SAEED	2024-04-22 19:00:00+00	\N	PK	72950.00	68873.00	IS	5	29	2
411	2024-03-14 07:23:00+00	1K24EF	MUX - JED	ABDUL QAYYUM	2024-03-20 19:00:00+00	\N	PF	97500.00	95910.00	IS	47	8	2
337	2024-03-12 07:10:00+00	1883RK	MUX JED MUX	ISMAIL SHAD	2024-04-10 19:00:00+00	\N	PF	125000.00	124042.38	IS	24	3	2
412	2024-03-12 09:09:00+00	77ZG7V	DMS PEW	WAQAR ALI	2024-04-07 19:00:00+00	\N	GF	83800.00	83289.00	IS	43	3	2
413	2024-03-13 09:09:00+00	7882VM	RUH MUX	MUHAMMAD NADEEM	2024-03-12 19:00:00+00	\N	GF	50340.00	49035.00	IS	6	3	2
414	2024-03-14 09:09:00+00	78BDND	JED LHR	SAIN BUX	\N	\N	EY	1500.00	700.00	VO	76	3	2
415	2024-03-14 09:09:00+00	8RER6N	MED/ISB	SHAHZAD KOMAL / Ammir/ Yousaf	\N	\N	PK	3000.00	900.00	RF	76	3	2
416	2024-03-14 09:09:00+00	8SPR98	MUX MED	MUHAMMAD SAJID INAD	\N	\N		130000.00	130000.00	IS	19	3	2
417	2024-03-13 09:09:00+00	8TTN1E	SJH MUX	Tariq Ali	\N	\N	PK	1000.00	300.00	IS	47	3	2
418	2024-03-13 09:09:00+00	8TTPUE	JED MUX	SHABINA /MUHAMMAD HARIB	\N	\N	PK	2000.00	600.00	VO	14	3	2
419	2024-03-13 09:09:00+00	8TTQJP	JED KHI	FAIZ / Raz/ Gulzar	\N	\N	PK	3000.00	900.00	VO	16	3	2
420	2024-03-13 09:09:00+00	8TTQR2	MED/KHI/MUX	Atta Muhammad	\N	\N	PK	1000.00	300.00	VO	7	3	2
421	2024-03-14 09:09:00+00	8TU39D	JED MUX	Yasir Khan	2024-04-19 19:00:00+00	\N	PK	50450.00	49838.35	IS	14	3	2
435	2024-03-13 09:18:00+00	AXTYBM	MCT-KHI	ABDUL REHMAN	2024-03-13 19:00:00+00	\N	PK	18000.00	17522.82	IS	17	3	2
436	2024-03-14 09:18:00+00	DEQUDV	DXB-LHE-DXB	ZEESHAN ALI	2024-03-16 19:00:00+00	2024-04-22 19:00:00+00	PA	78410.00	77910.00	IS	22	3	2
437	2024-03-15 09:18:00+00	DXIDPW	RUH-LHE	MUMTAZ BEGUM	\N	\N	SV	1500.00	700.00	VO	76	3	2
438	2024-03-15 09:18:00+00	H0ZXYW	TAS-DXB-TAS	FAROGAT MAJITOVA	2024-03-14 19:00:00+00	2024-03-17 19:00:00+00	FZ	120000.00	109118.38	IS	16	3	2
439	2024-03-13 09:18:00+00	UF5144803	SHJ-VISA	MUHAMMAD SAFTAIN ALI SHAH	\N	\N		41000.00	32980.00	IS	16	3	2
425	2024-03-09 09:18:00+00	6NRBBP	CGK-ISB	AFTAB AKMAL	2024-06-05 19:00:00+00	\N	EY	28500.00	28394.00	RI	76	3	2
168	2024-03-06 08:55:00+00	8TPLZB	MUX JED MUX	AMAL Sultan 1 Adult 1 Child	2024-03-14 19:00:00+00	2024-05-26 19:00:00+00	PK	299260.00	298534.00	IS	5	3	2
432	2024-03-15 09:18:00+00	8TUYEP	DXB-MUX	MUHAMMAD IMRAN	2024-03-17 19:00:00+00	\N	PK	8500.00	4605.00	RI	76	3	2
440	2024-03-03 10:59:00+00	8TUYEP	DXB-MUX	MUHAMMAD IMRAN	2024-03-17 19:00:00+00	\N	PK	78300.00	77386.05	IS	76	3	2
441	2024-03-14 11:12:00+00	1K1XB2	MUX JED MUX	ABDUL SATTAR	2024-03-29 19:00:00+00	2024-04-26 19:00:00+00	PF	129770.00	127370.00	IS	24	8	2
442	2024-03-14 11:12:00+00	1K25QU	MUX JED MUX	RAZIA BIBI	2024-03-29 19:00:00+00	2024-04-26 19:00:00+00	PF	129770.00	127370.00	IS	24	8	2
443	2024-03-14 04:53:00+00	BAJFQK	KHI-DXB-JED	MR MUJAHID CHANDIO	2024-04-01 19:00:00+00	\N	FLY DUBAI	62034.00	60954.00	IS	67	9	3
444	2024-03-14 04:53:00+00	1K26T5	MUX-JED	MR SHABBIR HUSSAIN	2024-03-19 19:00:00+00	\N	AIR SIAL	90300.00	89043.00	IS	70	10	3
445	2024-03-14 04:53:00+00	1K26T5	MUX-JED	MR MUHAMMAD ASLAM	2024-03-19 19:00:00+00	\N	AIR SIAL	90300.00	89043.00	IS	70	10	3
446	2024-03-14 04:53:00+00	1K26T5	MUX-JED	MR AKBAR ALI	2024-03-19 19:00:00+00	\N	AIR SIAL	90300.00	89043.00	IS	70	10	3
447	2024-03-14 04:53:00+00	PTSCFY	MUX-JED	MR MUHAMMAD ISMAIL	2024-04-19 19:00:00+00	\N	AIR BLUE	76890.00	76275.00	IS	48	11	3
448	2024-03-14 04:53:00+00	78NYPM	DXB-MUX	MR SAFDAR ALI	2024-04-15 19:00:00+00	\N	FLY DUBAI	1000.00	700.00	VO	73	9	3
449	2024-03-14 04:53:00+00	8U01HC	MUX-JED	MUHAMMAD NAWAZ	2024-03-28 19:00:00+00	\N	PIA	80907.00	79548.00	IS	48	17	3
450	2024-03-14 05:18:00+00	8SZ8LN	DXB-MUX	IQRA AYAZ	2024-03-03 19:00:00+00	\N	PIA	5380.00	5080.00	RI	107	17	3
451	2024-03-14 05:18:00+00	ZGEWHV	MUX-JED-MUX	MR SAEED AHMAD	2024-02-21 19:00:00+00	2024-04-08 19:00:00+00	AIR BLUE	8500.00	0.00	RI	73	11	3
452	2024-03-14 05:31:00+00	1K2A65	MUX-JED	SAJJAD AHMAD	2024-03-19 19:00:00+00	\N	AIR SIAL	90500.00	89043.00	IS	108	10	3
453	2024-03-14 05:31:00+00	1K2A65	MUX-JED	ZAHIDA KANWAL	2024-03-19 19:00:00+00	\N	AIR SIAL	90500.00	89043.00	IS	108	10	3
454	2024-03-14 05:31:00+00	1K2A65	MUX-JED	SANABAL SIDDIQUE AMMAR	2024-03-19 19:00:00+00	\N	AIR SIAL	90500.00	89043.00	IS	108	10	3
455	2024-03-14 05:31:00+00	1K2A65	MUX-JED	MUHAMMAD ESSA AMMAR	2024-03-19 19:00:00+00	\N	AIR SIAL	76910.00	75692.00	IS	108	10	3
456	2024-03-14 05:31:00+00	8TUPPB	MUX-JED-MUX	MUHAMMAD SHABBIR	2024-03-14 19:00:00+00	2024-04-19 19:00:00+00	PIA	180907.00	175312.00	IS	73	17	3
457	2024-03-14 05:31:00+00	8TUPPB	MUX-JED-MUX	AZRA PARVEEN	2024-03-14 19:00:00+00	2024-04-19 19:00:00+00	PIA	180907.00	175312.00	IS	73	17	3
458	2024-03-14 05:31:00+00	8TUPPB	MUX-JED-MUX	MUHAMMAD WAQAR SHABBIR	2024-03-14 19:00:00+00	2024-04-19 19:00:00+00	PIA	180907.00	175312.00	IS	73	17	3
459	2024-03-15 05:31:00+00	CVXPVZ	MUX-MED-MUX	MOHSIN HASSAN	2024-03-13 19:00:00+00	2024-04-12 19:00:00+00	AIR BLUE	158000.00	151000.00	IS	91	34	3
460	2024-03-15 05:31:00+00	CVXPVZ	MUX-MED-MUX	ARBAZ KHAN	2024-03-13 19:00:00+00	2024-04-12 19:00:00+00	AIR BLUE	158000.00	151000.00	IS	91	34	3
461	2024-03-15 05:31:00+00	CVXPVZ	MUX-MED-MUX	MUHAMMAD ASIF	2024-03-13 19:00:00+00	2024-04-12 19:00:00+00	AIR BLUE	158000.00	151000.00	IS	91	34	3
462	2024-03-15 06:24:00+00	LNSBAJ	MUX-JED-MUX	HAJI MUHAMMAD NAWAZ	2024-03-24 19:00:00+00	2024-04-20 19:00:00+00	AIR BLUE	142000.00	139042.00	IS	109	11	3
463	2024-03-15 06:24:00+00	LNSBAJ	MUX-JED-MUX	PARVEEN AKHTAR	2024-03-24 19:00:00+00	2024-04-20 19:00:00+00	AIR BLUE	142000.00	139042.00	IS	109	11	3
464	2024-03-15 06:24:00+00	DZLQZO	MUX-JED	AYESHA SHABBIR	2024-03-24 19:00:00+00	\N	AIR BLUE	92396.00	88027.00	IS	109	11	3
465	2024-03-15 06:24:00+00	1O05BS	MUX-JED-MUX	MEHBOOB AHMAD	2024-03-23 19:00:00+00	2024-06-04 19:00:00+00	AIR SIAL	138887.00	137018.00	IS	75	10	3
466	2024-03-15 06:24:00+00	1O05BS	MUX-JED-MUX	SAMI ULLAH	2024-03-23 19:00:00+00	2024-06-04 19:00:00+00	AIR SIAL	138887.00	137018.00	IS	75	10	3
467	2024-03-15 06:24:00+00	8U0K48	MUX-JED	HAMEEDA BIBI	2024-03-20 19:00:00+00	\N	PIA	110686.00	109173.00	IS	48	19	3
468	2024-03-15 06:24:00+00	UFK4LV	MUX-DXB-DMM	MS. JEEMA BIBI	2024-03-16 19:00:00+00	\N	FLY DUBAI	78913.00	77413.00	IS	86	9	3
469	2024-03-15 06:24:00+00	8U0LGP	MUX-MED-MUX	MUHAMMAD AYUB	2024-03-21 19:00:00+00	2024-04-15 19:00:00+00	PIA	167800.00	166398.00	IS	100	19	3
470	2024-03-15 06:24:00+00	OHBHNR	MUX-JED	KHAIR BAKHSH	2024-04-15 19:00:00+00	\N	AIR BLUE	76900.00	76275.00	IS	48	11	3
471	2024-03-15 06:24:00+00	BGPJZE	DXB-MUX	MUHAMMAD ABBAS	2024-03-28 19:00:00+00	\N	AIR BLUE	37220.00	36692.00	IS	50	11	3
472	2024-03-15 07:01:00+00	VDTGWL	MUX-JED-MUX	AZIZ FATIMA	2024-04-05 19:00:00+00	2024-05-01 19:00:00+00	AIR BLUE	133000.00	128647.00	IS	85	11	3
473	2024-03-15 07:01:00+00	VDTGWL	MUX-JED-MUX	MUZNA AZIZ	2024-04-05 19:00:00+00	2024-05-01 19:00:00+00	AIR BLUE	133000.00	128647.00	IS	85	11	3
474	2024-03-15 07:01:00+00	VDTGWL	MUX-JED-MUX	MAIDA AZIZ	2024-04-05 19:00:00+00	2024-05-01 19:00:00+00	AIR BLUE	133000.00	128647.00	IS	85	11	3
475	2024-03-16 07:40:00+00	123	32221	131	\N	\N	12231	1231.00	123.00	IS	28	1	1
477	2024-03-13 08:07:00+00	8TUGLM	JED-MUX	AZRA PARVEEN	2024-04-12 19:00:00+00	\N	PIA	1000.00	300.00	VO	73	25	3
478	2024-03-13 08:07:00+00	8TUGLM	JED-MUX	MUHAMMAD WAQAR SHABBIR	2024-04-12 19:00:00+00	\N	PIA	1000.00	300.00	VO	73	25	3
479	2024-03-14 08:12:00+00	INVHBZ	KHI-ISB	SYED MUHAMMAD YOUNUS ZAIDI	2024-03-13 19:00:00+00	\N	AIR BLUE	15090.00	15000.00	IS	110	11	3
476	2024-03-13 08:07:00+00	8TUGLM	JED-MUX	MUHAMMAD SHABBIR	2024-04-12 19:00:00+00	\N	PIA	1000.00	300.00	VO	73	25	3
480	2024-03-16 09:42:00+00	GOGOUA	MUX-DXB	MUHAMMAD SAID	2024-03-16 19:00:00+00	\N	AIR BLUE	86130.00	84549.00	IS	66	11	3
482	2024-03-16 09:42:00+00	78SV36	DMM-KHI	MUHAMMAD SADIQ SIDDIQUI	\N	\N	EY	1500.00	700.00	VO	76	3	2
483	2024-03-16 09:42:00+00	78SV36	DMM-KHI	SHAHIDA SADIQ	\N	\N	EY	1500.00	700.00	VO	76	3	2
484	2024-03-16 09:42:00+00	78SV36	DMM-KHI	MUHAMMAD BIN SADIQ	\N	\N	EY	1500.00	700.00	VO	76	3	2
485	2024-03-16 09:42:00+00	78SV36	DMM-KHI	AHMED BIN SADIQ	\N	\N	EY	1500.00	700.00	VO	76	3	2
486	2024-03-16 09:42:00+00	78V475	DMS-PEW	MUHAMMAD SHAFIQ	2024-04-07 19:00:00+00	\N	GF	83770.00	83270.00	IS	43	3	2
488	2024-03-16 09:42:00+00	8U0FT5	JED-MUX	SHAHEEN BIBI	\N	\N	PK	1000.00	300.00	VO	46	3	2
489	2024-03-16 09:42:00+00	8U0GKF	JED-MUX	SALEEM MAI	\N	\N	PK	700.00	300.00	VO	46	3	2
490	2024-03-16 09:42:00+00	8U0ULF	JED-MUX	YOUNAS KHAN	\N	\N	PK	1000.00	300.00	VO	46	3	2
491	2024-03-16 09:42:00+00	8U0UYG	JED-MUX	ABDUL MAJEEDPK	\N	\N	PK	1000.00	300.00	VO	46	3	2
492	2024-03-16 09:42:00+00	GSWHAC	DXB-MUX	MUHAMMAD ARIF	2024-03-16 19:00:00+00	\N	PA	27300.00	26778.00	IS	88	3	2
494	2024-03-15 10:18:00+00	Visa	\N	4 Multiple	\N	\N		92000.00	92000.00	IS	16	23	2
495	2024-03-17 22:39:00+00	123	123		\N	\N		1321.00	123.00	IS	28	1	1
496	2024-03-17 22:41:00+00	1223	2131		\N	\N		1231.00	1231.00	IS	28	1	1
497	2024-03-17 22:41:00+00	1223	2131		\N	\N		1231.00	1231.00	IS	28	1	1
498	2024-03-16 05:05:00+00	VSCZNH	MUX-JED-MUX	MR ABDUL WAJID	2024-03-19 19:00:00+00	2024-04-12 19:00:00+00	AIR BLUE	161600.00	159652.00	IS	97	11	3
499	2024-03-16 05:05:00+00	VSCZNH	MUX-JED-MUX	MRS HUMAIRA TAHIR	2024-03-19 19:00:00+00	2024-04-12 19:00:00+00	AIR BLUE	161600.00	159652.00	IS	97	11	3
500	2024-03-18 10:26:00+00	1231	12312	1231	\N	\N	1231	1.00	1.00	IS	28	1	1
501	2024-03-18 10:31:00+00	123	123		\N	\N	None	1321.00	123.00	IS	28	1	1
504	2024-03-18 11:00:00+00	613262630	MUX - MED	MUHAMMAD SAIFAL	2024-03-28 19:00:00+00	\N	G9	80300.00	79772.00	IS	7	6	2
505	2024-03-17 05:05:00+00	YBFPWN	JED-DXB-MUX	MR NAVEED ABDUL HAMEED	2024-04-13 19:00:00+00	\N	FLY DUBAI	1200.00	700.00	VO	110	25	3
502	2024-03-17 05:05:00+00	792GBW	DMM-DXB-MUX	MR JEEMA BIBI	2024-03-28 19:00:00+00	2024-03-28 19:00:00+00	FLY DUBAI	1200.00	700.00	VO	86	25	3
503	2024-03-17 05:05:00+00	797M7C	DXB-KHI	MR BHUTTU KHAN	2024-04-15 19:00:00+00	\N	FLY DUBAI	1200.00	700.00	VO	48	25	3
564	2024-03-20 08:50:00+00	8U3YUS	MCT KHI	ABDUL REHMAN	\N	\N	PK	1000.00	300.00	VO	16	3	2
507	2024-03-18 11:00:00+00	613262807	MUX - MED	ZAHOOR AHMAD	2024-03-28 19:00:00+00	\N	G9	80300.00	79772.00	IS	7	6	2
508	2024-03-18 11:01:00+00	1RY8MW	ISB KHI	ASAD BILAL *4	2024-03-25 19:00:00+00	\N	PF	66576.00	63554.00	IS	76	8	2
510	2024-03-18 11:04:00+00	1RY8RD	ISB KHI	SABA NOREEN *2	2024-03-25 19:00:00+00	\N		33300.00	31777.00	IS	76	8	2
511	2024-03-17 05:05:00+00	YCJQGD	JED-DXB-MUX	MR MUHAMMAD ABDULLAH	2024-04-13 19:00:00+00	\N	FLY DUBAI	1200.00	700.00	VO	66	25	3
512	2024-03-17 05:05:00+00	8U1RDC	MUX-SHJ	MUHAMMAD AJMAL	2024-03-25 19:00:00+00	\N	PIA	46880.00	46483.00	IS	86	17	3
513	2024-03-17 05:05:00+00	ZLH5FB	MUX-DXB	MS SWERA AKRAM	2024-04-26 19:00:00+00	\N	FLY DUBAI	80620.00	80320.00	IS	50	9	3
514	2024-03-16 05:05:00+00	8U1EF3	MUX-MED	MUHAMMAD RAZZAQ	2024-04-15 19:00:00+00	\N	PIA	81200.00	80860.00	IS	58	19	3
515	2024-03-16 05:05:00+00	613053169	SKT-SHJ-MED	GHULAM FAREED (BAG ADDED 1 PC)	2024-03-18 19:00:00+00	\N	AIR ARABIA	2230.00	1925.00	IS	87	13	3
516	2024-03-18 11:32:00+00	NYBYES	MUX - JED	MUHAMMAD WAQAS	2024-04-15 19:00:00+00	\N	PA	76600.00	76322.00	IS	3	21	2
517	2024-03-18 11:31:00+00	8U29C5	LHE-DOH	QASAD HUSSAIN	2024-03-21 19:00:00+00	\N	PIA	83497.00	82968.00	IS	70	17	3
518	2024-03-18 11:38:00+00	79HV05	MUX-JED	KHAN MUHAMMAD	2024-04-17 19:00:00+00	\N	SAUDI ARABIAN AIRLINES	112772.00	109085.00	IS	48	25	3
519	2024-03-18 11:38:00+00	79HV05	MUX-JED	BAZ KHAN	2024-04-17 19:00:00+00	\N	SAUDI ARABIAN AIRLINES	112772.00	109085.00	IS	48	25	3
520	2024-03-18 11:38:00+00	8U2YQ3	DXB-SKT-DXB	MUHAMMAD AFZAAL	2024-03-18 19:00:00+00	2024-06-24 19:00:00+00	PIA	66490.00	66147.00	IS	70	19	3
521	2024-03-18 11:38:00+00	8U2G4T	SHJ-MUX	GHULAM RASOOL	2024-03-18 19:00:00+00	2024-04-08 19:00:00+00	PIA	1000.00	0.00	VO	48	25	3
522	2024-03-05 05:37:00+00	FCQ8P7	MUX-DXB-AHB	MUHAMAD JAWAD	2024-03-19 19:00:00+00	\N	FLY DUBAI	86274.00	82321.00	IS	80	25	3
523	2024-03-18 07:10:00+00	2MTP5E	KHI-DXB-MED	GHULAM NAZIK	2024-03-19 19:00:00+00	\N	FLY DUBAI	-16100.00	-20660.00	RF	50	9	3
524	2024-03-19 07:49:00+00	8U2UEH	JED KHI	MUSTAFA / Rahisdi / SAFIULLAH	\N	\N	PK	3000.00	1500.00	VO	16	2	2
525	2024-03-19 09:20:00+00	SXQHAJ	MED-DXB-MUX	ALI RAZA	2024-04-13 19:00:00+00	\N	FLY DUBAI	2000.00	700.00	VO	73	25	3
526	2024-03-18 09:20:00+00	TZVKCK	DXB-MUX	MOOSA ZAFAR ALI	2024-03-18 19:00:00+00	\N	AIR BLUE	30980.00	30506.00	IS	48	11	3
527	2024-03-19 10:15:00+00	1ZUK0Z	MUX-JED-MUX	AMAN MAI	2024-03-27 19:00:00+00	2024-04-24 19:00:00+00	AIR SIAL	141500.00	138893.00	IS	111	25	3
528	2024-03-19 10:15:00+00	1ZUK0Z	MUX-JED-MUX	BASHIR AHMAD	2024-03-27 19:00:00+00	2024-04-24 19:00:00+00	AIR SIAL	141500.00	138893.00	IS	111	25	3
529	2024-03-19 10:15:00+00	8TGDDG	PNR CANCELLED	FAISAL PERVAIZ	\N	\N		-149780.00	-150280.00	RF	70	17	3
530	2024-03-19 10:15:00+00	8TAFCZ	KUL-LHE	ABBAS ALI	2024-02-27 19:00:00+00	2024-03-19 19:00:00+00	PIA	-47221.00	-47721.00	RF	70	17	3
531	2024-03-19 10:51:00+00	8TGYKC	LHE-JED	ZEESHAN SHAHID	2024-02-23 19:00:00+00	\N	PIA	-58295.00	-58795.00	RF	112	17	3
532	2024-03-19 10:51:00+00	8TNS0R	MUX-GASSIM	MUHAMMAD SADIQ	2024-03-08 19:00:00+00	\N		-136498.00	-136998.00	RF	56	17	3
533	2024-03-19 10:51:00+00	8TECBH	MUX-JED-MUX	MUHAMMAD NAWAZ	2024-03-04 19:00:00+00	2024-05-14 19:00:00+00		-136881.00	-147031.00	RF	48	17	3
534	2024-03-19 11:53:00+00	1231	12312	3131	\N	\N	1321	13213.00	1312.00	IS	28	1	1
535	2024-03-19 11:53:00+00	KU6VME	MUX-JED-MUX	MUHAMMAD IQBAL ANJUM	2024-03-11 19:00:00+00	2024-03-31 19:00:00+00	SAUDI ARABIAN AIRLINES	161000.00	151352.00	IS	95	35	3
536	2024-03-19 11:53:00+00	KU6VME	MUX-JED-MUX	RASHEEDA ANJUM	2024-03-11 19:00:00+00	2024-03-31 19:00:00+00	SAUDI ARABIAN AIRLINES	161000.00	151352.00	IS	95	35	3
537	2024-03-19 11:53:00+00	KU6VME	MUX-JED-MUX	RIFAT ANJUM	2024-03-11 19:00:00+00	2024-03-31 19:00:00+00	SAUDI ARABIAN AIRLINES	161000.00	151352.00	IS	95	35	3
538	2024-03-19 11:53:00+00	KU6VME	MUX-JED-MUX	MEHTAB ALI	2024-03-11 19:00:00+00	2024-03-31 19:00:00+00	SAUDI ARABIAN AIRLINES	162000.00	151352.00	IS	114	35	3
539	2024-03-19 11:53:00+00	KU6VME	MUX-JED-MUX	MUHAMMAD USMAN	2024-03-11 19:00:00+00	2024-03-31 19:00:00+00	SAUDI ARABIAN AIRLINES	162000.00	151352.00	IS	114	35	3
540	2024-03-19 11:53:00+00	KU6VME	MUX-JED-MUX	ABDUL HAFEEZ	2024-03-11 19:00:00+00	2024-03-31 19:00:00+00	SAUDI ARABIAN AIRLINES	162000.00	151352.00	IS	114	35	3
541	2024-03-19 11:53:00+00	KU6VME	MUX-JED-MUX	ASHRAF YASIN	2024-03-11 19:00:00+00	2024-03-31 19:00:00+00	SAUDI ARABIAN AIRLINES	157000.00	151352.00	IS	113	35	3
542	2024-03-19 11:53:00+00	KU6VME	MUX-JED-MUX	MUHAMMAD YAMEEN	2024-03-11 19:00:00+00	2024-03-31 19:00:00+00	SAUDI ARABIAN AIRLINES	157000.00	151352.00	IS	113	35	3
543	2024-03-19 11:53:00+00	KU6VME	MUX-JED-MUX	MALIK GHULAM NABI	2024-03-11 19:00:00+00	2024-03-31 19:00:00+00	SAUDI ARABIAN AIRLINES	164000.00	151352.00	IS	65	35	3
544	2024-03-19 11:53:00+00	KU6VME	MUX-JED-MUX	KHIZAR ABBAS	2024-03-11 19:00:00+00	2024-03-31 19:00:00+00	SAUDI ARABIAN AIRLINES	155000.00	151352.00	IS	73	35	3
545	2024-03-19 12:31:00+00	12321	1312		\N	\N		1321.00	1231.00	IS	28	1	1
546	2024-03-19 12:31:00+00	1231	131``	1	\N	\N		1231.00	1231.00	IS	28	1	1
547	2024-03-19 13:23:00+00	42345	345		\N	\N		3456.00	234.00	IS	28	1	1
548	2024-03-20 06:32:00+00	121	1231	1312	\N	\N	12313	1231.00	121.00	IS	28	1	1
549	2024-03-19 05:57:00+00	WR43GZ	MUX-JED-MUX	SHAKEELA BIBI	2024-03-15 19:00:00+00	2024-04-05 19:00:00+00	SAUDI ARABIAN AIRLINES	160000.00	144441.00	IS	115	36	3
550	2024-03-19 05:57:00+00	WR43GZ	MUX-JED-MUX	RABIA BIBI	2024-03-15 19:00:00+00	2024-04-05 19:00:00+00	SAUDI ARABIAN AIRLINES	160000.00	144441.00	IS	115	36	3
551	2024-03-19 05:57:00+00	WR43GZ	MUX-JED-MUX	AMIR ALAM	2024-03-15 19:00:00+00	2024-04-05 19:00:00+00	SAUDI ARABIAN AIRLINES	162000.00	144441.00	IS	48	36	3
552	2024-03-19 05:57:00+00	WR43GZ	MUX-JED-MUX	HASINA BEGUM	2024-03-15 19:00:00+00	2024-04-05 19:00:00+00	SAUDI ARABIAN AIRLINES	162000.00	144441.00	IS	116	36	3
553	2024-03-19 05:57:00+00	WR43GZ	MUX-JED-MUX	IZHAR UL QADIR	2024-03-15 19:00:00+00	2024-04-05 19:00:00+00	SAUDI ARABIAN AIRLINES	162000.00	144441.00	IS	116	36	3
554	2024-03-19 05:57:00+00	WR43GZ	MUX-JED-MUX	MUHAMMAD MUDASSIR (CHILD)	2024-03-15 19:00:00+00	2024-04-05 19:00:00+00	SAUDI ARABIAN AIRLINES	142000.00	113737.00	IS	116	36	3
555	2024-03-19 05:57:00+00	WR43GZ	MUX-JED-MUX	NAWAZISH UL QADIR	2024-03-15 19:00:00+00	2024-04-05 19:00:00+00	SAUDI ARABIAN AIRLINES	162000.00	144441.00	IS	116	36	3
556	2024-03-19 05:57:00+00	WR43GZ	MUX-JED-MUX	MISBAH QADIR	2024-03-15 19:00:00+00	2024-04-05 19:00:00+00	SAUDI ARABIAN AIRLINES	162000.00	144441.00	IS	116	36	3
557	2024-03-19 08:04:00+00	WR43GZ	MUX-JED-MUX	ABDUL SATTAR	2024-03-15 19:00:00+00	2024-04-05 19:00:00+00	SAUDI ARABIAN AIRLINES	157000.00	144441.00	IS	50	36	3
558	2024-03-19 08:04:00+00	WR43GZ	MUX-JED-MUX	RUBINA KOUSAR	2024-03-15 19:00:00+00	2024-04-05 19:00:00+00	SAUDI ARABIAN AIRLINES	157000.00	144441.00	IS	50	36	3
559	2024-03-19 08:04:00+00	WR43GZ	MUX-JED-MUX	AREEB REHMAN	2024-03-15 19:00:00+00	2024-04-05 19:00:00+00	SAUDI ARABIAN AIRLINES	157000.00	144441.00	IS	50	36	3
560	2024-03-20 08:46:00+00	7B45FV	LHE DAR LHE	ZEENAT AMMAN	2024-03-28 19:00:00+00	2024-03-27 19:00:00+00		204765.00	204165.00	IS	22	3	2
562	2024-03-20 08:47:00+00	TVN4LK	PEW MCT	AFZAL KHAN	2024-03-24 19:00:00+00	\N	OV	54300.00	53997.67	IS	76	3	2
563	2024-03-20 08:47:00+00	P7DAMI	KHI AHB	AHMAD MUSTAFA	2024-03-21 19:00:00+00	\N	FZ	66100.00	65595.20	IS	76	3	2
565	2024-03-16 08:54:00+00	401271400	SHJ SB	ABDUL MAJEED	2024-04-14 19:00:00+00	\N	G9	44600.00	44066.00	IS	44	3	2
567	2024-03-16 08:54:00+00	TPTOJV	LHE SHJ	NAVEED AHMAD	2024-03-21 19:00:00+00	\N	PA	65750.00	64260.00	IS	8	3	2
568	2024-03-16 08:54:00+00	8U1GRP	LHE AUH LHE	MUHAMMAD IBRAHIM	2024-04-09 19:00:00+00	2024-06-03 19:00:00+00	PK	79950.00	79631.00	IS	8	3	2
569	2024-03-16 09:05:00+00	795NRK	ISB JED	IKRAM ULLAH SHERAZ	2024-03-19 19:00:00+00	\N	SV	81413.00	81113.00	IS	22	3	2
571	2024-03-17 09:09:00+00	8U18CB	MCT KHI	MUHAMMAD ABDULLAH	\N	\N	PK	1000.00	300.00	VO	76	3	2
570	2024-03-17 09:05:00+00	8U1K1R	MCT KHI	BABO JAN *2	\N	\N	PK	2000.00	600.00	VO	17	3	2
572	2024-03-17 09:12:00+00	795XP8	RUH MUX	MUHAMMAD KHALID *2	\N	\N	SV	3000.00	1400.00	VO	21	3	2
573	2024-03-17 09:18:00+00	1VWJY2	JED MUX	MUHAMMAD ROSHAN	2024-03-19 19:00:00+00	\N	PF	29900.00	29390.00	IS	37	3	2
574	2024-03-17 09:18:00+00	799M76	DOH SKT	Hassan Jalil	2024-03-16 19:00:00+00	\N	FZ	51000.00	47129.00	IS	76	3	2
575	2024-03-18 09:18:00+00	YRROCT	DXB KHI	SHAHZADA BASIT ALI	\N	\N	FZ	1500.00	700.00	VO	22	3	2
576	2024-03-18 09:18:00+00	FSKCSK	JED MUX	MUHAMMAD ISHAQ	\N	\N	FZ	1500.00	700.00	VO	5	3	2
577	2024-03-18 09:18:00+00	8U29GZ	jed mux	MUHAMMAD ALLAH DITTA *2	\N	\N	pk	2000.00	600.00	VO	7	3	2
578	2024-03-19 09:21:00+00	WR9YGE	MUX-JED-MUX	SARDAR BEGUM	2024-03-25 19:00:00+00	2024-04-15 19:00:00+00	SAUDI ARABIAN AIRLINES	160000.00	147261.00	IS	118	36	3
581	2024-03-20 09:28:00+00	8U3Y3A	MCT MUX	MUHAMMAD MEHMOOD	\N	\N	PK	1000.00	300.00	VO	76	3	2
582	2024-03-19 09:21:00+00	WR9YGE	MUX-JED-MUX	HASSINA BIBI	2024-03-25 19:00:00+00	2024-04-15 19:00:00+00	SAUDI ARABIAN AIRLINES	162000.00	147261.00	IS	117	36	3
583	2024-03-20 09:28:00+00	8U3GF5	JED  MUX	MUHAMMAD QASIM	\N	\N	PK	1000.00	300.00	VO	46	3	2
584	2024-03-18 09:28:00+00	8U2CM2	JED MUX	ABDUL GHAFFAR	\N	\N	PK	1000.00	300.00	VO	46	3	2
587	2024-03-19 09:21:00+00	WR9YGE	MUX-JED-MUX	KHALIDA PARVEEN	2024-03-25 19:00:00+00	2024-04-15 19:00:00+00	SAUDI ARABIAN AIRLINES	160000.00	147261.00	IS	69	36	3
588	2024-03-19 09:21:00+00	WR9YGE	MUX-JED-MUX	HUMA SAEED	2024-03-25 19:00:00+00	2024-04-15 19:00:00+00	SAUDI ARABIAN AIRLINES	160000.00	147261.00	IS	69	36	3
589	2024-03-19 09:28:00+00	79W8SF	KHI RUH	ALI ABBAS	2024-03-21 19:00:00+00	\N	EY	58540.00	58235.00	IS	22	3	2
590	2024-03-19 09:21:00+00	WR9YGE	MUX-JED-MUX	MAHMOOD YOUSAF	2024-03-25 19:00:00+00	2024-04-15 19:00:00+00	SAUDI ARABIAN AIRLINES	160000.00	147261.00	IS	69	36	3
586	2024-03-19 09:28:00+00	79W4J9	KTM DXB	BISHNU KUMAR SUNAR	\N	\N	FZ	1500.00	700.00	VO	76	3	2
585	2024-03-19 09:28:00+00	7B0D44	LHE DAR LHE	KALSOOM AKHTAR	2024-05-28 19:00:00+00	\N	PK	204313.00	203713.00	IS	22	3	2
591	2024-03-19 09:37:00+00	79VB15	MUX BAH	JAMSHAID AKHTAR	2024-04-11 19:00:00+00	\N	GF	74730.00	73594.00	IS	3	3	2
592	2024-03-18 09:38:00+00	DATRGV	MED MUX	MUHAMMAD IBRAHIM	\N	\N	fz	1000.00	700.00	VO	119	3	2
593	2024-03-19 09:21:00+00	WR9YGE	MUX-JED-MUX	MALIK FAIZ	2024-03-25 19:00:00+00	2024-04-15 19:00:00+00	SAUDI ARABIAN AIRLINES	161000.00	147261.00	IS	93	36	3
594	2024-03-18 09:38:00+00	SXGSSM	MED MUX	NISAR AHMAD	\N	\N		1000.00	700.00	VO	119	3	2
595	2024-03-19 09:21:00+00	WR9YGE	MUX-JED-MUX	MUHAMMAD RAMZAN	2024-03-25 19:00:00+00	2024-04-15 19:00:00+00	SAUDI ARABIAN AIRLINES	161000.00	147261.00	IS	93	36	3
596	2024-03-19 09:21:00+00	WR9YGE	MUX-JED-MUX	MUHAMMAD RAMZAN	2024-03-25 19:00:00+00	2024-04-15 19:00:00+00	SAUDI ARABIAN AIRLINES	161000.00	147261.00	IS	93	36	3
597	2024-03-19 09:21:00+00	WR9YGE	MUX-JED-MUX	MAZHAR SALEEM	2024-03-25 19:00:00+00	2024-04-15 19:00:00+00	SAUDI ARABIAN AIRLINES	161000.00	147261.00	IS	93	36	3
599	2024-03-19 09:21:00+00	WR9YGE	MUX-JED-MUX	MUHAMMAD SHAHID	2024-03-25 19:00:00+00	2024-04-15 19:00:00+00	SAUDI ARABIAN AIRLINES	161000.00	147261.00	IS	93	36	3
601	2024-03-18 09:38:00+00	NHWLXG	JED MUX	MUHAMMAD AQIB	2024-03-21 19:00:00+00	\N	PA	29200.00	28690.00	IS	5	3	2
602	2024-03-19 09:21:00+00	WR9YGE	MUX-JED-MUX	MUHAMMAD ZAKI	2024-03-25 19:00:00+00	2024-04-15 19:00:00+00	SAUDI ARABIAN AIRLINES	160000.00	147261.00	IS	50	36	3
603	2024-03-18 09:38:00+00	79FNJY	MUX JED	YASIR HUSSAIN	2024-04-06 19:00:00+00	\N	SV	59000.00	56660.00	IS	5	3	2
605	2024-03-19 09:38:00+00	8U2QUT	JED MUX	ABDUL GHAFFAR	\N	\N	PK	1000.00	300.00	VO	46	3	2
606	2024-03-19 09:38:00+00	8U2QA3	MED MUX	SHAHNAWAZ BURIRO*4	\N	\N	PK	4000.00	1200.00	VO	16	3	2
607	2024-03-19 09:38:00+00	79P386	MED MUX	ABDUL SATTAR BURIRO	\N	\N	FZ	1000.00	700.00	VO	16	3	2
608	2024-03-19 09:38:00+00	GQGUPM	KHI JED	ARBAB JOGRO	2024-04-06 19:00:00+00	\N	SV	51000.00	49155.00	IS	102	3	2
609	2024-03-19 09:53:00+00	401279683	ISB ALA	IZAZUR RAHMAN	2024-03-26 19:00:00+00	\N	G9	105700.00	105182.00	IS	120	6	2
610	2024-03-19 09:53:00+00	401280655	ISB ALA	AFAQ AHMAD	2024-03-26 19:00:00+00	\N	G9	105700.00	105182.00	IS	120	6	2
611	2024-03-19 09:38:00+00	8U31CR	DXB KHI	ABDUL REHMAN	\N	\N		1000.00	300.00	VO	8	3	2
612	2024-03-19 09:38:00+00	8U31YZ	MED MUX	MUMTAZ MAI	\N	\N		1000.00	300.00	VO	7	3	2
613	2024-03-19 09:59:00+00	8U39A7	MUX DXB	KHAILD HUSSAIN	2024-03-26 19:00:00+00	\N	PK	50793.00	48613.00	IS	5	22	2
614	2024-03-19 09:38:00+00	613290264	LYP AHB	MUHAMMAD AWAIS	2024-03-11 19:00:00+00	\N	G-9	84900.00	84582.00	IS	22	3	2
615	2024-03-19 09:59:00+00	79PL8F	MUX JED	ZAFAR IQBAL	2024-03-25 19:00:00+00	\N	SV	84027.00	80961.50	IS	6	3	2
616	2024-03-19 09:38:00+00	8U322A	SHJ MUX	MUHAMMAD YOUSAF	\N	\N	pk	1000.00	300.00	VO	7	3	2
617	2024-03-19 09:59:00+00	8U35Q8	JED MUX	MUHAMMAD ASIF	\N	\N	PK	1000.00	300.00	VO	46	3	2
618	2024-03-19 09:38:00+00	RUPKMG	JED MUX	ABDUL REHMAN	2024-03-28 19:00:00+00	\N		29200.00	28690.00	IS	5	3	2
619	2024-03-19 10:04:00+00	8U2UA7	MUX JED	MUHAMMAD ARIF	2024-03-19 19:00:00+00	\N	PK	90550.00	85500.00	IS	47	22	2
620	2024-03-19 10:16:00+00	1ZULKK	JED MUX	HABIB AHMAD	2024-03-19 19:00:00+00	\N		34500.00	33867.00	IS	6	39	2
621	2024-03-19 10:35:00+00	PUKW43	MUX-JED-MUX	SHAHNAZ BIBI	2024-03-16 19:00:00+00	2024-04-10 19:00:00+00	SAUDI ARABIAN AIRLINES	153000.00	144613.00	IS	121	36	3
622	2024-03-19 10:35:00+00	PUKW43	MUX-JED-MUX	SURAYYA BIBI	2024-03-16 19:00:00+00	2024-04-10 19:00:00+00	SAUDI ARABIAN AIRLINES	153000.00	144613.00	IS	121	36	3
566	2024-03-16 08:54:00+00	8U1DD7	LHE SHJ LHE	RAI MUHAMMAD FEROZ * 2	\N	\N	PK	3000.00	900.00	VO	76	3	2
579	2024-03-20 09:28:00+00	8U3HAD	DXB KHI	YASIR AHMED	2024-03-19 19:00:00+00	\N	PK	1000.00	300.00	IS	16	3	2
598	2024-03-18 09:38:00+00	KUJYSG	KHI TIF	ALTAF HUSSAIN MAHESAR	\N	\N	qr	75400.00	74382.00	IS	16	3	2
604	2024-03-18 09:38:00+00	79KXX7	JED MUX	IBTISAM SAJID	\N	\N	SV	1500.00	700.00	VO	14	3	2
600	2024-03-19 09:37:00+00	QAZK8Q	MUX MCT	MUHAMMAD SHAHBAZ	2024-03-28 19:00:00+00	\N	OV	58370.00	57867.30	IS	119	3	2
623	2024-03-19 10:35:00+00	PUKW43	MUX-JED-MUX	SHARAF DIN	2024-03-16 19:00:00+00	2024-04-10 19:00:00+00	SAUDI ARABIAN AIRLINES	153000.00	144613.00	IS	121	36	3
624	2024-03-19 10:35:00+00	PUKW43	MUX-JED-MUX	KHALIDA PARVEEN	2024-03-16 19:00:00+00	2024-04-10 19:00:00+00	SAUDI ARABIAN AIRLINES	153000.00	144613.00	IS	121	36	3
625	2024-03-19 10:35:00+00	PUKW43	MUX-JED-MUX	MUHAMMAD UMAR (CHILD)	2024-03-16 19:00:00+00	2024-04-10 19:00:00+00	SAUDI ARABIAN AIRLINES	135000.00	113870.00	IS	121	36	3
626	2024-03-19 10:49:00+00	8U2L8Q	SHJ MUX	MUHAMMAD AMJAD	2024-03-18 19:00:00+00	\N	PK	33695.00	35750.00	IS	76	22	2
627	2024-03-19 10:50:00+00	PUKW43	MUX-JED-MUX	MUHAMMAD UMAIR (INFANT)	2024-03-16 19:00:00+00	2024-04-10 19:00:00+00	SAUDI ARABIAN AIRLINES	24000.00	18551.00	IS	121	36	3
628	2024-03-19 10:49:00+00	1ZULPB	JED MUX	MOHAMMAD ARIF	2024-03-19 19:00:00+00	\N	PF	99000.00	98665.00	IS	3	8	2
629	2024-03-19 10:53:00+00	PUKW43	MUX-JED-MUX	USAMA YOUNAS	2024-03-16 19:00:00+00	2024-04-10 19:00:00+00	SAUDI ARABIAN AIRLINES	157000.00	144613.00	IS	53	36	3
630	2024-03-19 10:53:00+00	PUKW43	MUX-JED-MUX	FAREEDA BIBI	2024-03-16 19:00:00+00	2024-04-10 19:00:00+00	SAUDI ARABIAN AIRLINES	157000.00	144613.00	IS	53	36	3
631	2024-03-19 10:53:00+00	PUKW43	MUX-JED-MUX	RASHIDA PARVEEN	2024-03-16 19:00:00+00	2024-04-10 19:00:00+00	SAUDI ARABIAN AIRLINES	160000.00	144613.00	IS	97	36	3
632	2024-03-19 10:53:00+00	PUKW43	MUX-JED-MUX	MUHAMMAD MOBIN AKRAM	2024-03-16 19:00:00+00	2024-04-10 19:00:00+00	SAUDI ARABIAN AIRLINES	160000.00	144613.00	IS	97	36	3
633	2024-03-19 10:53:00+00	PUKW43	MUX-JED-MUX	MUHAMMAD MOBIN	2024-03-16 19:00:00+00	2024-04-10 19:00:00+00	SAUDI ARABIAN AIRLINES	160000.00	144613.00	IS	97	36	3
634	2024-03-19 10:53:00+00	PUKW43	MUX-JED-MUX	HASNAIN AKRAM	2024-03-16 19:00:00+00	2024-04-10 19:00:00+00	SAUDI ARABIAN AIRLINES	160000.00	144613.00	IS	97	36	3
636	2024-03-19 10:53:00+00	PUKW43	MUX-JED-MUX	MUHAMMAD IQBAL	2024-03-16 19:00:00+00	2024-04-10 19:00:00+00	SAUDI ARABIAN AIRLINES	159000.00	144613.00	IS	122	36	3
637	2024-03-19 10:53:00+00	PUKW43	MUX-JED-MUX	IRSHAD BIBI	2024-03-16 19:00:00+00	2024-04-10 19:00:00+00	SAUDI ARABIAN AIRLINES	159000.00	144613.00	IS	122	36	3
638	2024-03-19 10:53:00+00	PUKW43	MUX-JED-MUX	MUHAMMAD YOUSAF	2024-03-16 19:00:00+00	2024-04-10 19:00:00+00	SAUDI ARABIAN AIRLINES	159000.00	144613.00	IS	122	36	3
635	2024-03-19 10:53:00+00	PUKW43	MUX-JED-MUX	PATHANI MAI	2024-03-16 19:00:00+00	2024-04-10 19:00:00+00	SAUDI ARABIAN AIRLINES	159000.00	144613.00	IS	122	36	3
639	2024-03-19 11:10:00+00	PUKW43	MUX-JED-MUX	NOSHEEN KANWAL	2024-03-16 19:00:00+00	2024-04-10 19:00:00+00	SAUDI ARABIAN AIRLINES	162000.00	144613.00	IS	123	36	3
640	2024-03-19 11:10:00+00	PUKW43	MUX-JED-MUX	MUHAMMAD NAVEED	2024-03-16 19:00:00+00	2024-04-10 19:00:00+00	SAUDI ARABIAN AIRLINES	162000.00	144613.00	IS	123	36	3
641	2024-03-19 11:10:00+00	PUKW43	MUX-JED-MUX	SHAMIM FATIMA	2024-03-16 19:00:00+00	2024-04-10 19:00:00+00	SAUDI ARABIAN AIRLINES	162000.00	144613.00	IS	123	36	3
642	2024-03-19 11:10:00+00	PUKW43	MUX-JED-MUX	NAGINA BIBI	2024-03-16 19:00:00+00	2024-04-10 19:00:00+00	SAUDI ARABIAN AIRLINES	160000.00	144613.00	IS	91	36	3
643	2024-03-19 11:10:00+00	PUKW43	MUX-JED-MUX	IRSHAD PERVEEN	2024-03-16 19:00:00+00	2024-04-10 19:00:00+00	SAUDI ARABIAN AIRLINES	160000.00	144613.00	IS	91	36	3
644	2024-03-19 11:21:00+00	23SHLU	MUX-JED	SULTAN UMER KHAN	2024-04-12 19:00:00+00	\N	AIR SIAL	75400.00	74307.00	IS	48	10	3
645	2024-03-19 11:27:00+00	5W6712	KHI-MCT	MUHAMMAD YOUNIS	2024-03-19 19:00:00+00	\N	SALAM AIR	59173.00	58873.00	IS	124	12	3
646	2024-03-19 11:27:00+00	I6607J	MUX-DXB	MUHAMMAD USMAN	2024-04-08 19:00:00+00	\N	FLY DUBAI	44490.00	42494.00	IS	53	25	3
647	2024-03-19 11:27:00+00	10C56U	MUX-JED	SAFDAR ALI	2024-03-17 19:00:00+00	\N	AIR SIAL	-95785.00	-96285.00	RF	70	10	3
648	2024-03-19 11:27:00+00	A82JMR	MUX-DXB	MUHAMMAD AWAIS	2024-04-05 19:00:00+00	\N	FLY DUBAI	43350.00	41345.00	IS	53	25	3
649	2024-03-19 11:41:00+00	LBJCZM	MUX-DXB-DMM-MUX	ABDUL WAHEED AKHTAR	2024-03-20 19:00:00+00	2024-04-09 19:00:00+00	FLY DUBAI	143500.00	127134.00	IS	73	25	3
650	2024-03-19 11:41:00+00	613312162	MUX-SHJ-TIF	MAZAR KHAN	2024-03-31 19:00:00+00	\N	AIR ARABIA	80433.00	79932.00	IS	48	13	3
651	2024-03-19 11:41:00+00	G415EC	MUX-DXB-MED	NAZIRAN MAI	2024-03-26 19:00:00+00	\N	FLY DUBAI	79868.00	79368.00	IS	53	9	3
652	2024-03-19 11:58:00+00	8U31YN	MUX-MED-MUX	MANZOOR MAI	2024-03-21 19:00:00+00	2024-04-21 19:00:00+00	PIA	164290.00	155262.00	IS	125	19	3
653	2024-03-19 11:58:00+00	8U31YN	MUX-MED-MUX	ALLAH BACHAYA	2024-03-21 19:00:00+00	2024-04-21 19:00:00+00	PIA	164290.00	155262.00	IS	125	19	3
654	2024-03-20 05:07:00+00	8U3H8N	SHJ-LHE	ZUBAIR KHAN	2024-03-20 19:00:00+00	\N	PIA	28954.00	28557.00	IS	70	17	3
655	2024-03-20 05:07:00+00	8U3G5K	JED-MUX	MUHAMMAD AAMIR	2024-04-24 19:00:00+00	\N	PIA	90978.00	90189.00	IS	48	17	3
656	2024-03-20 05:07:00+00	8U3H2D	JED-MUX	JAHAN KHAN	2024-04-24 19:00:00+00	2024-10-19 19:00:00+00	PIA	152869.00	150996.00	IS	48	17	3
657	2024-03-20 05:07:00+00	8U3Q1Q	SHJ-MUX	GHULAM RASOOL	2024-04-13 19:00:00+00	\N	PIA	1000.00	300.00	VO	48	25	3
658	2024-03-20 05:07:00+00	8U3MJY	MUX-JED	SAJID WAQAR (HAMZA OFFICE)	2024-03-25 19:00:00+00	\N	PIA	80000.00	79518.00	IS	73	25	3
659	2024-03-20 05:07:00+00	8U3EEM	MCT-MUX	ADAM KHAN	2024-04-12 19:00:00+00	\N	PIA	1000.00	300.00	VO	48	25	3
660	2024-03-20 05:07:00+00	8U3Z38	MUX-MED-MUX	MUHAMMAD DAS	2024-03-26 19:00:00+00	2024-04-25 19:00:00+00	PIA	171174.00	154924.00	IS	65	17	3
661	2024-03-20 05:07:00+00	8U3Z38	MUX-MED-MUX	PARVEEN AKHTAR	2024-03-26 19:00:00+00	2024-04-25 19:00:00+00	PIA	171174.00	154924.00	IS	65	17	3
662	2024-03-20 05:07:00+00	8U3Z38	MUX-MED-MUX	SHAKEELA BIB	2024-03-26 19:00:00+00	2024-04-25 19:00:00+00	PIA	171174.00	154924.00	IS	65	17	3
663	2024-03-20 05:07:00+00	OIM0E4	AHB-DXB-MUX	MUHAMMAD RAMZAN ABUBAKAR	2024-04-14 19:00:00+00	\N	FLY DUBAI	1200.00	700.00	VO	80	25	3
664	2024-03-20 05:07:00+00	QMS2VH	AHB-DXB-MUX	MUHAMMAD JAWAD	2024-04-14 19:00:00+00	\N	FLY DUBAI	1200.00	700.00	VO	80	25	3
665	2024-03-20 05:07:00+00	4XURSJ	RUH-DXB-MUX	MUHAMMAD IMRAN	2024-04-16 19:00:00+00	\N	FLY DUBAI	1200.00	700.00	VO	53	25	3
666	2024-03-20 05:52:00+00	8U3ELP	DXB-MUX	SHAH JAHAN	2024-04-14 19:00:00+00	\N	PIA	1000.00	300.00	VO	105	25	3
667	2024-03-20 05:52:00+00	8U3EQ6	DXB-MUX	MUHAMMAD HARIS AYAZ	2024-04-14 19:00:00+00	\N	PIA	1000.00	300.00	VO	62	25	3
668	2024-03-20 05:52:00+00	8U3ZHY	JED-MUX	FNU FARHAT	2024-04-23 19:00:00+00	\N	PIA	53390.00	47540.00	IS	73	17	3
669	2024-03-20 06:24:00+00	613337065	SHJ-MUX	MUHAMMAD AKRAM	2024-03-20 19:00:00+00	\N	AIR ARABIA	44750.00	44244.00	IS	48	13	3
670	2024-03-20 06:24:00+00	613337065	SHJ-MUX	MUHAMMAD TAHIR	2024-03-20 19:00:00+00	\N	AIR ARABIA	44750.00	44244.00	IS	48	13	3
671	2024-03-20 06:24:00+00	XTHADZ	LHE-DXB	MIAN AZHAR ABBAS	2024-04-11 19:00:00+00	\N	AIR BLUE	39986.00	38486.00	RI	69	11	3
674	2024-03-20 07:03:00+00	GPEXLD	LHE-JED-LHE	MUHAMMAD IMRAN	2024-03-19 19:00:00+00	2024-03-28 19:00:00+00	AIR BLUE	153538.00	152677.00	IS	50	11	3
675	2024-03-20 07:03:00+00	RXAPAY	MUX-JED	MUHAMMAD MUKHTIAR	2024-03-23 19:00:00+00	\N	AIR BLUE	80992.00	80309.00	IS	50	11	3
673	2024-03-20 07:03:00+00	YVDJWG	JED-MUX	DOULAT MAI	2024-03-20 19:00:00+00	\N	AIR BLUE	28690.00	28536.00	IS	75	11	3
676	2024-03-20 07:03:00+00	613327683	MUX-SHJ-MED	KAFIA MAI	2024-03-22 19:00:00+00	\N	AIR ARABIA	89192.00	88492.00	IS	67	13	3
677	2024-03-21 09:54:00+00	27QI3G	MUX-JED-MUX	SHAHZADA IBRAR BABER KHAN	2024-03-27 19:00:00+00	2024-04-12 19:00:00+00	AIR SIAL	135518.00	132824.00	IS	126	10	3
678	2024-03-21 09:54:00+00	27QI3G	MUX-JED-MUX	SYED ABID ALI BUKHARI	2024-03-27 19:00:00+00	2024-04-12 19:00:00+00	AIR SIAL	135518.00	132824.00	IS	126	10	3
580	2024-03-18 09:28:00+00	79FSYF	JED MUX	NAZIM UMAIR	\N	\N	FZ	1500.00	700.00	VO	17	3	2
679	2024-03-19 11:16:00+00	NYBYES	MUX JED	MUHAMMAD WAQAS	2024-04-15 19:00:00+00	\N		76600.00	76332.00	IS	3	21	2
680	2024-03-18 11:19:00+00	8U2B01	MUX JED	KALSOOM MAI	2024-03-21 19:00:00+00	\N	PK	90400.00	86015.00	IS	76	29	2
681	2024-03-18 11:19:00+00	79S87P	MUX JED	ALLAH WASAYA	2024-04-07 19:00:00+00	\N	SV	57250.00	56743.00	IS	42	3	2
682	2024-03-21 05:30:00+00	8U45A7	DXB-MUX	MUHAMMAD HARIS AYAZ	2024-04-14 19:00:00+00	\N	PIA	1000.00	300.00	VO	62	25	3
683	2024-03-21 05:30:00+00	8U45F0	JED-MUX	HAMEEDA BIBI	2024-04-20 19:00:00+00	\N	PIA	1000.00	300.00	VO	48	25	3
684	2024-03-21 05:30:00+00	27QHUQ	LHE-JED	SAFDAR ALI	2024-03-23 19:00:00+00	\N	AIR SIAL	100400.00	98867.00	IS	70	10	3
685	2024-03-21 05:46:00+00	8U43JD	MUX-JED-MUX	MUHAMMAD IMRAN	2024-03-20 19:00:00+00	2024-04-03 19:00:00+00	PIA	151601.00	150929.00	IS	50	17	3
686	2024-03-20 05:46:00+00	613332442	MUX-SHJ	MUHAMMAD FAIZ	2024-03-27 19:00:00+00	\N	AIR ARABIA	43900.00	43351.00	IS	48	13	3
687	2024-03-21 05:46:00+00	G5D3BM	KHI-MCT	MUHAMMAD HANIF	2024-03-27 19:00:00+00	\N	SALAM AIR	42329.00	41929.00	IS	48	12	3
688	2024-03-21 10:53:00+00	27QUKX	MUX-JED-MUX	QAYYUM NAWAZ	2024-04-16 19:00:00+00	2024-05-11 19:00:00+00	AIR SIAL	130400.00	128383.00	IS	127	10	3
689	2024-03-21 10:53:00+00	27QUKX	MUX-JED-MUX	MUHAMMAD AYUB	2024-04-16 19:00:00+00	2024-05-11 19:00:00+00	AIR SIAL	130400.00	128383.00	IS	127	10	3
690	2024-03-21 11:05:00+00	HNCNXR	MUX-JED-MUX	MUKHTIAR HUSSAIN SHAHID	2024-03-20 19:00:00+00	2024-04-11 19:00:00+00	AIR BLUE	163798.00	162813.00	IS	128	11	3
691	2024-03-21 11:17:00+00	MOFTWA	KHI-MCT	ZAFAR ALI	2024-03-31 19:00:00+00	\N	SALAM AIR	30184.00	29784.00	IS	129	12	3
692	2024-03-21 11:36:00+00	YIEVHG	JED-DXB-MUX	GHULAM MUSTAFA	2024-04-24 19:00:00+00	\N	FLY DUBAI	1200.00	700.00	VO	53	9	3
693	2024-03-21 12:09:00+00	7SXU7L	MUX-DXB-JED	SABIR ALI	2024-04-21 19:00:00+00	\N	FLY DUBAI	80900.00	80513.00	IS	53	9	3
694	2024-03-21 12:09:00+00	613327683	MUX-SHJ-MED	KAFIA MAI (BAG ADDED)	2024-03-22 19:00:00+00	\N	AIR ARABIA	1971.00	1771.00	IS	67	13	3
695	2024-03-21 05:51:00+00	BQCZXI	AUH-ISB	MIR BAHADAR	2024-03-26 19:00:00+00	\N	AIR BLUE	37830.00	37604.00	IS	73	11	3
696	2024-03-21 05:51:00+00	2BORT5	MUX-JED-MUX	MUHAMMAD RIAZ	2024-03-27 19:00:00+00	2024-04-14 19:00:00+00	AIR SIAL	139318.00	137736.00	IS	124	10	3
697	2024-03-21 05:51:00+00	7BNJPY	KHI-DXB	SAJJAN AMEEN	2024-03-27 19:00:00+00	\N	FLY DUBAI	45571.00	42791.00	IS	52	25	3
698	2024-03-21 05:51:00+00	7BNJPY	KHI-DXB	HUMAIRA SAJJAN AMEEN	2024-03-27 19:00:00+00	\N	FLY DUBAI	45571.00	42791.00	IS	52	25	3
699	2024-03-21 05:51:00+00	7BNJPY	KHI-DXB	JOY DANIEL	2024-03-27 19:00:00+00	\N	FLY DUBAI	45571.00	42791.00	IS	52	25	3
700	2024-03-21 05:51:00+00	8U4H6J	MUX-JED	MUHAMMAD QASIM 03088625354	2024-03-30 19:00:00+00	\N	PIA	80000.00	74086.00	IS	73	17	3
701	2024-03-21 05:51:00+00	613354962	MUX-SHJ	GHULAM QADIR	2024-04-01 19:00:00+00	\N	AIR ARABIA	43851.00	43351.00	IS	48	13	3
702	2024-03-21 05:51:00+00	KQVZYX	MUX-JED	RIAZ AHMAD	2024-04-19 19:00:00+00	\N	AIR BLUE	76990.00	76275.00	IS	48	11	3
703	2024-03-21 05:51:00+00	8U4HDU	MUX-JED	FAIZ MUHAMMAD	2024-03-28 19:00:00+00	\N	PIA	75300.00	74086.00	IS	48	17	3
704	2024-03-21 05:51:00+00	8U4HDU	MUX-JED	FNU ROZY	2024-03-28 19:00:00+00	\N	PIA	75300.00	74086.00	IS	48	17	3
705	2024-03-21 05:51:00+00	8U4HDU	MUX-JED	AHMAD BAKHSH	2024-03-28 19:00:00+00	\N	PIA	75300.00	74086.00	IS	48	17	3
706	2024-03-22 05:51:00+00	613372287	MUX-SHJ-FRU	MUHAMMAD IMRAN	2024-03-23 19:00:00+00	\N	AIR ARABIA	101485.00	100556.00	IS	130	13	3
707	2024-03-22 05:51:00+00	2FMM69	MUX-JED-MUX	ABDUL QAYYUM	2024-04-17 19:00:00+00	2024-05-08 19:00:00+00	AIR SIAL	134319.00	132825.00	IS	124	10	3
708	2024-03-22 05:51:00+00	613371754	UET-SHJ	REHMATULLAH MUHAMMAD ALI	2024-04-02 19:00:00+00	\N	AIR ARABIA	43258.00	42658.00	IS	48	13	3
709	2024-03-22 05:51:00+00	613371754	UET-SHJ	MAZAR KHAN	2024-04-02 19:00:00+00	\N	AIR ARABIA	43258.00	42658.00	IS	48	13	3
710	2024-03-22 05:51:00+00	613371754	UET-SHJ	AHMED DIN	2024-04-02 19:00:00+00	\N	AIR ARABIA	43258.00	42658.00	IS	48	13	3
424	2024-03-14 09:18:00+00	5MDAGP	KHI-MCT	MUHUAMMAD ABDULLAH	2024-03-16 19:00:00+00	\N	OV	62000.00	61298.85	IS	76	3	2
711	2024-03-23 07:48:00+00	APOVLD	MUX SHJ	SHAN E MUSTAFA MUREED HUSSAIN	2024-03-09 19:00:00+00	\N	PA	42150.00	40682.00	IS	5	21	2
712	2024-03-22 07:26:00+00	7BT15F	ELQ-DXB-KHI	MUHAMMAD IMRAN	2024-04-19 19:00:00+00	\N	FLY DUBAI	1500.00	700.00	VO	67	9	3
713	2024-03-23 07:26:00+00	QUOJO1	MUX-DXB-GIZ	ARSLAN ALI	2024-04-20 19:00:00+00	\N	FLY DUBAI	95050.00	94748.00	IS	53	9	3
714	2024-03-23 07:26:00+00	7BZNSQ	MUX-BAH-MAN	HAIDER ALI	2024-03-29 19:00:00+00	\N	GULF AIR	143239.00	141899.00	IS	58	25	3
715	2024-03-23 07:26:00+00	7BZNSQ	MUX-BAH-MAN	MANAHIL EMAN	2024-03-29 19:00:00+00	\N	GULF AIR	143239.00	141899.00	IS	58	25	3
716	2024-03-22 07:26:00+00	7BZVYL	JED-KHI	MUHAMMAD AZAM	2024-03-24 19:00:00+00	\N	PIA	1000.00	300.00	VO	53	25	3
717	2024-03-22 07:26:00+00	7BZVYL	JED-KHI	MUHAMMAD AZAM	2024-04-24 19:00:00+00	\N	PIA	1000.00	300.00	VO	53	25	3
718	2024-03-22 07:26:00+00	8U5DNG	JED-MUX	ABDUL RAHIM	2024-04-03 19:00:00+00	\N	PIA	90835.00	89924.00	IS	48	17	3
719	2024-03-22 07:26:00+00	7BYLFV	JED-BAH-KHI	SHAHZAD KHAN	2024-04-22 19:00:00+00	\N	GULF AIR	61910.00	60210.00	IS	48	25	3
720	2024-03-22 07:26:00+00	VKHETI	MUX-DXB	MUHAMMAD ZUBAIR	2024-03-28 19:00:00+00	\N	AIR BLUE	42720.00	42160.00	IS	56	11	3
721	2024-03-22 07:26:00+00	2FMTO8	MUX-JED	SALAMAT ALI	2024-04-23 19:00:00+00	\N	AIR SIAL	75000.00	74307.00	IS	53	10	3
722	2024-03-22 07:26:00+00	HFQDVM	MUX-SHJ	SYED RIZWAN HUSSAIN	2024-04-07 19:00:00+00	\N	AIR BLUE	38330.00	37914.00	IS	72	11	3
723	2024-03-22 07:26:00+00	ETKTFU	MUX-JED-MUX	MUHAMMAD IMTIAZ	2024-03-30 19:00:00+00	2024-04-18 19:00:00+00	AIR BLUE	130000.00	128219.00	IS	73	11	3
724	2024-03-20 09:35:00+00	AZBVV2	MUX BAH	MUHAMMAD NAEEM KHAN	2024-03-23 19:00:00+00	\N	FZ	72500.00	72191.00	IS	22	3	2
725	2024-03-22 07:26:00+00	ETKTFU	MUX-JED-MUX	ROMAISA	2024-03-30 19:00:00+00	2024-04-18 19:00:00+00	AIR BLUE	130000.00	128219.00	IS	73	11	3
726	2024-03-22 07:26:00+00	ETKTFU	MUX-JED-MUX	MAHAM SIDDIQUI	2024-03-30 19:00:00+00	2024-04-18 19:00:00+00	AIR BLUE	130000.00	128219.00	IS	73	11	3
727	2024-03-20 09:35:00+00	Z27E07	LYP DXB	MOHSIN RAZA	2024-03-27 19:00:00+00	\N	FZ	452421.00	43857.18	IS	37	3	2
728	2024-03-20 09:35:00+00	O50XEI	LYP DXB	MUHAMMAD IZHAR*3	2024-03-27 19:00:00+00	\N	FZ	130263.00	124650.00	IS	37	3	2
729	2024-03-22 07:26:00+00	ETKTFU	MUX-JED-MUX	MUHAMMAD ESA	2024-03-30 19:00:00+00	2024-04-18 19:00:00+00	AIR BLUE	18000.00	14375.00	IS	73	11	3
730	2024-03-22 07:26:00+00	ETKTFU	MUX-JED-MUX	MEERAB	2024-03-30 19:00:00+00	2024-04-18 19:00:00+00	AIR BLUE	115000.00	109146.00	IS	73	11	3
731	2024-03-20 09:35:00+00	27QJXA	MCT LHE	MUHAMMAD ASAD	2024-03-30 19:00:00+00	\N	PF	29580.00	29274.16	IS	22	3	2
732	2024-03-21 09:35:00+00	DPKGNR	ELQ KHI	MUHAMMAD ZAFAR	\N	\N	QR	1500.00	700.00	VO	37	3	2
733	2024-03-22 09:42:00+00	44TOR2	MUX DXB	Shabrat Iqbal	2024-04-10 19:00:00+00	\N	FZ	43350.00	43020.00	IS	14	5	2
735	2024-03-22 09:42:00+00	9D7AOU	DXB SKT	Muhammad Mustafa	2024-03-22 19:00:00+00	\N	FZ	41450.00	40861.00	IS	22	5	2
734	2024-03-21 09:35:00+00	7B7DVZ	RUH MUX	MUHAMMAD KHALID*2	\N	\N	SV	3000.00	1400.00	VO	21	3	2
736	2024-03-21 09:35:00+00	7BC3MN	JED MUX	MUHAMMAD ABUBAKAR*2	\N	\N	FZ	3000.00	1400.00	VO	17	3	2
737	2024-03-21 09:46:00+00	8U477F	MUX KHI	HAFIZ ABDUL RAUF*2	2024-03-24 19:00:00+00	\N	PK	40940.00	40408.00	IS	23	3	2
738	2024-03-22 09:42:00+00	8U599H	LHE KUL LHE	MUHAMMAD NAVEED	2024-03-30 19:00:00+00	\N	PK	161450.00	156750.00	IS	22	22	2
739	2024-03-21 09:46:00+00	7BDP7H	LUN MED LUN	ALI HAIDER Murtaza *2	2024-04-01 19:00:00+00	\N	QR	668560.00	666560.00	IS	22	3	2
740	2024-03-22 09:46:00+00	ZEHASY	MUX-JED-MUX	AHMAR SHAHZAD	2024-03-30 19:00:00+00	2024-04-18 19:00:00+00	AIR BLUE	135000.00	131777.00	IS	73	11	3
741	2024-03-22 09:42:00+00	2FN0NK	JED MUX	MUHAMMAD MUSHTAQ	2024-03-22 19:00:00+00	\N	PF	29400.00	29270.00	IS	37	8	2
742	2024-03-21 09:46:00+00	7B7KLV	MUX AUH	Muhammad Waqas	2024-04-21 19:00:00+00	\N	GF	70611.00	70311.00	IS	36	3	2
743	2024-03-23 09:42:00+00	OTTSVB	JED MUX	MUHAMMAD RASHID	\N	\N	SV	1500.00	700.00	VO	3	3	2
744	2024-03-22 09:46:00+00	ZEHASY	MUX-JED-MUX	SAIMA ALTAF	2024-03-30 19:00:00+00	2024-04-18 19:00:00+00	AIR BLUE	135000.00	131777.00	IS	73	11	3
746	2024-03-23 09:42:00+00	ORHRMD	JED MUX	ABID HUSSAIN	\N	\N	SV	1500.00	700.00	VO	3	3	2
747	2024-03-22 09:46:00+00	ZEHASY	MUX-JED-MUX	MAKIA	2024-03-30 19:00:00+00	2024-04-18 19:00:00+00	AIR BLUE	135000.00	131777.00	IS	73	11	3
748	2024-03-23 09:42:00+00	8U5DG2	DXB MUX	MUHAMMAD RASHID	\N	\N	PK	1000.00	300.00	VO	46	3	2
749	2024-03-21 09:46:00+00	8U4EM3	MUX MED	MUHAMMAD KHALID MUHAMMAD BASHIR	2024-04-22 19:00:00+00	\N	PK	81450.00	77580.00	IS	14	22	2
750	2024-03-23 09:42:00+00	8U5FAU	DXB ISB	GHULAM QADIR	\N	\N	PK	1000.00	300.00	VO	101	3	2
745	2024-03-21 09:46:00+00	8U49SP	JED MUX	MUHAMMAD ALI	\N	\N	PK	1000.00	200.00	VO	7	40	2
751	2024-03-21 09:58:00+00	8U4DMR	MUX MED	ASIF ALI	2024-03-28 19:00:00+00	\N	PK	83980.00	80389.00	IS	3	29	2
752	2024-03-21 09:58:00+00	8U40YA	RUH MUX	KHURRAM SHAHZAD	\N	\N	PK	1000.00	200.00	VO	11	40	2
753	2024-03-23 09:42:00+00	8U5FHK	JED MUX	FARWA KOUSAR / SEERAT FATIMA	2024-05-29 19:00:00+00	\N	PK	52000.00	51800.00	IS	22	22	2
754	2024-03-21 09:58:00+00	8U4FL5	DMM ISB	ASMA IMRAN*3	\N	\N	PK	3000.00	600.00	VO	44	40	2
755	2024-03-23 09:42:00+00	613383180	MUX SHJ MUX	ZOHAIB MASHKOOR AHMAD SUMRA	2024-03-25 19:00:00+00	\N	G9	117500.00	116039.00	IS	6	6	2
756	2024-03-23 09:42:00+00	8U5GY4	LHE KUL	AMIR SAJJAD	2024-03-30 19:00:00+00	\N	PK	85466.00	80768.00	IS	22	31	2
757	2024-03-21 09:58:00+00	L2YBCI	MUX DXB	Mr ZEESHAN AKBAR	2024-03-30 19:00:00+00	\N	FZ	44770.00	44464.00	IS	22	3	2
758	2024-03-22 09:59:00+00	GPEXLD	LHE-JED-LHE	MUHAMMAD IMRAN	2024-03-19 19:00:00+00	2024-03-28 19:00:00+00	AIR BLUE	-120677.00	-120677.00	RF	50	11	3
759	2024-03-23 09:42:00+00	2JKG1H	MUX JED	MUHAMMAD AKHTAR	2024-03-23 19:00:00+00	\N	PF	103000.00	102467.00	IS	37	8	2
760	2024-03-21 09:58:00+00	FUNAS6	LHE DXB	Mr ASFAND PERVAIZ	2024-04-04 19:00:00+00	\N	ER	37450.00	37057.92	IS	37	3	2
761	2024-03-23 09:42:00+00	2FMHXL	MUX JED	MUHAMMAD IRFAN	2024-03-23 19:00:00+00	\N	PF	84500.00	84131.00	IS	37	8	2
762	2024-03-21 09:58:00+00	G91F3W	DXB MUX	"Mr JAVED ASHRAF\t"	2024-04-09 19:00:00+00	\N	OV	53100.00	52816.00	IS	37	3	2
763	2024-03-21 09:58:00+00	BXRVRF	DXB LHE	MUHAMMAD RIZWAN	2024-03-27 19:00:00+00	\N	PA	37900.00	37375.65	IS	8	3	2
764	2024-03-21 09:58:00+00	2BOY68	MUX JED	KHALID RASHEED	2024-04-17 19:00:00+00	\N	PF	75000.00	74307.00	IS	21	8	2
765	2024-03-22 09:58:00+00	MLKPUY	RUH MUX	MR MUHAMMAD IMRAN*4	\N	\N	FZ	6000.00	2800.00	VO	46	3	2
766	2024-03-22 09:58:00+00	8U4QBU	JED MUX	"MR MUHAMMAD AKHTAR\t"	\N	\N	PK	800.00	300.00	VO	42	3	2
767	2024-03-22 09:58:00+00	EFIPXQ	AHB KHI	"MR AHMAD MUSTAFA\t"	\N	\N	FZ	1000.00	700.00	VO	8	3	2
768	2024-03-23 10:10:00+00	14924706	MUX-AUH	ABDUL MANAN MAQBOOL AHMAD	2024-04-05 19:00:00+00	\N	AIR ARABIA	45570.00	44968.00	IS	131	13	3
769	2024-03-22 09:58:00+00	7BHDDN	RUH MUX	MR MUHAMMAD MURSLEEN	\N	\N	FZ	1500.00	700.00	VO	6	3	2
770	2024-03-23 10:10:00+00	613391439	SHJ-MUX	RASHID ALI	2024-03-30 19:00:00+00	\N	AIR ARABIA	48725.00	48125.00	IS	48	13	3
771	2024-03-22 09:58:00+00	8U50G9	JED MUX	MR MUHAMMAD ALI	\N	\N	PK	1000.00	300.00	VO	7	3	2
772	2024-03-23 10:10:00+00	613391439	SHJ-MUX	QAISAR KHAN	2024-03-30 19:00:00+00	\N	AIR ARABIA	48725.00	48125.00	IS	48	13	3
773	2024-03-22 09:58:00+00	401290790	KHI ISB	Mrs NUSRAT KAMAL	2024-03-21 19:00:00+00	\N	9P	16700.00	16164.00	IS	16	3	2
774	2024-03-22 09:58:00+00	QVYQCB	ISB KHI	Mrs NUSRAT KAMAL	2024-03-23 19:00:00+00	\N	9P	14900.00	14379.00	IS	16	3	2
775	2024-03-22 09:58:00+00	Q8ZLQA	MUX DXB	MUHAMMAD ZIA SHAHID	2024-04-10 19:00:00+00	\N	FZ	44600.00	44303.00	IS	36	3	2
776	2024-03-22 09:58:00+00	8U597D	LHE KUL LHE	MUHAMMAD SUFYAN	2024-03-30 19:00:00+00	\N	PK	161450.00	160684.00	IS	22	3	2
777	2024-03-22 09:58:00+00	5DOTPF	MUX MED	WAHEED AHMAD	2024-04-01 19:00:00+00	\N	FZ	66500.00	65969.00	IS	60	3	2
778	2024-03-23 09:58:00+00	8U4RPN	MUX JED	SAEED AHMAD	2024-03-28 19:00:00+00	\N	PK	74400.00	70650.00	IS	76	22	2
779	2024-03-23 09:58:00+00	7C2VGC	MUX MED MUX	TARIQ SOHAIL *3	2024-04-17 19:00:00+00	\N	FZ	445850.00	441357.00	IS	7	3	2
780	2024-03-23 09:58:00+00	7C2YWH	MED KHI	MUNEER BULEDI *2	\N	\N	FZ	1400.00	2000.00	VO	16	3	2
783	2024-03-23 10:44:00+00	8U417U	ISB-MED-JED-KHI-ISB	HAMZAH RASHID AHMAD (IRFAN SHAHID)	2024-03-31 19:00:00+00	2024-04-05 19:00:00+00	PIA	125000.00	115332.00	IS	73	20	3
782	2024-03-23 10:44:00+00	8U39D5	ISB-MED-JED-KHI-ISB	RASHID AHMAD (IRFAN SHAHID)	2024-03-31 19:00:00+00	2024-04-05 19:00:00+00	PIA	150000.00	144173.00	IS	73	20	3
781	2024-03-23 10:44:00+00	8U39D5	ISB-MED-JED-KHI-ISB	SAIMA RASHID AHMAD (IRFAN SHAHID)	2024-03-31 19:00:00+00	2024-04-05 19:00:00+00	PIA	150000.00	144173.00	IS	73	20	3
784	2024-03-23 05:48:00+00	FRHFAI	MUX-JED	MUHAMMAD ISHFAQ	2024-04-14 19:00:00+00	\N	AIR BLUE	76799.00	76499.00	IS	86	25	3
786	2024-03-23 05:59:00+00	J1R9ML	HGA-DXB-SKT	GHULAM SHABBIR	2024-03-24 19:00:00+00	\N	FLY DUBAI	106580.00	106271.00	IS	82	9	3
672	2024-03-20 07:03:00+00	YVDJWG	JED-MUX	AKHTAR HUSSAIN	2024-03-20 19:00:00+00	\N	AIR BLUE	28690.00	28536.00	IS	75	11	3
787	2024-03-23 06:13:00+00	8U5MLP	MUX-MED	ASGHAR ALI	2024-04-28 19:00:00+00	\N	PIA	81292.00	80861.00	IS	58	17	3
788	2024-03-23 06:16:00+00	8U5REB	ISB-MED-DMM-ISB	FAZAL RAUF	2024-03-28 19:00:00+00	2024-05-05 19:00:00+00	PIA	136720.00	135853.00	IS	131	17	3
789	2024-03-23 06:16:00+00	8TMVD1	MUX-DXB-DOH	MUHAMMAD TAHIR MASOOD	2024-04-02 19:00:00+00	\N	FLY DUBAI	68070.00	67768.00	IS	50	9	3
785	2024-03-23 05:59:00+00	2JKSUC	MUX-JED	SAFOORAN KHATOON	2024-03-23 19:00:00+00	\N	AIR SIAL	102990.00	101805.00	IS	124	10	3
790	2024-03-23 07:56:00+00	8U43JD	JED-MUX	MUHAMMAD IMRAN	2024-03-25 19:00:00+00	\N	PIA	11000.00	301.00	IS	50	17	3
791	2024-03-22 10:42:00+00	8U5AQ3	MUX-JED-MUX	MUHAMMAD KHURRAM ABRAR	2024-03-28 19:00:00+00	2024-05-24 19:00:00+00	PIA	138777.00	137046.00	IS	73	17	3
792	2024-03-22 10:42:00+00	8SC2LE	DXB-KHI	ISHTIAQ AHMAD	2024-03-26 19:00:00+00	\N	PIA	5750.00	5210.00	RI	56	17	3
793	2024-03-23 10:42:00+00	MFZPQD	MUX-JED-MUX	MANZOOR AHMAD	2024-03-27 19:00:00+00	2024-04-24 19:00:00+00	AIR BLUE	245000.00	135343.00	IS	109	11	3
794	2024-03-23 10:42:00+00	MFZPQD	MUX-JED-MUX	FOUZIA GULL	2024-03-27 19:00:00+00	2024-04-24 19:00:00+00	AIR BLUE	245000.00	135343.00	IS	109	11	3
795	2024-03-23 10:42:00+00	VMUKWN	MUX-JED-MUX	ABEERA MANZOOR	2024-03-27 19:00:00+00	2024-04-24 19:00:00+00	AIR BLUE	245000.00	132284.00	IS	109	11	3
796	2024-03-23 10:42:00+00	VMUKWN	MUX-JED-MUX	HAJIRA NADEEM (CHILD)	2024-03-27 19:00:00+00	2024-04-24 19:00:00+00	AIR BLUE	177000.00	112194.00	IS	109	11	3
797	2024-03-23 11:11:00+00	BYWFCR	JED-MUX	MUHAMMAD SIDDIQ	2024-04-04 19:00:00+00	\N	AIR BLUE	37500.00	35051.00	RI	132	11	3
798	2024-03-24 11:11:00+00	27QHUQ	LHE-JED	SAFDAR ALI	2024-03-23 19:00:00+00	\N	AIR SIAL	-82000.00	-82500.00	RF	70	10	3
799	2024-03-24 11:11:00+00	FPTZOP	MUX-JED	MUHAMMAD IMRAN MALIK	2024-03-26 19:00:00+00	\N	AIR BLUE	92848.00	92409.00	IS	59	25	3
800	2024-03-24 11:11:00+00	IYPHBN	DXB-MUX	ATTA MUHAMMAD	2024-04-13 19:00:00+00	\N	AIR BLUE	32875.00	32575.00	IS	82	25	3
801	2024-03-23 11:11:00+00	7C3555	MUX-JED	MUHAMMAD RIZWAN AHMAD	2024-03-29 19:00:00+00	\N	SAUDI ARABIAN AIRLINES	83403.00	80663.00	IS	79	25	3
802	2024-03-23 11:11:00+00	DMHFZA	HGA-DXB-MUX	ABRAR SHAH TIPU	2024-03-24 19:00:00+00	\N	FLY DUBAI	122353.00	121853.00	IS	82	9	3
803	2024-03-23 11:11:00+00	SDTWN4	MUX-MCT	ALLAH BAKHSH	2024-04-01 19:00:00+00	\N	SALAM AIR	50495.00	49928.00	IS	72	12	3
804	2024-03-25 05:35:00+00	8U6Z72	MUX-JED	MUHAMMAD IDREES	2024-04-20 19:00:00+00	\N	PIA	74481.00	73852.00	IS	48	17	3
805	2024-03-25 05:35:00+00	4C8EOD	MUX-DXB	MUHAMMAD BILAL	2024-04-10 19:00:00+00	\N	FLY DUBAI	46350.00	46050.00	IS	50	9	3
806	2024-03-25 05:35:00+00	RL4AME	DXB-LHE	MUHAMMAD ADEEL	2024-03-31 19:00:00+00	\N	SERENE AIR	39826.00	39335.00	IS	70	25	3
807	2024-03-24 05:35:00+00	YRICWT	JED-MUX	BASHIR AHMAD	2024-03-24 19:00:00+00	\N	AIR BLUE	24662.00	24628.00	IS	53	25	3
808	2024-03-24 05:35:00+00	YRICWT	JED-MUX	SALEEM AKHTAR	2024-03-24 19:00:00+00	\N	AIR BLUE	24662.00	24628.00	IS	53	25	3
809	2024-03-24 05:35:00+00	WZSQ0P	HGA-DXB-LYP	ABID HUSSAIN	2024-03-24 19:00:00+00	\N	FLY DUBAI	118950.00	118610.00	IS	82	9	3
810	2024-03-24 05:35:00+00	7C8XT2	JED-MUX	MUHAMMAD MUKHTIAR	2024-04-24 19:00:00+00	\N	PIA	1000.00	300.00	VO	50	25	3
811	2024-03-24 05:35:00+00	7C7K62	JED-MUX	MUHAMMAD IRSHAD	2024-04-04 19:00:00+00	\N	PIA	1000.00	300.00	VO	86	25	3
812	2024-03-24 05:35:00+00	7C9Q7Z	DXB-MUX	MUHAMMAD AAMIR	2024-05-01 19:00:00+00	\N	FLY DUBAI	1200.00	700.00	VO	62	25	3
813	2024-03-24 05:57:00+00	7CB7GT	AHB-DMM-LHE	RUBAB SHABBIR	2024-03-26 19:00:00+00	\N	FLY NAS	61070.00	60022.00	IS	133	25	3
814	2024-03-24 05:57:00+00	8U6DHP	MUX-MED	MUHAMMAD IQBAL	2024-04-11 19:00:00+00	\N	PIA	70384.00	70111.00	IS	56	17	3
815	2024-03-25 05:57:00+00	8U6MGQ	JED-MUX	AYESHA SHABBIR	2024-04-22 19:00:00+00	\N	PIA	1000.00	300.00	VO	109	25	3
\.


--
-- Data for Name: ticket_visa; Type: TABLE DATA; Schema: public; Owner: avnadmin
--

COPY public.ticket_visa (id, riyal_price, pkr_price, sale, purchase, visa_type, duration, customer_id, supplier_id, user_id, created_at, riyal_rate) FROM stdin;
\.


--
-- Name: auth_group_id_seq; Type: SEQUENCE SET; Schema: public; Owner: avnadmin
--

SELECT pg_catalog.setval('public.auth_group_id_seq', 1, false);


--
-- Name: auth_group_permissions_id_seq; Type: SEQUENCE SET; Schema: public; Owner: avnadmin
--

SELECT pg_catalog.setval('public.auth_group_permissions_id_seq', 1, false);


--
-- Name: auth_permission_id_seq; Type: SEQUENCE SET; Schema: public; Owner: avnadmin
--

SELECT pg_catalog.setval('public.auth_permission_id_seq', 72, true);


--
-- Name: auth_user_groups_id_seq; Type: SEQUENCE SET; Schema: public; Owner: avnadmin
--

SELECT pg_catalog.setval('public.auth_user_groups_id_seq', 1, false);


--
-- Name: auth_user_id_seq; Type: SEQUENCE SET; Schema: public; Owner: avnadmin
--

SELECT pg_catalog.setval('public.auth_user_id_seq', 3, true);


--
-- Name: auth_user_user_permissions_id_seq; Type: SEQUENCE SET; Schema: public; Owner: avnadmin
--

SELECT pg_catalog.setval('public.auth_user_user_permissions_id_seq', 1, false);


--
-- Name: django_admin_log_id_seq; Type: SEQUENCE SET; Schema: public; Owner: avnadmin
--

SELECT pg_catalog.setval('public.django_admin_log_id_seq', 64, true);


--
-- Name: django_content_type_id_seq; Type: SEQUENCE SET; Schema: public; Owner: avnadmin
--

SELECT pg_catalog.setval('public.django_content_type_id_seq', 17, true);


--
-- Name: django_migrations_id_seq; Type: SEQUENCE SET; Schema: public; Owner: avnadmin
--

SELECT pg_catalog.setval('public.django_migrations_id_seq', 57, true);


--
-- Name: ticket_customer_id_seq; Type: SEQUENCE SET; Schema: public; Owner: avnadmin
--

SELECT pg_catalog.setval('public.ticket_customer_id_seq', 134, true);


--
-- Name: ticket_hotel_id_seq; Type: SEQUENCE SET; Schema: public; Owner: avnadmin
--

SELECT pg_catalog.setval('public.ticket_hotel_id_seq', 32, true);


--
-- Name: ticket_ledger_id_seq; Type: SEQUENCE SET; Schema: public; Owner: avnadmin
--

SELECT pg_catalog.setval('public.ticket_ledger_id_seq', 203, true);


--
-- Name: ticket_rialprice_id_seq; Type: SEQUENCE SET; Schema: public; Owner: avnadmin
--

SELECT pg_catalog.setval('public.ticket_rialprice_id_seq', 3, true);


--
-- Name: ticket_room_id_seq; Type: SEQUENCE SET; Schema: public; Owner: avnadmin
--

SELECT pg_catalog.setval('public.ticket_room_id_seq', 19, true);


--
-- Name: ticket_room_price_id_seq; Type: SEQUENCE SET; Schema: public; Owner: avnadmin
--

SELECT pg_catalog.setval('public.ticket_room_price_id_seq', 10, true);


--
-- Name: ticket_supplier_id_seq; Type: SEQUENCE SET; Schema: public; Owner: avnadmin
--

SELECT pg_catalog.setval('public.ticket_supplier_id_seq', 40, true);


--
-- Name: ticket_ticket_id_seq; Type: SEQUENCE SET; Schema: public; Owner: avnadmin
--

SELECT pg_catalog.setval('public.ticket_ticket_id_seq', 815, true);


--
-- Name: ticket_visa_id_seq; Type: SEQUENCE SET; Schema: public; Owner: avnadmin
--

SELECT pg_catalog.setval('public.ticket_visa_id_seq', 5, true);


--
-- Name: auth_group auth_group_name_key; Type: CONSTRAINT; Schema: public; Owner: avnadmin
--

ALTER TABLE ONLY public.auth_group
    ADD CONSTRAINT auth_group_name_key UNIQUE (name);


--
-- Name: auth_group_permissions auth_group_permissions_group_id_permission_id_0cd325b0_uniq; Type: CONSTRAINT; Schema: public; Owner: avnadmin
--

ALTER TABLE ONLY public.auth_group_permissions
    ADD CONSTRAINT auth_group_permissions_group_id_permission_id_0cd325b0_uniq UNIQUE (group_id, permission_id);


--
-- Name: auth_group_permissions auth_group_permissions_pkey; Type: CONSTRAINT; Schema: public; Owner: avnadmin
--

ALTER TABLE ONLY public.auth_group_permissions
    ADD CONSTRAINT auth_group_permissions_pkey PRIMARY KEY (id);


--
-- Name: auth_group auth_group_pkey; Type: CONSTRAINT; Schema: public; Owner: avnadmin
--

ALTER TABLE ONLY public.auth_group
    ADD CONSTRAINT auth_group_pkey PRIMARY KEY (id);


--
-- Name: auth_permission auth_permission_content_type_id_codename_01ab375a_uniq; Type: CONSTRAINT; Schema: public; Owner: avnadmin
--

ALTER TABLE ONLY public.auth_permission
    ADD CONSTRAINT auth_permission_content_type_id_codename_01ab375a_uniq UNIQUE (content_type_id, codename);


--
-- Name: auth_permission auth_permission_pkey; Type: CONSTRAINT; Schema: public; Owner: avnadmin
--

ALTER TABLE ONLY public.auth_permission
    ADD CONSTRAINT auth_permission_pkey PRIMARY KEY (id);


--
-- Name: auth_user_groups auth_user_groups_pkey; Type: CONSTRAINT; Schema: public; Owner: avnadmin
--

ALTER TABLE ONLY public.auth_user_groups
    ADD CONSTRAINT auth_user_groups_pkey PRIMARY KEY (id);


--
-- Name: auth_user_groups auth_user_groups_user_id_group_id_94350c0c_uniq; Type: CONSTRAINT; Schema: public; Owner: avnadmin
--

ALTER TABLE ONLY public.auth_user_groups
    ADD CONSTRAINT auth_user_groups_user_id_group_id_94350c0c_uniq UNIQUE (user_id, group_id);


--
-- Name: auth_user auth_user_pkey; Type: CONSTRAINT; Schema: public; Owner: avnadmin
--

ALTER TABLE ONLY public.auth_user
    ADD CONSTRAINT auth_user_pkey PRIMARY KEY (id);


--
-- Name: auth_user_user_permissions auth_user_user_permissions_pkey; Type: CONSTRAINT; Schema: public; Owner: avnadmin
--

ALTER TABLE ONLY public.auth_user_user_permissions
    ADD CONSTRAINT auth_user_user_permissions_pkey PRIMARY KEY (id);


--
-- Name: auth_user_user_permissions auth_user_user_permissions_user_id_permission_id_14a6b632_uniq; Type: CONSTRAINT; Schema: public; Owner: avnadmin
--

ALTER TABLE ONLY public.auth_user_user_permissions
    ADD CONSTRAINT auth_user_user_permissions_user_id_permission_id_14a6b632_uniq UNIQUE (user_id, permission_id);


--
-- Name: auth_user auth_user_username_key; Type: CONSTRAINT; Schema: public; Owner: avnadmin
--

ALTER TABLE ONLY public.auth_user
    ADD CONSTRAINT auth_user_username_key UNIQUE (username);


--
-- Name: django_admin_log django_admin_log_pkey; Type: CONSTRAINT; Schema: public; Owner: avnadmin
--

ALTER TABLE ONLY public.django_admin_log
    ADD CONSTRAINT django_admin_log_pkey PRIMARY KEY (id);


--
-- Name: django_content_type django_content_type_app_label_model_76bd3d3b_uniq; Type: CONSTRAINT; Schema: public; Owner: avnadmin
--

ALTER TABLE ONLY public.django_content_type
    ADD CONSTRAINT django_content_type_app_label_model_76bd3d3b_uniq UNIQUE (app_label, model);


--
-- Name: django_content_type django_content_type_pkey; Type: CONSTRAINT; Schema: public; Owner: avnadmin
--

ALTER TABLE ONLY public.django_content_type
    ADD CONSTRAINT django_content_type_pkey PRIMARY KEY (id);


--
-- Name: django_migrations django_migrations_pkey; Type: CONSTRAINT; Schema: public; Owner: avnadmin
--

ALTER TABLE ONLY public.django_migrations
    ADD CONSTRAINT django_migrations_pkey PRIMARY KEY (id);


--
-- Name: django_session django_session_pkey; Type: CONSTRAINT; Schema: public; Owner: avnadmin
--

ALTER TABLE ONLY public.django_session
    ADD CONSTRAINT django_session_pkey PRIMARY KEY (session_key);


--
-- Name: ticket_customer ticket_customer_pkey; Type: CONSTRAINT; Schema: public; Owner: avnadmin
--

ALTER TABLE ONLY public.ticket_customer
    ADD CONSTRAINT ticket_customer_pkey PRIMARY KEY (id);


--
-- Name: ticket_hotel ticket_hotel_pkey; Type: CONSTRAINT; Schema: public; Owner: avnadmin
--

ALTER TABLE ONLY public.ticket_hotel
    ADD CONSTRAINT ticket_hotel_pkey PRIMARY KEY (id);


--
-- Name: ticket_ledger ticket_ledger_pkey; Type: CONSTRAINT; Schema: public; Owner: avnadmin
--

ALTER TABLE ONLY public.ticket_ledger
    ADD CONSTRAINT ticket_ledger_pkey PRIMARY KEY (id);


--
-- Name: ticket_riyalprice ticket_rialprice_pkey; Type: CONSTRAINT; Schema: public; Owner: avnadmin
--

ALTER TABLE ONLY public.ticket_riyalprice
    ADD CONSTRAINT ticket_rialprice_pkey PRIMARY KEY (id);


--
-- Name: ticket_room ticket_room_pkey; Type: CONSTRAINT; Schema: public; Owner: avnadmin
--

ALTER TABLE ONLY public.ticket_room
    ADD CONSTRAINT ticket_room_pkey PRIMARY KEY (id);


--
-- Name: ticket_room_price ticket_room_price_pkey; Type: CONSTRAINT; Schema: public; Owner: avnadmin
--

ALTER TABLE ONLY public.ticket_room_price
    ADD CONSTRAINT ticket_room_price_pkey PRIMARY KEY (id);


--
-- Name: ticket_supplier ticket_supplier_pkey; Type: CONSTRAINT; Schema: public; Owner: avnadmin
--

ALTER TABLE ONLY public.ticket_supplier
    ADD CONSTRAINT ticket_supplier_pkey PRIMARY KEY (id);


--
-- Name: ticket_ticket ticket_ticket_pkey; Type: CONSTRAINT; Schema: public; Owner: avnadmin
--

ALTER TABLE ONLY public.ticket_ticket
    ADD CONSTRAINT ticket_ticket_pkey PRIMARY KEY (id);


--
-- Name: ticket_visa ticket_visa_pkey; Type: CONSTRAINT; Schema: public; Owner: avnadmin
--

ALTER TABLE ONLY public.ticket_visa
    ADD CONSTRAINT ticket_visa_pkey PRIMARY KEY (id);


--
-- Name: auth_group_name_a6ea08ec_like; Type: INDEX; Schema: public; Owner: avnadmin
--

CREATE INDEX auth_group_name_a6ea08ec_like ON public.auth_group USING btree (name varchar_pattern_ops);


--
-- Name: auth_group_permissions_group_id_b120cbf9; Type: INDEX; Schema: public; Owner: avnadmin
--

CREATE INDEX auth_group_permissions_group_id_b120cbf9 ON public.auth_group_permissions USING btree (group_id);


--
-- Name: auth_group_permissions_permission_id_84c5c92e; Type: INDEX; Schema: public; Owner: avnadmin
--

CREATE INDEX auth_group_permissions_permission_id_84c5c92e ON public.auth_group_permissions USING btree (permission_id);


--
-- Name: auth_permission_content_type_id_2f476e4b; Type: INDEX; Schema: public; Owner: avnadmin
--

CREATE INDEX auth_permission_content_type_id_2f476e4b ON public.auth_permission USING btree (content_type_id);


--
-- Name: auth_user_groups_group_id_97559544; Type: INDEX; Schema: public; Owner: avnadmin
--

CREATE INDEX auth_user_groups_group_id_97559544 ON public.auth_user_groups USING btree (group_id);


--
-- Name: auth_user_groups_user_id_6a12ed8b; Type: INDEX; Schema: public; Owner: avnadmin
--

CREATE INDEX auth_user_groups_user_id_6a12ed8b ON public.auth_user_groups USING btree (user_id);


--
-- Name: auth_user_user_permissions_permission_id_1fbb5f2c; Type: INDEX; Schema: public; Owner: avnadmin
--

CREATE INDEX auth_user_user_permissions_permission_id_1fbb5f2c ON public.auth_user_user_permissions USING btree (permission_id);


--
-- Name: auth_user_user_permissions_user_id_a95ead1b; Type: INDEX; Schema: public; Owner: avnadmin
--

CREATE INDEX auth_user_user_permissions_user_id_a95ead1b ON public.auth_user_user_permissions USING btree (user_id);


--
-- Name: auth_user_username_6821ab7c_like; Type: INDEX; Schema: public; Owner: avnadmin
--

CREATE INDEX auth_user_username_6821ab7c_like ON public.auth_user USING btree (username varchar_pattern_ops);


--
-- Name: django_admin_log_content_type_id_c4bce8eb; Type: INDEX; Schema: public; Owner: avnadmin
--

CREATE INDEX django_admin_log_content_type_id_c4bce8eb ON public.django_admin_log USING btree (content_type_id);


--
-- Name: django_admin_log_user_id_c564eba6; Type: INDEX; Schema: public; Owner: avnadmin
--

CREATE INDEX django_admin_log_user_id_c564eba6 ON public.django_admin_log USING btree (user_id);


--
-- Name: django_session_expire_date_a5c62663; Type: INDEX; Schema: public; Owner: avnadmin
--

CREATE INDEX django_session_expire_date_a5c62663 ON public.django_session USING btree (expire_date);


--
-- Name: django_session_session_key_c0390e0f_like; Type: INDEX; Schema: public; Owner: avnadmin
--

CREATE INDEX django_session_session_key_c0390e0f_like ON public.django_session USING btree (session_key varchar_pattern_ops);


--
-- Name: ticket_customer_user_id_7de3f7bb; Type: INDEX; Schema: public; Owner: avnadmin
--

CREATE INDEX ticket_customer_user_id_7de3f7bb ON public.ticket_customer USING btree (user_id);


--
-- Name: ticket_hotel_user_id_e7572cf5; Type: INDEX; Schema: public; Owner: avnadmin
--

CREATE INDEX ticket_hotel_user_id_e7572cf5 ON public.ticket_hotel USING btree (user_id);


--
-- Name: ticket_ledger_customer_id_31045dcb; Type: INDEX; Schema: public; Owner: avnadmin
--

CREATE INDEX ticket_ledger_customer_id_31045dcb ON public.ticket_ledger USING btree (customer_id);


--
-- Name: ticket_ledger_supplier_id_5335b12f; Type: INDEX; Schema: public; Owner: avnadmin
--

CREATE INDEX ticket_ledger_supplier_id_5335b12f ON public.ticket_ledger USING btree (supplier_id);


--
-- Name: ticket_ledger_user_id_3968cb49; Type: INDEX; Schema: public; Owner: avnadmin
--

CREATE INDEX ticket_ledger_user_id_3968cb49 ON public.ticket_ledger USING btree (user_id);


--
-- Name: ticket_rialprice_user_id_23e89e6a; Type: INDEX; Schema: public; Owner: avnadmin
--

CREATE INDEX ticket_rialprice_user_id_23e89e6a ON public.ticket_riyalprice USING btree (user_id);


--
-- Name: ticket_room_hotel_id_e4df8298; Type: INDEX; Schema: public; Owner: avnadmin
--

CREATE INDEX ticket_room_hotel_id_e4df8298 ON public.ticket_room USING btree (hotel_id);


--
-- Name: ticket_room_price_room_id_c73de8ea; Type: INDEX; Schema: public; Owner: avnadmin
--

CREATE INDEX ticket_room_price_room_id_c73de8ea ON public.ticket_room_price USING btree (room_id);


--
-- Name: ticket_room_price_user_id_0fbe1f53; Type: INDEX; Schema: public; Owner: avnadmin
--

CREATE INDEX ticket_room_price_user_id_0fbe1f53 ON public.ticket_room_price USING btree (user_id);


--
-- Name: ticket_supplier_user_id_d6983a7d; Type: INDEX; Schema: public; Owner: avnadmin
--

CREATE INDEX ticket_supplier_user_id_d6983a7d ON public.ticket_supplier USING btree (user_id);


--
-- Name: ticket_ticket_customer_id_107bda30; Type: INDEX; Schema: public; Owner: avnadmin
--

CREATE INDEX ticket_ticket_customer_id_107bda30 ON public.ticket_ticket USING btree (customer_id);


--
-- Name: ticket_ticket_supplier_id_31e3bfed; Type: INDEX; Schema: public; Owner: avnadmin
--

CREATE INDEX ticket_ticket_supplier_id_31e3bfed ON public.ticket_ticket USING btree (supplier_id);


--
-- Name: ticket_ticket_user_id_56669ba1; Type: INDEX; Schema: public; Owner: avnadmin
--

CREATE INDEX ticket_ticket_user_id_56669ba1 ON public.ticket_ticket USING btree (user_id);


--
-- Name: ticket_visa_customer_id_4fb1f168; Type: INDEX; Schema: public; Owner: avnadmin
--

CREATE INDEX ticket_visa_customer_id_4fb1f168 ON public.ticket_visa USING btree (customer_id);


--
-- Name: ticket_visa_supplier_id_3e888870; Type: INDEX; Schema: public; Owner: avnadmin
--

CREATE INDEX ticket_visa_supplier_id_3e888870 ON public.ticket_visa USING btree (supplier_id);


--
-- Name: ticket_visa_user_id_767036a0; Type: INDEX; Schema: public; Owner: avnadmin
--

CREATE INDEX ticket_visa_user_id_767036a0 ON public.ticket_visa USING btree (user_id);


--
-- Name: auth_group_permissions auth_group_permissio_permission_id_84c5c92e_fk_auth_perm; Type: FK CONSTRAINT; Schema: public; Owner: avnadmin
--

ALTER TABLE ONLY public.auth_group_permissions
    ADD CONSTRAINT auth_group_permissio_permission_id_84c5c92e_fk_auth_perm FOREIGN KEY (permission_id) REFERENCES public.auth_permission(id) DEFERRABLE INITIALLY DEFERRED;


--
-- Name: auth_group_permissions auth_group_permissions_group_id_b120cbf9_fk_auth_group_id; Type: FK CONSTRAINT; Schema: public; Owner: avnadmin
--

ALTER TABLE ONLY public.auth_group_permissions
    ADD CONSTRAINT auth_group_permissions_group_id_b120cbf9_fk_auth_group_id FOREIGN KEY (group_id) REFERENCES public.auth_group(id) DEFERRABLE INITIALLY DEFERRED;


--
-- Name: auth_permission auth_permission_content_type_id_2f476e4b_fk_django_co; Type: FK CONSTRAINT; Schema: public; Owner: avnadmin
--

ALTER TABLE ONLY public.auth_permission
    ADD CONSTRAINT auth_permission_content_type_id_2f476e4b_fk_django_co FOREIGN KEY (content_type_id) REFERENCES public.django_content_type(id) DEFERRABLE INITIALLY DEFERRED;


--
-- Name: auth_user_groups auth_user_groups_group_id_97559544_fk_auth_group_id; Type: FK CONSTRAINT; Schema: public; Owner: avnadmin
--

ALTER TABLE ONLY public.auth_user_groups
    ADD CONSTRAINT auth_user_groups_group_id_97559544_fk_auth_group_id FOREIGN KEY (group_id) REFERENCES public.auth_group(id) DEFERRABLE INITIALLY DEFERRED;


--
-- Name: auth_user_groups auth_user_groups_user_id_6a12ed8b_fk_auth_user_id; Type: FK CONSTRAINT; Schema: public; Owner: avnadmin
--

ALTER TABLE ONLY public.auth_user_groups
    ADD CONSTRAINT auth_user_groups_user_id_6a12ed8b_fk_auth_user_id FOREIGN KEY (user_id) REFERENCES public.auth_user(id) DEFERRABLE INITIALLY DEFERRED;


--
-- Name: auth_user_user_permissions auth_user_user_permi_permission_id_1fbb5f2c_fk_auth_perm; Type: FK CONSTRAINT; Schema: public; Owner: avnadmin
--

ALTER TABLE ONLY public.auth_user_user_permissions
    ADD CONSTRAINT auth_user_user_permi_permission_id_1fbb5f2c_fk_auth_perm FOREIGN KEY (permission_id) REFERENCES public.auth_permission(id) DEFERRABLE INITIALLY DEFERRED;


--
-- Name: auth_user_user_permissions auth_user_user_permissions_user_id_a95ead1b_fk_auth_user_id; Type: FK CONSTRAINT; Schema: public; Owner: avnadmin
--

ALTER TABLE ONLY public.auth_user_user_permissions
    ADD CONSTRAINT auth_user_user_permissions_user_id_a95ead1b_fk_auth_user_id FOREIGN KEY (user_id) REFERENCES public.auth_user(id) DEFERRABLE INITIALLY DEFERRED;


--
-- Name: django_admin_log django_admin_log_content_type_id_c4bce8eb_fk_django_co; Type: FK CONSTRAINT; Schema: public; Owner: avnadmin
--

ALTER TABLE ONLY public.django_admin_log
    ADD CONSTRAINT django_admin_log_content_type_id_c4bce8eb_fk_django_co FOREIGN KEY (content_type_id) REFERENCES public.django_content_type(id) DEFERRABLE INITIALLY DEFERRED;


--
-- Name: django_admin_log django_admin_log_user_id_c564eba6_fk_auth_user_id; Type: FK CONSTRAINT; Schema: public; Owner: avnadmin
--

ALTER TABLE ONLY public.django_admin_log
    ADD CONSTRAINT django_admin_log_user_id_c564eba6_fk_auth_user_id FOREIGN KEY (user_id) REFERENCES public.auth_user(id) DEFERRABLE INITIALLY DEFERRED;


--
-- Name: ticket_customer ticket_customer_user_id_7de3f7bb_fk_auth_user_id; Type: FK CONSTRAINT; Schema: public; Owner: avnadmin
--

ALTER TABLE ONLY public.ticket_customer
    ADD CONSTRAINT ticket_customer_user_id_7de3f7bb_fk_auth_user_id FOREIGN KEY (user_id) REFERENCES public.auth_user(id) DEFERRABLE INITIALLY DEFERRED;


--
-- Name: ticket_hotel ticket_hotel_user_id_e7572cf5_fk_auth_user_id; Type: FK CONSTRAINT; Schema: public; Owner: avnadmin
--

ALTER TABLE ONLY public.ticket_hotel
    ADD CONSTRAINT ticket_hotel_user_id_e7572cf5_fk_auth_user_id FOREIGN KEY (user_id) REFERENCES public.auth_user(id) DEFERRABLE INITIALLY DEFERRED;


--
-- Name: ticket_ledger ticket_ledger_customer_id_31045dcb_fk_ticket_customer_id; Type: FK CONSTRAINT; Schema: public; Owner: avnadmin
--

ALTER TABLE ONLY public.ticket_ledger
    ADD CONSTRAINT ticket_ledger_customer_id_31045dcb_fk_ticket_customer_id FOREIGN KEY (customer_id) REFERENCES public.ticket_customer(id) DEFERRABLE INITIALLY DEFERRED;


--
-- Name: ticket_ledger ticket_ledger_supplier_id_5335b12f_fk_ticket_supplier_id; Type: FK CONSTRAINT; Schema: public; Owner: avnadmin
--

ALTER TABLE ONLY public.ticket_ledger
    ADD CONSTRAINT ticket_ledger_supplier_id_5335b12f_fk_ticket_supplier_id FOREIGN KEY (supplier_id) REFERENCES public.ticket_supplier(id) DEFERRABLE INITIALLY DEFERRED;


--
-- Name: ticket_ledger ticket_ledger_user_id_3968cb49_fk_auth_user_id; Type: FK CONSTRAINT; Schema: public; Owner: avnadmin
--

ALTER TABLE ONLY public.ticket_ledger
    ADD CONSTRAINT ticket_ledger_user_id_3968cb49_fk_auth_user_id FOREIGN KEY (user_id) REFERENCES public.auth_user(id) DEFERRABLE INITIALLY DEFERRED;


--
-- Name: ticket_riyalprice ticket_rialprice_user_id_23e89e6a_fk_auth_user_id; Type: FK CONSTRAINT; Schema: public; Owner: avnadmin
--

ALTER TABLE ONLY public.ticket_riyalprice
    ADD CONSTRAINT ticket_rialprice_user_id_23e89e6a_fk_auth_user_id FOREIGN KEY (user_id) REFERENCES public.auth_user(id) DEFERRABLE INITIALLY DEFERRED;


--
-- Name: ticket_room ticket_room_hotel_id_e4df8298_fk_ticket_hotel_id; Type: FK CONSTRAINT; Schema: public; Owner: avnadmin
--

ALTER TABLE ONLY public.ticket_room
    ADD CONSTRAINT ticket_room_hotel_id_e4df8298_fk_ticket_hotel_id FOREIGN KEY (hotel_id) REFERENCES public.ticket_hotel(id) DEFERRABLE INITIALLY DEFERRED;


--
-- Name: ticket_room_price ticket_room_price_room_id_c73de8ea_fk_ticket_room_id; Type: FK CONSTRAINT; Schema: public; Owner: avnadmin
--

ALTER TABLE ONLY public.ticket_room_price
    ADD CONSTRAINT ticket_room_price_room_id_c73de8ea_fk_ticket_room_id FOREIGN KEY (room_id) REFERENCES public.ticket_room(id) DEFERRABLE INITIALLY DEFERRED;


--
-- Name: ticket_room_price ticket_room_price_user_id_0fbe1f53_fk_auth_user_id; Type: FK CONSTRAINT; Schema: public; Owner: avnadmin
--

ALTER TABLE ONLY public.ticket_room_price
    ADD CONSTRAINT ticket_room_price_user_id_0fbe1f53_fk_auth_user_id FOREIGN KEY (user_id) REFERENCES public.auth_user(id) DEFERRABLE INITIALLY DEFERRED;


--
-- Name: ticket_supplier ticket_supplier_user_id_d6983a7d_fk_auth_user_id; Type: FK CONSTRAINT; Schema: public; Owner: avnadmin
--

ALTER TABLE ONLY public.ticket_supplier
    ADD CONSTRAINT ticket_supplier_user_id_d6983a7d_fk_auth_user_id FOREIGN KEY (user_id) REFERENCES public.auth_user(id) DEFERRABLE INITIALLY DEFERRED;


--
-- Name: ticket_ticket ticket_ticket_customer_id_107bda30_fk_ticket_customer_id; Type: FK CONSTRAINT; Schema: public; Owner: avnadmin
--

ALTER TABLE ONLY public.ticket_ticket
    ADD CONSTRAINT ticket_ticket_customer_id_107bda30_fk_ticket_customer_id FOREIGN KEY (customer_id) REFERENCES public.ticket_customer(id) DEFERRABLE INITIALLY DEFERRED;


--
-- Name: ticket_ticket ticket_ticket_supplier_id_31e3bfed_fk_ticket_supplier_id; Type: FK CONSTRAINT; Schema: public; Owner: avnadmin
--

ALTER TABLE ONLY public.ticket_ticket
    ADD CONSTRAINT ticket_ticket_supplier_id_31e3bfed_fk_ticket_supplier_id FOREIGN KEY (supplier_id) REFERENCES public.ticket_supplier(id) DEFERRABLE INITIALLY DEFERRED;


--
-- Name: ticket_ticket ticket_ticket_user_id_56669ba1_fk_auth_user_id; Type: FK CONSTRAINT; Schema: public; Owner: avnadmin
--

ALTER TABLE ONLY public.ticket_ticket
    ADD CONSTRAINT ticket_ticket_user_id_56669ba1_fk_auth_user_id FOREIGN KEY (user_id) REFERENCES public.auth_user(id) DEFERRABLE INITIALLY DEFERRED;


--
-- Name: ticket_visa ticket_visa_customer_id_4fb1f168_fk_ticket_customer_id; Type: FK CONSTRAINT; Schema: public; Owner: avnadmin
--

ALTER TABLE ONLY public.ticket_visa
    ADD CONSTRAINT ticket_visa_customer_id_4fb1f168_fk_ticket_customer_id FOREIGN KEY (customer_id) REFERENCES public.ticket_customer(id) DEFERRABLE INITIALLY DEFERRED;


--
-- Name: ticket_visa ticket_visa_supplier_id_3e888870_fk_ticket_supplier_id; Type: FK CONSTRAINT; Schema: public; Owner: avnadmin
--

ALTER TABLE ONLY public.ticket_visa
    ADD CONSTRAINT ticket_visa_supplier_id_3e888870_fk_ticket_supplier_id FOREIGN KEY (supplier_id) REFERENCES public.ticket_supplier(id) DEFERRABLE INITIALLY DEFERRED;


--
-- Name: ticket_visa ticket_visa_user_id_767036a0_fk_auth_user_id; Type: FK CONSTRAINT; Schema: public; Owner: avnadmin
--

ALTER TABLE ONLY public.ticket_visa
    ADD CONSTRAINT ticket_visa_user_id_767036a0_fk_auth_user_id FOREIGN KEY (user_id) REFERENCES public.auth_user(id) DEFERRABLE INITIALLY DEFERRED;


--
-- PostgreSQL database dump complete
--

